{"region": "us-east-1", "operation": "GetRestApis", "service": "apigateway", "response": {"items": [{"apiKeySource": "HEADER", "createdDate": "2020-03-17T21:14:00+00:00", "endpointConfiguration": {"types": ["EDGE"]}, "id": "1t4th6tfme", "name": "migration-factory-test-user-api"}, {"apiKeySource": "HEADER", "createdDate": "2020-03-17T21:13:56+00:00", "endpointConfiguration": {"types": ["EDGE"]}, "id": "8pl7cj0s09", "name": "migration-factory-test-login-api"}, {"apiKeySource": "HEADER", "createdDate": "2020-03-17T21:14:00+00:00", "endpointConfiguration": {"types": ["EDGE"]}, "id": "8sqdxmdbw5", "name": "migration-factory-test-admin-api"}, {"apiKeySource": "HEADER", "createdDate": "2020-03-17T21:13:53+00:00", "endpointConfiguration": {"types": ["EDGE"]}, "id": "z9gydfczeg", "name": "migration-factory-test-tools-api"}], "ResponseMetadata": {"RetryAttempts": 0, "HTTPStatusCode": 200, "RequestId": "ad2c4597-4bd5-4e45-8e75-d0efbd442d3d", "HTTPHeaders": {"x-amzn-requestid": "ad2c4597-4bd5-4e45-8e75-d0efbd442d3d", "content-length": "814", "x-amz-apigw-id": "MyPZoLKxIAMEcsg=", "connection": "keep-alive", "date": "Tue, 19 May 2020 15:19:38 GMT", "content-type": "application/json"}}}}