{"region": "ap-southeast-1", "operation": "ListTrails", "service": "cloudtrail", "response": {"Trails": [{"TrailARN": "arn:aws:cloudtrail:us-east-1:043898046743:trail/AWS-Landing-Zone-BaselineCloudTrail", "Name": "AWS-Landing-Zone-BaselineCloudTrail", "HomeRegion": "us-east-1"}], "ResponseMetadata": {"RetryAttempts": 0, "HTTPStatusCode": 200, "RequestId": "6051e646-68f0-43fd-9fd4-0241879f3caa", "HTTPHeaders": {"x-amzn-requestid": "6051e646-68f0-43fd-9fd4-0241879f3caa", "date": "Tue, 19 May 2020 15:18:45 GMT", "content-length": "181", "content-type": "application/x-amz-json-1.1"}}}}