{"region": "eu-west-2", "operation": "ListTrails", "service": "cloudtrail", "response": {"Trails": [{"TrailARN": "arn:aws:cloudtrail:us-east-1:043898046743:trail/AWS-Landing-Zone-BaselineCloudTrail", "Name": "AWS-Landing-Zone-BaselineCloudTrail", "HomeRegion": "us-east-1"}], "ResponseMetadata": {"RetryAttempts": 0, "HTTPStatusCode": 200, "RequestId": "14f4860c-ed60-467e-8659-73e5e6a6bc8e", "HTTPHeaders": {"x-amzn-requestid": "14f4860c-ed60-467e-8659-73e5e6a6bc8e", "date": "Tue, 19 May 2020 15:18:20 GMT", "content-length": "181", "content-type": "application/x-amz-json-1.1"}}}}