{"region": "ap-northeast-2", "operation": "ListTrails", "service": "cloudtrail", "response": {"Trails": [{"TrailARN": "arn:aws:cloudtrail:us-east-1:043898046743:trail/AWS-Landing-Zone-BaselineCloudTrail", "Name": "AWS-Landing-Zone-BaselineCloudTrail", "HomeRegion": "us-east-1"}], "ResponseMetadata": {"RetryAttempts": 0, "HTTPStatusCode": 200, "RequestId": "2d0bf18d-a813-44d3-a16b-e76e61efb054", "HTTPHeaders": {"x-amzn-requestid": "2d0bf18d-a813-44d3-a16b-e76e61efb054", "date": "Tue, 19 May 2020 15:19:47 GMT", "content-length": "181", "content-type": "application/x-amz-json-1.1"}}}}