{"region": "eu-west-1", "operation": "ListStacks", "service": "cloudformation", "response": {"StackSummaries": [{"StackId": "arn:aws:cloudformation:eu-west-1:043898046743:stack/csf-prod-security-remediate-vpc-flow-log-enable/d02ea500-7ffe-11ea-955c-0ace5b4cd800", "DriftInformation": {"StackDriftStatus": "NOT_CHECKED"}, "TemplateDescription": "Remediation for VPC Flow Log Enable", "CreationTime": "2020-04-16T16:24:58.109000+00:00", "StackName": "csf-prod-security-remediate-vpc-flow-log-enable", "StackStatus": "CREATE_COMPLETE"}, {"StackId": "arn:aws:cloudformation:eu-west-1:043898046743:stack/csf-prod-security-remediate-iam-admin-policies/d0283c60-7ffe-11ea-8415-025fc999d9f6", "DriftInformation": {"StackDriftStatus": "NOT_CHECKED"}, "TemplateDescription": "Remediation for IAM Policies with Admin access", "CreationTime": "2020-04-16T16:24:58.091000+00:00", "StackName": "csf-prod-security-remediate-iam-admin-policies", "StackStatus": "CREATE_COMPLETE"}, {"StackId": "arn:aws:cloudformation:eu-west-1:043898046743:stack/csf-prod-security-remediate-iam-key-rotation/d02bbed0-7ffe-11ea-8c4b-0655dfaca74c", "DriftInformation": {"StackDriftStatus": "NOT_CHECKED"}, "TemplateDescription": "Remediation for Unused IAM Credentials", "CreationTime": "2020-04-16T16:24:58.081000+00:00", "StackName": "csf-prod-security-remediate-iam-key-rotation", "StackStatus": "CREATE_COMPLETE"}, {"StackId": "arn:aws:cloudformation:eu-west-1:043898046743:stack/csf-prod-security-remediate-security-group-ingress-rdp/d028d8a0-7ffe-11ea-b924-0ac92d082ee0", "DriftInformation": {"StackDriftStatus": "NOT_CHECKED"}, "TemplateDescription": "Remediation for RDP ingress open ports", "CreationTime": "2020-04-16T16:24:58.027000+00:00", "StackName": "csf-prod-security-remediate-security-group-ingress-rdp", "StackStatus": "CREATE_COMPLETE"}, {"StackId": "arn:aws:cloudformation:eu-west-1:043898046743:stack/csf-prod-security-remediate-iam-user-console-access-no-mfa/d013f110-7ffe-11ea-8817-02ee8e94a71a", "DriftInformation": {"StackDriftStatus": "NOT_CHECKED"}, "TemplateDescription": "Remediation for IAM Users with Console Access and NO MFA Enabled", "CreationTime": "2020-04-16T16:24:57.913000+00:00", "StackName": "csf-prod-security-remediate-iam-user-console-access-no-mfa", "StackStatus": "CREATE_COMPLETE"}, {"StackId": "arn:aws:cloudformation:eu-west-1:043898046743:stack/csf-prod-security-remediate-disabled-cloudtrail/d00c9e10-7ffe-11ea-bc32-02bc3c3f62ee", "DriftInformation": {"StackDriftStatus": "NOT_CHECKED"}, "TemplateDescription": "Remediation for Disabled Cloudtrails", "CreationTime": "2020-04-16T16:24:57.912000+00:00", "StackName": "csf-prod-security-remediate-disabled-cloudtrail", "StackStatus": "CREATE_COMPLETE"}, {"StackId": "arn:aws:cloudformation:eu-west-1:043898046743:stack/csf-prod-security-remediate-security-group-ingress-ssh/d0159ec0-7ffe-11ea-8fb5-02cedaf7133c", "DriftInformation": {"StackDriftStatus": "NOT_CHECKED"}, "TemplateDescription": "Remediation for SSH ingress open ports", "CreationTime": "2020-04-16T16:24:57.907000+00:00", "StackName": "csf-prod-security-remediate-security-group-ingress-ssh", "StackStatus": "CREATE_COMPLETE"}, {"StackId": "arn:aws:cloudformation:eu-west-1:043898046743:stack/csf-prod-security-remediate-password-policy/d00dd690-7ffe-11ea-b60c-06310ddbba8e", "DriftInformation": {"StackDriftStatus": "NOT_CHECKED"}, "TemplateDescription": "Remediation for Password Policy", "CreationTime": "2020-04-16T16:24:57.851000+00:00", "StackName": "csf-prod-security-remediate-password-policy", "StackStatus": "CREATE_COMPLETE"}, {"StackId": "arn:aws:cloudformation:eu-west-1:043898046743:stack/csf-prod-security-remediate-s3-bucket-server-side-encryption/d0091ba0-7ffe-11ea-9361-0a9bdcf5c20a", "DriftInformation": {"StackDriftStatus": "NOT_CHECKED"}, "TemplateDescription": "Remediation for S3 bucket SSE", "CreationTime": "2020-04-16T16:24:57.826000+00:00", "StackName": "csf-prod-security-remediate-s3-bucket-server-side-encryption", "StackStatus": "CREATE_COMPLETE"}, {"StackId": "arn:aws:cloudformation:eu-west-1:043898046743:stack/csf-prod-security-remediate-unvalidated-cloudtrail-logging/d006aaa0-7ffe-11ea-b6e3-02ac8ce49a7a", "DriftInformation": {"StackDriftStatus": "NOT_CHECKED"}, "TemplateDescription": "Remediation for unvalidated Cloudtrail logfiles", "CreationTime": "2020-04-16T16:24:57.813000+00:00", "StackName": "csf-prod-security-remediate-unvalidated-cloudtrail-logging", "StackStatus": "CREATE_COMPLETE"}, {"StackId": "arn:aws:cloudformation:eu-west-1:043898046743:stack/csf-prod-security-remediate-managed-policies-attached-to-users/cfedf280-7ffe-11ea-a252-0265d6cdeea8", "DriftInformation": {"StackDriftStatus": "NOT_CHECKED"}, "TemplateDescription": "Remediation for Managed Policies Attached to Users", "CreationTime": "2020-04-16T16:24:57.663000+00:00", "StackName": "csf-prod-security-remediate-managed-policies-attached-to-users", "StackStatus": "CREATE_COMPLETE"}, {"StackId": "arn:aws:cloudformation:eu-west-1:043898046743:stack/csf-prod-security-remediate-s3-bucket-read-write-public-access/cfec1dc0-7ffe-11ea-b66d-0ad4772b7a1e", "DriftInformation": {"StackDriftStatus": "NOT_CHECKED"}, "TemplateDescription": "Remediation for S3 Bucket Public Read Write Accesss", "CreationTime": "2020-04-16T16:24:57.639000+00:00", "StackName": "csf-prod-security-remediate-s3-bucket-read-write-public-access", "StackStatus": "CREATE_COMPLETE"}, {"StackId": "arn:aws:cloudformation:eu-west-1:043898046743:stack/csf-prod-security-remediate-unencrypted-cloudtrail/cfec6be0-7ffe-11ea-8add-0a7e2e210ed2", "DriftInformation": {"StackDriftStatus": "NOT_CHECKED"}, "TemplateDescription": "Remediation for Unencrypted Cloudtrail logfiles", "CreationTime": "2020-04-16T16:24:57.637000+00:00", "StackName": "csf-prod-security-remediate-unencrypted-cloudtrail", "StackStatus": "CREATE_COMPLETE"}, {"StackId": "arn:aws:cloudformation:eu-west-1:043898046743:stack/csf-prod-security-remediate-s3-bucket-access-logging/cfe95ea0-7ffe-11ea-976b-0a62b96e8314", "DriftInformation": {"StackDriftStatus": "NOT_CHECKED"}, "TemplateDescription": "Remediation S3 Bucket Access Log Enabling", "CreationTime": "2020-04-16T16:24:57.636000+00:00", "StackName": "csf-prod-security-remediate-s3-bucket-access-logging", "StackStatus": "CREATE_COMPLETE"}, {"StackId": "arn:aws:cloudformation:eu-west-1:043898046743:stack/csf-prod-security-remediate-s3-ssl-requests-only/cfe53ff0-7ffe-11ea-a23d-0a31ba4141ec", "DriftInformation": {"StackDriftStatus": "NOT_CHECKED"}, "TemplateDescription": "Remediation for S3 buckets requiring SSL only requests", "CreationTime": "2020-04-16T16:24:57.629000+00:00", "StackName": "csf-prod-security-remediate-s3-ssl-requests-only", "StackStatus": "CREATE_COMPLETE"}, {"StackId": "arn:aws:cloudformation:eu-west-1:043898046743:stack/csf-prod-security-remediate-vpc-default-security-group/cfe762d0-7ffe-11ea-9d89-0a535c7d72e8", "DriftInformation": {"StackDriftStatus": "NOT_CHECKED"}, "TemplateDescription": "Remediation for VPC default SG having any open ports", "CreationTime": "2020-04-16T16:24:57.609000+00:00", "StackName": "csf-prod-security-remediate-vpc-default-security-group", "StackStatus": "CREATE_COMPLETE"}, {"StackId": "arn:aws:cloudformation:eu-west-1:043898046743:stack/csf-prod-security-remediate-database-exposed-in-public-subnet/cfe42e80-7ffe-11ea-8c4b-0655dfaca74c", "DriftInformation": {"StackDriftStatus": "NOT_CHECKED"}, "TemplateDescription": "Remediation for Databases Exposed in Public Subnets", "CreationTime": "2020-04-16T16:24:57.587000+00:00", "StackName": "csf-prod-security-remediate-database-exposed-in-public-subnet", "StackStatus": "CREATE_COMPLETE"}, {"StackId": "arn:aws:cloudformation:eu-west-1:043898046743:stack/csf-prod-security-remediate-unused-iam-cred/cfd4c530-7ffe-11ea-a85e-06c001d97fde", "DriftInformation": {"StackDriftStatus": "NOT_CHECKED"}, "TemplateDescription": "Remediation for Unused IAM Credentials", "CreationTime": "2020-04-16T16:24:57.509000+00:00", "StackName": "csf-prod-security-remediate-unused-iam-cred", "StackStatus": "CREATE_COMPLETE"}, {"StackId": "arn:aws:cloudformation:eu-west-1:043898046743:stack/csf-prod-security-remediate-cloudtrail-without-log-group/cfa3ca20-7ffe-11ea-aa71-06d9f5737b32", "DriftInformation": {"StackDriftStatus": "NOT_CHECKED"}, "TemplateDescription": "Remediation for a Cloudtrail not bound to a Cloudwatch log group", "CreationTime": "2020-04-16T16:24:57.173000+00:00", "StackName": "csf-prod-security-remediate-cloudtrail-without-log-group", "StackStatus": "CREATE_COMPLETE"}, {"StackId": "arn:aws:cloudformation:eu-west-1:043898046743:stack/csf-prod-security-remediate-kms-custom-cmk-key-rotation/cf708520-7ffe-11ea-b4f6-06e621efe3ec", "DriftInformation": {"StackDriftStatus": "NOT_CHECKED"}, "TemplateDescription": "Remediation for KMS Key rotation being disabled", "CreationTime": "2020-04-16T16:24:56.904000+00:00", "StackName": "csf-prod-security-remediate-kms-custom-cmk-key-rotation", "StackStatus": "CREATE_COMPLETE"}, {"StackId": "arn:aws:cloudformation:eu-west-1:043898046743:stack/csf-prod-security-remediate-cloudtrail-without-organization/cf470420-7ffe-11ea-8fb5-02cedaf7133c", "DriftInformation": {"StackDriftStatus": "NOT_CHECKED"}, "TemplateDescription": "Remediation for a Cloudtrail not bound to the organization", "CreationTime": "2020-04-16T16:24:56.573000+00:00", "StackName": "csf-prod-security-remediate-cloudtrail-without-organization", "StackStatus": "CREATE_COMPLETE"}, {"StackId": "arn:aws:cloudformation:eu-west-1:043898046743:stack/csf-prod-security-custom-config-rules/a60cd120-7ffe-11ea-b470-0641c159a77a", "DriftInformation": {"StackDriftStatus": "NOT_CHECKED"}, "TemplateDescription": "AWS Config custom rules.", "CreationTime": "2020-04-16T16:23:47.394000+00:00", "StackName": "csf-prod-security-custom-config-rules", "StackStatus": "CREATE_COMPLETE"}, {"StackId": "arn:aws:cloudformation:eu-west-1:043898046743:stack/StackSet-LambdaEncryptedAmiCopy-b19aadfc-8eb8-4333-a2fd-98c6b3ff8c79/e6f19b40-7828-11ea-9309-0a7e2e210ed2", "DriftInformation": {"StackDriftStatus": "NOT_CHECKED"}, "TemplateDescription": "Creates lambda function to encrypt AMIs from Image Builder", "CreationTime": "2020-04-06T17:06:05.862000+00:00", "StackName": "StackSet-LambdaEncryptedAmiCopy-b19aadfc-8eb8-4333-a2fd-98c6b3ff8c79", "StackStatus": "CREATE_COMPLETE"}, {"StackId": "arn:aws:cloudformation:eu-west-1:043898046743:stack/StackSet-AWS-Landing-Zone-Baseline-CloudWatchRules-13cd50a2-2a9c-4153-9535-56330a91b391/397aa710-709c-11ea-9fd9-0655dfaca74c", "StackName": "StackSet-AWS-Landing-Zone-Baseline-CloudWatchRules-13cd50a2-2a9c-4153-9535-56330a91b391", "CreationTime": "2020-03-28T02:31:27.141000+00:00", "StackStatus": "CREATE_COMPLETE", "DriftInformation": {"StackDriftStatus": "NOT_CHECKED"}}, {"StackId": "arn:aws:cloudformation:eu-west-1:043898046743:stack/StackSet-Compliance-as-code-149d2954-1bb7-4daa-ae38-2d1db03dca22/c449f5e0-66fa-11ea-9543-0aac2484be2a", "LastUpdatedTime": "2020-03-18T20:48:05.683000+00:00", "TemplateDescription": "Initialize the Compliance-as-Code oversight in this Application Account", "CreationTime": "2020-03-15T20:23:01.127000+00:00", "StackName": "StackSet-Compliance-as-code-149d2954-1bb7-4daa-ae38-2d1db03dca22", "StackStatus": "UPDATE_COMPLETE", "DriftInformation": {"LastCheckTimestamp": "2020-04-09T03:10:01.173000+00:00", "StackDriftStatus": "IN_SYNC"}}, {"StackId": "arn:aws:cloudformation:eu-west-1:043898046743:stack/Compliance-Engine-Benchmark-DO-NOT-DELETE/5559f2f0-5f1d-11ea-9a06-0ac92d082ee0", "LastUpdatedTime": "2020-05-05T23:36:53.205000+00:00", "TemplateDescription": "AWS CloudFormation template to create custom AWS Config rules. You will be billed for the AWS resources used if you create a stack from this template.", "CreationTime": "2020-03-05T20:10:17.930000+00:00", "StackName": "Compliance-Engine-Benchmark-DO-NOT-DELETE", "StackStatus": "UPDATE_COMPLETE", "DriftInformation": {"StackDriftStatus": "NOT_CHECKED"}}, {"StackId": "arn:aws:cloudformation:eu-west-1:043898046743:stack/StackSet-AWS-Landing-Zone-Baseline-EnableConfigRules-c01a9db7-3d3c-4239-bd23-2d65216772f3/bec61690-3fa8-11ea-92ca-0aac2484be2a", "LastUpdatedTime": "2020-01-27T20:55:50.238000+00:00", "TemplateDescription": "Enables an AWS Landing Zone account baseline AWS Config rules.", "CreationTime": "2020-01-25T19:27:37.718000+00:00", "StackName": "StackSet-AWS-Landing-Zone-Baseline-EnableConfigRules-c01a9db7-3d3c-4239-bd23-2d65216772f3", "StackStatus": "UPDATE_COMPLETE", "DriftInformation": {"StackDriftStatus": "NOT_CHECKED"}}, {"StackId": "arn:aws:cloudformation:eu-west-1:043898046743:stack/StackSet-AWS-Landing-Zone-Baseline-EnableConfig-29f4f689-1189-4696-92b6-fb5324aae210/aacacd40-3fa6-11ea-b8b1-0ae0d664c880", "LastUpdatedTime": "2020-03-27T16:16:35.242000+00:00", "TemplateDescription": "Enable AWS Config,", "CreationTime": "2020-01-25T19:12:45.410000+00:00", "StackName": "StackSet-AWS-Landing-Zone-Baseline-EnableConfig-29f4f689-1189-4696-92b6-fb5324aae210", "StackStatus": "UPDATE_COMPLETE", "DriftInformation": {"StackDriftStatus": "NOT_CHECKED"}}], "ResponseMetadata": {"RetryAttempts": 0, "HTTPStatusCode": 200, "RequestId": "e22fb1ed-d5d7-489c-ba4f-21d6d989a967", "HTTPHeaders": {"x-amzn-requestid": "e22fb1ed-d5d7-489c-ba4f-21d6d989a967", "content-type": "text/xml", "content-length": "17944", "vary": "accept-encoding", "date": "Tue, 19 May 2020 15:18:21 GMT"}}}}