{"region": "ap-northeast-1", "operation": "ListTrails", "service": "cloudtrail", "response": {"Trails": [{"TrailARN": "arn:aws:cloudtrail:us-east-1:043898046743:trail/AWS-Landing-Zone-BaselineCloudTrail", "Name": "AWS-Landing-Zone-BaselineCloudTrail", "HomeRegion": "us-east-1"}], "ResponseMetadata": {"RetryAttempts": 0, "HTTPStatusCode": 200, "RequestId": "5ca941e9-2053-4261-bef4-6987e328d0e0", "HTTPHeaders": {"x-amzn-requestid": "5ca941e9-2053-4261-bef4-6987e328d0e0", "date": "Tue, 19 May 2020 15:19:50 GMT", "content-length": "181", "content-type": "application/x-amz-json-1.1"}}}}