{"region": "us-east-1", "operation": "DescribeTrails", "service": "cloudtrail", "response": {"trailList": [{"HasInsightSelectors": false, "IncludeGlobalServiceEvents": true, "IsOrganizationTrail": false, "Name": "AWS-Landing-Zone-BaselineCloudTrail", "S3KeyPrefix": "o-8baopjpjb4", "TrailARN": "arn:aws:cloudtrail:us-east-1:043898046743:trail/AWS-Landing-Zone-BaselineCloudTrail", "LogFileValidationEnabled": true, "SnsTopicARN": "arn:aws:sns:ap-northeast-1:478999156681:AWS-Landing-Zone-All-Config-Notifications", "IsMultiRegionTrail": true, "HasCustomEventSelectors": false, "S3BucketName": "aws-landing-zone-logs-031247562193-us-east-1", "CloudWatchLogsRoleArn": "arn:aws:iam::043898046743:role/StackSet-AWS-Landing-Zone-Baseli-TrailLogGroupRole-13OT9AXAK12VW", "KmsKeyId": "arn:aws:kms:us-east-1:478999156681:key/2410f307-a77d-4573-8b4e-b12be88a3420", "CloudWatchLogsLogGroupArn": "arn:aws:logs:us-east-1:043898046743:log-group:CloudTrail/Landing-Zone-Logs:*", "SnsTopicName": "arn:aws:sns:ap-northeast-1:478999156681:AWS-Landing-Zone-All-Config-Notifications", "HomeRegion": "us-east-1"}], "ResponseMetadata": {"RetryAttempts": 0, "HTTPStatusCode": 200, "RequestId": "2fdbeabf-bb0b-416f-b015-2f507c298ce1", "HTTPHeaders": {"x-amzn-requestid": "2fdbeabf-bb0b-416f-b015-2f507c298ce1", "date": "Tue, 19 May 2020 15:18:25 GMT", "content-length": "970", "content-type": "application/x-amz-json-1.1"}}}}