{"region": "ap-east-1", "operation": "ListStacks", "service": "cloudformation", "response": {"StackSummaries": [{"StackId": "arn:aws:cloudformation:ap-east-1:043898046743:stack/Security-Baseline-Enable-EBS-Encryption/0f1ef860-8fb2-11ea-9885-0ae9fd68c830", "DriftInformation": {"StackDriftStatus": "NOT_CHECKED"}, "TemplateDescription": "AWS CloudFormation template to enable EBS Encryption By Default Setting", "CreationTime": "2020-05-06T16:15:30.470000+00:00", "StackName": "Security-Baseline-Enable-EBS-Encryption", "StackStatus": "CREATE_COMPLETE"}, {"StackId": "arn:aws:cloudformation:ap-east-1:043898046743:stack/Compliance-Engine-Benchmark-DO-NOT-DELETE/f9f6acc0-8f2b-11ea-81f8-06ba26ca04d6", "DriftInformation": {"StackDriftStatus": "NOT_CHECKED"}, "TemplateDescription": "AWS CloudFormation template to create custom AWS Config rules. You will be billed for the AWS resources used if you create a stack from this template.", "CreationTime": "2020-05-05T23:56:02.903000+00:00", "StackName": "Compliance-Engine-Benchmark-DO-NOT-DELETE", "StackStatus": "CREATE_COMPLETE"}, {"StackId": "arn:aws:cloudformation:ap-east-1:043898046743:stack/Compliance-As-Code-Agent/f746eb80-8f2a-11ea-8fb8-0ed905abfa50", "DriftInformation": {"StackDriftStatus": "NOT_CHECKED"}, "TemplateDescription": "Initialize the Compliance-as-Code oversight in this Application Account", "CreationTime": "2020-05-05T23:48:48.929000+00:00", "StackName": "Compliance-As-Code-Agent", "StackStatus": "CREATE_COMPLETE"}, {"StackId": "arn:aws:cloudformation:ap-east-1:043898046743:stack/Security-Baseline-CloudWatch-Detective-Rules/409e3ce0-8a6a-11ea-aa11-06ba26ca04d6", "StackName": "Security-Baseline-CloudWatch-Detective-Rules", "CreationTime": "2020-04-29T22:39:14.404000+00:00", "StackStatus": "CREATE_COMPLETE", "DriftInformation": {"StackDriftStatus": "NOT_CHECKED"}}], "ResponseMetadata": {"RetryAttempts": 0, "HTTPStatusCode": 200, "RequestId": "b8e8b2dc-d4b3-469f-b97a-870201da9e76", "HTTPHeaders": {"x-amzn-requestid": "b8e8b2dc-d4b3-469f-b97a-870201da9e76", "content-type": "text/xml", "content-length": "2668", "vary": "accept-encoding", "date": "Tue, 19 May 2020 15:20:09 GMT"}}}}