{"region": "ap-east-1", "operation": "DescribeStacks", "service": "cloudformation", "response": {"Stacks": [{"StackId": "arn:aws:cloudformation:ap-east-1:043898046743:stack/Security-Baseline-Enable-EBS-Encryption/0f1ef860-8fb2-11ea-9885-0ae9fd68c830", "DriftInformation": {"StackDriftStatus": "NOT_CHECKED"}, "Description": "AWS CloudFormation template to enable EBS Encryption By Default Setting", "Tags": [], "Outputs": [{"Description": "The arn of the custom resource function.", "OutputKey": "CustomFunctionArn", "OutputValue": "arn:aws:lambda:ap-east-1:043898046743:function:Security-Baseline-Enable-EnableEBSEncryptionFunct-12VPW7NKLYEC1"}, {"Description": "The message from the custom resource.", "OutputKey": "Message", "OutputValue": "enableEbsEncryptionByDefault call succeeded. {\"EbsEncryptionByDefault\":true}"}], "CreationTime": "2020-05-06T16:15:30.470000+00:00", "Capabilities": ["CAPABILITY_NAMED_IAM"], "StackName": "Security-Baseline-Enable-EBS-Encryption", "NotificationARNs": [], "StackStatus": "CREATE_COMPLETE", "DisableRollback": false, "RollbackConfiguration": {}}, {"StackId": "arn:aws:cloudformation:ap-east-1:043898046743:stack/Compliance-Engine-Benchmark-DO-NOT-DELETE/f9f6acc0-8f2b-11ea-81f8-06ba26ca04d6", "DriftInformation": {"StackDriftStatus": "NOT_CHECKED"}, "Description": "AWS CloudFormation template to create custom AWS Config rules. You will be billed for the AWS resources used if you create a stack from this template.", "Parameters": [{"ParameterValue": "", "ParameterKey": "VPCSGOPENONLYTOAUTHORIZEDPORTSauthorizedUdpPorts"}, {"ParameterValue": "60", "ParameterKey": "AMIOUTDATEDCHECKNumberOfDays"}, {"ParameterValue": "", "ParameterKey": "ELBLOGGINGENABLEDs3BucketName"}, {"ParameterValue": "", "ParameterKey": "MULTIREGIONCLOUDTRAILENABLEDsnsTopicArn"}, {"ParameterValue": "", "ParameterKey": "MULTIREGIONCLOUDTRAILENABLEDcloudWatchLogsLogGroupArn"}, {"ParameterValue": "", "ParameterKey": "DBINSTANCEBACKUPENABLEDcheckReadReplicas"}, {"ParameterValue": "", "ParameterKey": "MULTIREGIONCLOUDTRAILENABLEDincludeManagementEvents"}, {"ParameterValue": "", "ParameterKey": "EC2VOLUMEINUSECHECKdeleteOnTermination"}, {"ParameterValue": "", "ParameterKey": "S3BUCKETVERSIONINGENABLEDisMfaDeleteEnabled"}, {"ParameterValue": "204870073141", "ParameterKey": "LambdaAccountId"}, {"ParameterValue": "", "ParameterKey": "EBSENCRYPTEDVOLUMESV2SubnetExceptionList"}, {"ParameterValue": "", "ParameterKey": "DBINSTANCEBACKUPENABLEDpreferredBackupWindow"}, {"ParameterValue": "", "ParameterKey": "AMIOUTDATEDCHECKWhitelistedInstances"}, {"ParameterValue": "", "ParameterKey": "ACMCERTIFICATEEXPIRATIONCHECKdaysToExpiration"}, {"ParameterValue": "", "ParameterKey": "MULTIREGIONCLOUDTRAILENABLEDs3BucketName"}, {"ParameterValue": "", "ParameterKey": "MULTIREGIONCLOUDTRAILENABLEDreadWriteType"}, {"ParameterValue": "443", "ParameterKey": "VPCSGOPENONLYTOAUTHORIZEDPORTSauthorizedTcpPorts"}, {"ParameterValue": "", "ParameterKey": "RDSSTORAGEENCRYPTEDkmsKeyId"}, {"ParameterValue": "", "ParameterKey": "EBSENCRYPTEDVOLUMESV2VolumeExceptionList"}, {"ParameterValue": "", "ParameterKey": "AMIOUTDATEDCHECKWhitelistedAmis"}, {"ParameterValue": "", "ParameterKey": "DBINSTANCEBACKUPENABLEDbackupRetentionPeriod"}, {"ParameterValue": "carrier.com", "ParameterKey": "SNSTOPICEMAILSUBINDOMAINSdomainNames"}], "Tags": [], "CreationTime": "2020-05-05T23:56:02.903000+00:00", "Capabilities": ["CAPABILITY_NAMED_IAM"], "StackName": "Compliance-Engine-Benchmark-DO-NOT-DELETE", "NotificationARNs": [], "StackStatus": "CREATE_COMPLETE", "DisableRollback": false, "RollbackConfiguration": {}}, {"StackId": "arn:aws:cloudformation:ap-east-1:043898046743:stack/Compliance-As-Code-Agent/f746eb80-8f2a-11ea-8fb8-0ed905abfa50", "DriftInformation": {"StackDriftStatus": "NOT_CHECKED"}, "Description": "Initialize the Compliance-as-Code oversight in this Application Account", "Parameters": [{"ParameterValue": "AWSConfigAndComplianceAuditRole-DO-NOT-DELET", "ParameterKey": "ConfigAndComplianceAuditRoleName"}, {"ParameterValue": "One_Hour", "ParameterKey": "RuleFrequency"}, {"ParameterValue": "false", "ParameterKey": "DeployAWSConfig"}, {"ParameterValue": "us-east-1", "ParameterKey": "MainRegion"}, {"ParameterValue": "default", "ParameterKey": "ForceDeploymentRoleInMainRegionOnly"}, {"ParameterValue": "COMPLIANCE_RULESET_LATEST_INSTALLED", "ParameterKey": "EngineComplianceRule"}, {"ParameterValue": "RDK-Rule-Function-COMPLIANCERULESETLATESTINSTALLED", "ParameterKey": "LambdaFunctionName"}, {"ParameterValue": "204870073141", "ParameterKey": "ComplianceAccountId"}, {"ParameterValue": "aws-landing-zone-logs-031247562193-us-east-1", "ParameterKey": "CentralizedS3BucketConfigFullName"}], "Tags": [], "CreationTime": "2020-05-05T23:48:48.929000+00:00", "Capabilities": ["CAPABILITY_NAMED_IAM"], "StackName": "Compliance-As-Code-Agent", "NotificationARNs": [], "StackStatus": "CREATE_COMPLETE", "DisableRollback": false, "RollbackConfiguration": {}}, {"StackId": "arn:aws:cloudformation:ap-east-1:043898046743:stack/Security-Baseline-CloudWatch-Detective-Rules/409e3ce0-8a6a-11ea-aa11-06ba26ca04d6", "DriftInformation": {"StackDriftStatus": "NOT_CHECKED"}, "Tags": [], "CreationTime": "2020-04-29T22:39:14.404000+00:00", "StackName": "Security-Baseline-CloudWatch-Detective-Rules", "NotificationARNs": [], "StackStatus": "CREATE_COMPLETE", "DisableRollback": false, "RollbackConfiguration": {}}], "ResponseMetadata": {"RetryAttempts": 0, "HTTPStatusCode": 200, "RequestId": "fb876b73-8c65-4916-9a23-d1aeb991c815", "HTTPHeaders": {"x-amzn-requestid": "fb876b73-8c65-4916-9a23-d1aeb991c815", "content-type": "text/xml", "content-length": "9081", "vary": "accept-encoding", "date": "Tue, 19 May 2020 15:18:46 GMT"}}}}