{"region": "eu-west-3", "operation": "ListTrails", "service": "cloudtrail", "response": {"Trails": [{"TrailARN": "arn:aws:cloudtrail:us-east-1:043898046743:trail/AWS-Landing-Zone-BaselineCloudTrail", "Name": "AWS-Landing-Zone-BaselineCloudTrail", "HomeRegion": "us-east-1"}], "ResponseMetadata": {"RetryAttempts": 0, "HTTPStatusCode": 200, "RequestId": "755c902c-f163-40ff-a4b1-aecf255184fc", "HTTPHeaders": {"x-amzn-requestid": "755c902c-f163-40ff-a4b1-aecf255184fc", "date": "Tue, 19 May 2020 15:19:47 GMT", "content-length": "181", "content-type": "application/x-amz-json-1.1"}}}}