{"region": "eu-north-1", "operation": "ListTrails", "service": "cloudtrail", "response": {"Trails": [{"TrailARN": "arn:aws:cloudtrail:us-east-1:043898046743:trail/AWS-Landing-Zone-BaselineCloudTrail", "Name": "AWS-Landing-Zone-BaselineCloudTrail", "HomeRegion": "us-east-1"}], "ResponseMetadata": {"RetryAttempts": 0, "HTTPStatusCode": 200, "RequestId": "dd0b62cd-fcde-4374-b8ce-fcef490ec040", "HTTPHeaders": {"x-amzn-requestid": "dd0b62cd-fcde-4374-b8ce-fcef490ec040", "date": "Tue, 19 May 2020 15:18:18 GMT", "content-length": "181", "content-type": "application/x-amz-json-1.1"}}}}