{"region": null, "operation": "ListDistributions", "service": "cloudfront", "response": {"DistributionList": {"Items": [{"Status": "Deployed", "CacheBehaviors": {"Quantity": 0}, "Restrictions": {"GeoRestriction": {"RestrictionType": "none", "Quantity": 0}}, "Origins": {"Items": [{"S3OriginConfig": {"OriginAccessIdentity": "origin-access-identity/cloudfront/E2OCX73J73JX08"}, "OriginPath": "", "CustomHeaders": {"Quantity": 0}, "Id": "S3-migration-factory-test-043898046743-front-end", "DomainName": "migration-factory-test-043898046743-front-end.s3.amazonaws.com"}], "Quantity": 1}, "DomainName": "d2yxct5ftfni3h.cloudfront.net", "WebACLId": "", "PriceClass": "PriceClass_100", "Enabled": true, "DefaultCacheBehavior": {"FieldLevelEncryptionId": "", "TrustedSigners": {"Enabled": false, "Quantity": 0}, "LambdaFunctionAssociations": {"Quantity": 0}, "TargetOriginId": "S3-migration-factory-test-043898046743-front-end", "ViewerProtocolPolicy": "redirect-to-https", "ForwardedValues": {"Headers": {"Quantity": 0}, "Cookies": {"Forward": "none"}, "QueryStringCacheKeys": {"Quantity": 0}, "QueryString": false}, "MaxTTL": 31536000, "SmoothStreaming": false, "DefaultTTL": 86400, "AllowedMethods": {"Items": ["HEAD", "DELETE", "POST", "GET", "OPTIONS", "PUT", "PATCH"], "CachedMethods": {"Items": ["HEAD", "GET"], "Quantity": 2}, "Quantity": 7}, "MinTTL": 0, "Compress": false}, "IsIPV6Enabled": true, "Comment": "", "HttpVersion": "HTTP2", "ViewerCertificate": {"CloudFrontDefaultCertificate": true, "MinimumProtocolVersion": "TLSv1", "CertificateSource": "cloudfront"}, "CustomErrorResponses": {"Items": [{"ErrorCode": 403, "ResponsePagePath": "/index.html", "ResponseCode": "200", "ErrorCachingMinTTL": 300}], "Quantity": 1}, "LastModifiedTime": "2020-03-17T21:14:29.645000+00:00", "OriginGroups": {"Quantity": 0}, "Id": "E3EN0ZJYDOPIT2", "ARN": "arn:aws:cloudfront::043898046743:distribution/E3EN0ZJYDOPIT2", "Aliases": {"Quantity": 0}}], "Distribution": [{"Status": "Deployed", "CacheBehaviors": {"Quantity": 0}, "Restrictions": {"GeoRestriction": {"RestrictionType": "none", "Quantity": 0}}, "Origins": {"Items": [{"S3OriginConfig": {"OriginAccessIdentity": "origin-access-identity/cloudfront/E2OCX73J73JX08"}, "OriginPath": "", "CustomHeaders": {"Quantity": 0}, "Id": "S3-migration-factory-test-043898046743-front-end", "DomainName": "migration-factory-test-043898046743-front-end.s3.amazonaws.com"}], "Quantity": 1}, "DomainName": "d2yxct5ftfni3h.cloudfront.net", "WebACLId": "", "PriceClass": "PriceClass_100", "Enabled": true, "DefaultCacheBehavior": {"FieldLevelEncryptionId": "", "TrustedSigners": {"Enabled": false, "Quantity": 0}, "LambdaFunctionAssociations": {"Quantity": 0}, "TargetOriginId": "S3-migration-factory-test-043898046743-front-end", "ViewerProtocolPolicy": "redirect-to-https", "ForwardedValues": {"Headers": {"Quantity": 0}, "Cookies": {"Forward": "none"}, "QueryStringCacheKeys": {"Quantity": 0}, "QueryString": false}, "MaxTTL": 31536000, "SmoothStreaming": false, "DefaultTTL": 86400, "AllowedMethods": {"Items": ["HEAD", "DELETE", "POST", "GET", "OPTIONS", "PUT", "PATCH"], "CachedMethods": {"Items": ["HEAD", "GET"], "Quantity": 2}, "Quantity": 7}, "MinTTL": 0, "Compress": false}, "IsIPV6Enabled": true, "Comment": "", "HttpVersion": "HTTP2", "ViewerCertificate": {"CloudFrontDefaultCertificate": true, "MinimumProtocolVersion": "TLSv1", "CertificateSource": "cloudfront"}, "CustomErrorResponses": {"Items": [{"ErrorCode": 403, "ResponsePagePath": "/index.html", "ResponseCode": "200", "ErrorCachingMinTTL": 300}], "Quantity": 1}, "LastModifiedTime": "2020-03-17T21:14:29.645000+00:00", "OriginGroups": {"Quantity": 0}, "Id": "E3EN0ZJYDOPIT2", "ARN": "arn:aws:cloudfront::043898046743:distribution/E3EN0ZJYDOPIT2", "Aliases": {"Quantity": 0}}]}, "ResponseMetadata": {"RetryAttempts": 0, "HTTPStatusCode": 200, "RequestId": "70e0d5f9-392c-47d2-9750-5ad15df9e37a", "HTTPHeaders": {"x-amzn-requestid": "70e0d5f9-392c-47d2-9750-5ad15df9e37a", "content-type": "text/xml", "content-length": "3008", "vary": "Accept-Encoding", "date": "Tue, 19 May 2020 15:19:36 GMT"}}}}