{"region": "us-east-1", "operation": "ListExports", "service": "cloudformation", "response": {"Exports": [{"ExportingStackId": "arn:aws:cloudformation:us-east-1:043898046743:stack/StackSet-root-1ffd7dad-3666-4790-9977-9f97d3e9c488/e0ec08a0-5804-11ea-966b-12301089d57f", "Value": "StackSet-root-1ffd7dad-3666-4790-9977-9f97d3e9c488-Detect", "Name": "StackSet-root-1ffd7dad-3666-4790-9977-9f97d3e9c488-RootAPIMonitorEventsRule"}], "ResponseMetadata": {"RetryAttempts": 0, "HTTPStatusCode": 200, "RequestId": "7526a724-ecaa-4805-b0cb-af6b454972ca", "HTTPHeaders": {"x-amzn-requestid": "7526a724-ecaa-4805-b0cb-af6b454972ca", "date": "Tue, 19 May 2020 15:18:49 GMT", "content-length": "680", "content-type": "text/xml"}}}}