{"region": "eu-west-1", "operation": "ListTrails", "service": "cloudtrail", "response": {"Trails": [{"TrailARN": "arn:aws:cloudtrail:us-east-1:043898046743:trail/AWS-Landing-Zone-BaselineCloudTrail", "Name": "AWS-Landing-Zone-BaselineCloudTrail", "HomeRegion": "us-east-1"}], "ResponseMetadata": {"RetryAttempts": 0, "HTTPStatusCode": 200, "RequestId": "e0ae612f-2652-4179-a682-5fbfb167c8a5", "HTTPHeaders": {"x-amzn-requestid": "e0ae612f-2652-4179-a682-5fbfb167c8a5", "date": "Tue, 19 May 2020 15:20:09 GMT", "content-length": "181", "content-type": "application/x-amz-json-1.1"}}}}