{"region": "ap-southeast-2", "operation": "ListStacks", "service": "cloudformation", "response": {"StackSummaries": [{"StackId": "arn:aws:cloudformation:ap-southeast-2:043898046743:stack/csf-prod-security-remediate-password-policy/e3cc6c60-7ffd-11ea-a97a-0ad2fa41fde2", "DriftInformation": {"StackDriftStatus": "NOT_CHECKED"}, "TemplateDescription": "Remediation for Password Policy", "CreationTime": "2020-04-16T16:18:21.519000+00:00", "StackName": "csf-prod-security-remediate-password-policy", "StackStatus": "CREATE_COMPLETE"}, {"StackId": "arn:aws:cloudformation:ap-southeast-2:043898046743:stack/csf-prod-security-remediate-unencrypted-cloudtrail/e3cd7dd0-7ffd-11ea-a78b-02667729fd96", "DriftInformation": {"StackDriftStatus": "NOT_CHECKED"}, "TemplateDescription": "Remediation for Unencrypted Cloudtrail logfiles", "CreationTime": "2020-04-16T16:18:21.516000+00:00", "StackName": "csf-prod-security-remediate-unencrypted-cloudtrail", "StackStatus": "CREATE_COMPLETE"}, {"StackId": "arn:aws:cloudformation:ap-southeast-2:043898046743:stack/csf-prod-security-remediate-s3-bucket-access-logging/e3c76350-7ffd-11ea-ae88-0a1551879166", "DriftInformation": {"StackDriftStatus": "NOT_CHECKED"}, "TemplateDescription": "Remediation S3 Bucket Access Log Enabling", "CreationTime": "2020-04-16T16:18:21.505000+00:00", "StackName": "csf-prod-security-remediate-s3-bucket-access-logging", "StackStatus": "CREATE_COMPLETE"}, {"StackId": "arn:aws:cloudformation:ap-southeast-2:043898046743:stack/csf-prod-security-remediate-security-group-ingress-rdp/e3ca97a0-7ffd-11ea-8ced-0223bf2782f0", "DriftInformation": {"StackDriftStatus": "NOT_CHECKED"}, "TemplateDescription": "Remediation for RDP ingress open ports", "CreationTime": "2020-04-16T16:18:21.482000+00:00", "StackName": "csf-prod-security-remediate-security-group-ingress-rdp", "StackStatus": "CREATE_COMPLETE"}, {"StackId": "arn:aws:cloudformation:ap-southeast-2:043898046743:stack/csf-prod-security-remediate-unvalidated-cloudtrail-logging/e3c8e9f0-7ffd-11ea-a763-0643e0359b60", "DriftInformation": {"StackDriftStatus": "NOT_CHECKED"}, "TemplateDescription": "Remediation for unvalidated Cloudtrail logfiles", "CreationTime": "2020-04-16T16:18:21.479000+00:00", "StackName": "csf-prod-security-remediate-unvalidated-cloudtrail-logging", "StackStatus": "CREATE_COMPLETE"}, {"StackId": "arn:aws:cloudformation:ap-southeast-2:043898046743:stack/csf-prod-security-remediate-unused-iam-cred/e3b5b010-7ffd-11ea-8b2c-06d3dbd93f7c", "DriftInformation": {"StackDriftStatus": "NOT_CHECKED"}, "TemplateDescription": "Remediation for Unused IAM Credentials", "CreationTime": "2020-04-16T16:18:21.375000+00:00", "StackName": "csf-prod-security-remediate-unused-iam-cred", "StackStatus": "CREATE_COMPLETE"}, {"StackId": "arn:aws:cloudformation:ap-southeast-2:043898046743:stack/csf-prod-security-remediate-database-exposed-in-public-subnet/e3a869a0-7ffd-11ea-b08f-02f7636bd36c", "DriftInformation": {"StackDriftStatus": "NOT_CHECKED"}, "TemplateDescription": "Remediation for Databases Exposed in Public Subnets", "CreationTime": "2020-04-16T16:18:21.326000+00:00", "StackName": "csf-prod-security-remediate-database-exposed-in-public-subnet", "StackStatus": "CREATE_COMPLETE"}, {"StackId": "arn:aws:cloudformation:ap-southeast-2:043898046743:stack/csf-prod-security-remediate-disabled-cloudtrail/e3adc0d0-7ffd-11ea-9906-0a2f9ebec938", "DriftInformation": {"StackDriftStatus": "NOT_CHECKED"}, "TemplateDescription": "Remediation for Disabled Cloudtrails", "CreationTime": "2020-04-16T16:18:21.320000+00:00", "StackName": "csf-prod-security-remediate-disabled-cloudtrail", "StackStatus": "CREATE_COMPLETE"}, {"StackId": "arn:aws:cloudformation:ap-southeast-2:043898046743:stack/csf-prod-security-remediate-vpc-default-security-group/e3a646c0-7ffd-11ea-9459-0a22482df5aa", "DriftInformation": {"StackDriftStatus": "NOT_CHECKED"}, "TemplateDescription": "Remediation for VPC default SG having any open ports", "CreationTime": "2020-04-16T16:18:21.284000+00:00", "StackName": "csf-prod-security-remediate-vpc-default-security-group", "StackStatus": "CREATE_COMPLETE"}, {"StackId": "arn:aws:cloudformation:ap-southeast-2:043898046743:stack/csf-prod-security-remediate-s3-bucket-server-side-encryption/e3a95400-7ffd-11ea-b721-06d8fa8d4244", "DriftInformation": {"StackDriftStatus": "NOT_CHECKED"}, "TemplateDescription": "Remediation for S3 bucket SSE", "CreationTime": "2020-04-16T16:18:21.283000+00:00", "StackName": "csf-prod-security-remediate-s3-bucket-server-side-encryption", "StackStatus": "CREATE_COMPLETE"}, {"StackId": "arn:aws:cloudformation:ap-southeast-2:043898046743:stack/csf-prod-security-remediate-s3-bucket-read-write-public-access/e3a7cd60-7ffd-11ea-a571-0a630e7b8d5e", "DriftInformation": {"StackDriftStatus": "NOT_CHECKED"}, "TemplateDescription": "Remediation for S3 Bucket Public Read Write Accesss", "CreationTime": "2020-04-16T16:18:21.283000+00:00", "StackName": "csf-prod-security-remediate-s3-bucket-read-write-public-access", "StackStatus": "CREATE_COMPLETE"}, {"StackId": "arn:aws:cloudformation:ap-southeast-2:043898046743:stack/csf-prod-security-remediate-managed-policies-attached-to-users/e3a6e300-7ffd-11ea-9921-0620fb4f1fdc", "DriftInformation": {"StackDriftStatus": "NOT_CHECKED"}, "TemplateDescription": "Remediation for Managed Policies Attached to Users", "CreationTime": "2020-04-16T16:18:21.282000+00:00", "StackName": "csf-prod-security-remediate-managed-policies-attached-to-users", "StackStatus": "CREATE_COMPLETE"}, {"StackId": "arn:aws:cloudformation:ap-southeast-2:043898046743:stack/csf-prod-security-remediate-security-group-ingress-ssh/e3a2eb60-7ffd-11ea-9fbc-0abc5d72d376", "DriftInformation": {"StackDriftStatus": "NOT_CHECKED"}, "TemplateDescription": "Remediation for SSH ingress open ports", "CreationTime": "2020-04-16T16:18:21.268000+00:00", "StackName": "csf-prod-security-remediate-security-group-ingress-ssh", "StackStatus": "CREATE_COMPLETE"}, {"StackId": "arn:aws:cloudformation:ap-southeast-2:043898046743:stack/csf-prod-security-remediate-vpc-flow-log-enable/e3a1b2e0-7ffd-11ea-a1f7-0288a772bdca", "DriftInformation": {"StackDriftStatus": "NOT_CHECKED"}, "TemplateDescription": "Remediation for VPC Flow Log Enable", "CreationTime": "2020-04-16T16:18:21.254000+00:00", "StackName": "csf-prod-security-remediate-vpc-flow-log-enable", "StackStatus": "CREATE_COMPLETE"}, {"StackId": "arn:aws:cloudformation:ap-southeast-2:043898046743:stack/csf-prod-security-remediate-s3-ssl-requests-only/e3a8b7c0-7ffd-11ea-a97a-0ad2fa41fde2", "DriftInformation": {"StackDriftStatus": "NOT_CHECKED"}, "TemplateDescription": "Remediation for S3 buckets requiring SSL only requests", "CreationTime": "2020-04-16T16:18:21.254000+00:00", "StackName": "csf-prod-security-remediate-s3-ssl-requests-only", "StackStatus": "CREATE_COMPLETE"}, {"StackId": "arn:aws:cloudformation:ap-southeast-2:043898046743:stack/csf-prod-security-remediate-iam-key-rotation/e3a7a650-7ffd-11ea-8ba0-020915aaddf4", "DriftInformation": {"StackDriftStatus": "NOT_CHECKED"}, "TemplateDescription": "Remediation for Unused IAM Credentials", "CreationTime": "2020-04-16T16:18:21.250000+00:00", "StackName": "csf-prod-security-remediate-iam-key-rotation", "StackStatus": "CREATE_COMPLETE"}, {"StackId": "arn:aws:cloudformation:ap-southeast-2:043898046743:stack/csf-prod-security-remediate-cloudtrail-without-log-group/e3a5d190-7ffd-11ea-a763-0643e0359b60", "DriftInformation": {"StackDriftStatus": "NOT_CHECKED"}, "TemplateDescription": "Remediation for a Cloudtrail not bound to a Cloudwatch log group", "CreationTime": "2020-04-16T16:18:21.241000+00:00", "StackName": "csf-prod-security-remediate-cloudtrail-without-log-group", "StackStatus": "CREATE_COMPLETE"}, {"StackId": "arn:aws:cloudformation:ap-southeast-2:043898046743:stack/csf-prod-security-remediate-kms-custom-cmk-key-rotation/e3a0c880-7ffd-11ea-9fe6-06d6569a47b8", "DriftInformation": {"StackDriftStatus": "NOT_CHECKED"}, "TemplateDescription": "Remediation for KMS Key rotation being disabled", "CreationTime": "2020-04-16T16:18:21.228000+00:00", "StackName": "csf-prod-security-remediate-kms-custom-cmk-key-rotation", "StackStatus": "CREATE_COMPLETE"}, {"StackId": "arn:aws:cloudformation:ap-southeast-2:043898046743:stack/csf-prod-security-remediate-cloudtrail-without-organization/e3a1b2e0-7ffd-11ea-99df-0a8f6848c516", "DriftInformation": {"StackDriftStatus": "NOT_CHECKED"}, "TemplateDescription": "Remediation for a Cloudtrail not bound to the organization", "CreationTime": "2020-04-16T16:18:21.219000+00:00", "StackName": "csf-prod-security-remediate-cloudtrail-without-organization", "StackStatus": "CREATE_COMPLETE"}, {"StackId": "arn:aws:cloudformation:ap-southeast-2:043898046743:stack/csf-prod-security-remediate-iam-user-console-access-no-mfa/e37c77a0-7ffd-11ea-8d3b-027e4c3e60c6", "DriftInformation": {"StackDriftStatus": "NOT_CHECKED"}, "TemplateDescription": "Remediation for IAM Users with Console Access and NO MFA Enabled", "CreationTime": "2020-04-16T16:18:20.972000+00:00", "StackName": "csf-prod-security-remediate-iam-user-console-access-no-mfa", "StackStatus": "CREATE_COMPLETE"}, {"StackId": "arn:aws:cloudformation:ap-southeast-2:043898046743:stack/csf-prod-security-remediate-iam-admin-policies/e37376f0-7ffd-11ea-aaad-06d230c8112a", "DriftInformation": {"StackDriftStatus": "NOT_CHECKED"}, "TemplateDescription": "Remediation for IAM Policies with Admin access", "CreationTime": "2020-04-16T16:18:20.931000+00:00", "StackName": "csf-prod-security-remediate-iam-admin-policies", "StackStatus": "CREATE_COMPLETE"}, {"StackId": "arn:aws:cloudformation:ap-southeast-2:043898046743:stack/csf-prod-security-custom-config-rules/b81c7e70-7ffd-11ea-aaad-06d230c8112a", "DriftInformation": {"StackDriftStatus": "NOT_CHECKED"}, "TemplateDescription": "AWS Config custom rules.", "CreationTime": "2020-04-16T16:17:08.222000+00:00", "StackName": "csf-prod-security-custom-config-rules", "StackStatus": "CREATE_COMPLETE"}, {"StackId": "arn:aws:cloudformation:ap-southeast-2:043898046743:stack/StackSet-LambdaEncryptedAmiCopy-0880fab8-8eb5-4600-a255-a7b39e73745d/7638fd20-7829-11ea-a900-02b4ddd3d586", "DriftInformation": {"StackDriftStatus": "NOT_CHECKED"}, "TemplateDescription": "Creates lambda function to encrypt AMIs from Image Builder", "CreationTime": "2020-04-06T17:10:06.200000+00:00", "StackName": "StackSet-LambdaEncryptedAmiCopy-0880fab8-8eb5-4600-a255-a7b39e73745d", "StackStatus": "CREATE_COMPLETE"}, {"StackId": "arn:aws:cloudformation:ap-southeast-2:043898046743:stack/StackSet-AWS-Landing-Zone-Baseline-CloudWatchRules-d3fd5b2b-a7e5-4151-9632-84a6755283d7/a911a890-709b-11ea-8a1f-0679bcf6ec2c", "StackName": "StackSet-AWS-Landing-Zone-Baseline-CloudWatchRules-d3fd5b2b-a7e5-4151-9632-84a6755283d7", "CreationTime": "2020-03-28T02:27:24.884000+00:00", "StackStatus": "CREATE_COMPLETE", "DriftInformation": {"StackDriftStatus": "NOT_CHECKED"}}, {"StackId": "arn:aws:cloudformation:ap-southeast-2:043898046743:stack/StackSet-Compliance-as-code-e399e941-4026-4833-a355-948f19ff7b88/1c544d20-66fc-11ea-a5a2-0aa5ebf3bee6", "LastUpdatedTime": "2020-03-18T20:58:27.235000+00:00", "TemplateDescription": "Initialize the Compliance-as-Code oversight in this Application Account", "CreationTime": "2020-03-15T20:32:38.386000+00:00", "StackName": "StackSet-Compliance-as-code-e399e941-4026-4833-a355-948f19ff7b88", "StackStatus": "UPDATE_COMPLETE", "DriftInformation": {"StackDriftStatus": "NOT_CHECKED"}}, {"StackId": "arn:aws:cloudformation:ap-southeast-2:043898046743:stack/Compliance-Engine-Benchmark-DO-NOT-DELETE/8274e290-5f1d-11ea-affe-0694eae4f790", "LastUpdatedTime": "2020-05-05T23:39:08.742000+00:00", "TemplateDescription": "AWS CloudFormation template to create custom AWS Config rules. You will be billed for the AWS resources used if you create a stack from this template.", "CreationTime": "2020-03-05T20:11:33.605000+00:00", "StackName": "Compliance-Engine-Benchmark-DO-NOT-DELETE", "StackStatus": "UPDATE_COMPLETE", "DriftInformation": {"StackDriftStatus": "NOT_CHECKED"}}, {"StackId": "arn:aws:cloudformation:ap-southeast-2:043898046743:stack/StackSet-AWS-Landing-Zone-Baseline-EnableConfigRules-c0c8a556-2d31-4109-9199-87d505fd1733/a39ea440-3fa8-11ea-8dc4-025d2b085864", "LastUpdatedTime": "2020-01-27T20:51:06.552000+00:00", "TemplateDescription": "Enables an AWS Landing Zone account baseline AWS Config rules.", "CreationTime": "2020-01-25T19:26:52.170000+00:00", "StackName": "StackSet-AWS-Landing-Zone-Baseline-EnableConfigRules-c0c8a556-2d31-4109-9199-87d505fd1733", "StackStatus": "UPDATE_COMPLETE", "DriftInformation": {"StackDriftStatus": "NOT_CHECKED"}}, {"StackId": "arn:aws:cloudformation:ap-southeast-2:043898046743:stack/StackSet-AWS-Landing-Zone-Baseline-EnableConfig-69c4a9d8-88e0-4152-9fd7-118b7cda69e1/07d349f0-3fa6-11ea-b43c-0ac26335768c", "LastUpdatedTime": "2020-03-27T16:14:44.772000+00:00", "TemplateDescription": "Enable AWS Config,", "CreationTime": "2020-01-25T19:08:12.057000+00:00", "StackName": "StackSet-AWS-Landing-Zone-Baseline-EnableConfig-69c4a9d8-88e0-4152-9fd7-118b7cda69e1", "StackStatus": "UPDATE_COMPLETE", "DriftInformation": {"StackDriftStatus": "NOT_CHECKED"}}], "ResponseMetadata": {"RetryAttempts": 0, "HTTPStatusCode": 200, "RequestId": "c60adbaf-1a13-423a-a00f-4d996ce0dcde", "HTTPHeaders": {"x-amzn-requestid": "c60adbaf-1a13-423a-a00f-4d996ce0dcde", "content-type": "text/xml", "content-length": "18012", "vary": "accept-encoding", "date": "Tue, 19 May 2020 15:18:07 GMT"}}}}