{"region": "eu-west-1", "operation": "DescribeStacks", "service": "cloudformation", "response": {"Stacks": [{"StackId": "arn:aws:cloudformation:eu-west-1:043898046743:stack/csf-prod-security-remediate-vpc-flow-log-enable/d02ea500-7ffe-11ea-955c-0ace5b4cd800", "DriftInformation": {"StackDriftStatus": "NOT_CHECKED"}, "Description": "Remediation for VPC Flow Log Enable", "Parameters": [{"ParameterValue": "VPC_FLOW_LOGS_ENABLED", "ParameterKey": "pVPCFlowLogConfigRuleName"}, {"ParameterValue": "csf-prod-runway-eu-west-1", "ParameterKey": "pS3BucketName"}, {"ParameterValue": "custom-resources/lambda-RemVPCFlowLog-022918bc50e01503259d3cabf4abc0d0.zip", "ParameterKey": "pProgramBundle"}, {"ParameterValue": "True", "ParameterKey": "pEnableRemediation"}, {"ParameterValue": "AWS-Landing-Zone-Security-Notification", "ParameterKey": "pSNSTopicARN"}], "Tags": [{"Value": "csf-prod", "Key": "cfngin_namespace"}], "CreationTime": "2020-04-16T16:24:58.109000+00:00", "Capabilities": ["CAPABILITY_NAMED_IAM", "CAPABILITY_AUTO_EXPAND"], "StackName": "csf-prod-security-remediate-vpc-flow-log-enable", "NotificationARNs": [], "StackStatus": "CREATE_COMPLETE", "DisableRollback": false, "RollbackConfiguration": {}}, {"StackId": "arn:aws:cloudformation:eu-west-1:043898046743:stack/csf-prod-security-remediate-iam-admin-policies/d0283c60-7ffe-11ea-8415-025fc999d9f6", "DriftInformation": {"StackDriftStatus": "NOT_CHECKED"}, "Description": "Remediation for IAM Policies with Admin access", "Parameters": [{"ParameterValue": "csf-prod-runway-eu-west-1", "ParameterKey": "pS3BucketName"}, {"ParameterValue": "custom-resources/lambda-RemIAMAdminPolicy-8e5e510d959a3895c6d3272d0881ba82.zip", "ParameterKey": "pProgramBundle"}, {"ParameterValue": "IAM_POLICY_NO_STATEMENTS_WITH_ADMIN_ACCESS", "ParameterKey": "pIAMAdminPolicyConfigRuleName"}, {"ParameterValue": "True", "ParameterKey": "pEnableRemediation"}, {"ParameterValue": "AWS-Landing-Zone-Security-Notification", "ParameterKey": "pSNSTopicARN"}], "Tags": [{"Value": "csf-prod", "Key": "cfngin_namespace"}], "CreationTime": "2020-04-16T16:24:58.091000+00:00", "Capabilities": ["CAPABILITY_NAMED_IAM", "CAPABILITY_AUTO_EXPAND"], "StackName": "csf-prod-security-remediate-iam-admin-policies", "NotificationARNs": [], "StackStatus": "CREATE_COMPLETE", "DisableRollback": false, "RollbackConfiguration": {}}, {"StackId": "arn:aws:cloudformation:eu-west-1:043898046743:stack/csf-prod-security-remediate-iam-key-rotation/d02bbed0-7ffe-11ea-8c4b-0655dfaca74c", "DriftInformation": {"StackDriftStatus": "NOT_CHECKED"}, "Description": "Remediation for Unused IAM Credentials", "Parameters": [{"ParameterValue": "ACCESS_KEYS_ROTATED", "ParameterKey": "pIAMKeyRotationConfigRuleName"}, {"ParameterValue": "csf-prod-runway-eu-west-1", "ParameterKey": "pS3BucketName"}, {"ParameterValue": "custom-resources/lambda-RemIAMKeyRotation-cc3fa403544acb748a3da1ed01bdf941.zip", "ParameterKey": "pProgramBundle"}, {"ParameterValue": "90", "ParameterKey": "pDaysToRotate"}, {"ParameterValue": "True", "ParameterKey": "pEnableRemediation"}, {"ParameterValue": "AWS-Landing-Zone-Security-Notification", "ParameterKey": "pSNSTopicARN"}], "Tags": [{"Value": "csf-prod", "Key": "cfngin_namespace"}], "CreationTime": "2020-04-16T16:24:58.081000+00:00", "Capabilities": ["CAPABILITY_NAMED_IAM", "CAPABILITY_AUTO_EXPAND"], "StackName": "csf-prod-security-remediate-iam-key-rotation", "NotificationARNs": [], "StackStatus": "CREATE_COMPLETE", "DisableRollback": false, "RollbackConfiguration": {}}, {"StackId": "arn:aws:cloudformation:eu-west-1:043898046743:stack/csf-prod-security-remediate-security-group-ingress-rdp/d028d8a0-7ffe-11ea-b924-0ac92d082ee0", "DriftInformation": {"StackDriftStatus": "NOT_CHECKED"}, "Description": "Remediation for RDP ingress open ports", "Parameters": [{"ParameterValue": "csf-prod-runway-eu-west-1", "ParameterKey": "pS3BucketName"}, {"ParameterValue": "custom-resources/lambda-RemSGIngressRDP-8e80ce75e7375aca1d836f174ac76b94.zip", "ParameterKey": "pProgramBundle"}, {"ParameterValue": "RESTRICTED_INCOMING_TRAFFIC", "ParameterKey": "pSecurityGroupIngressRDPConfigRuleName"}, {"ParameterValue": "True", "ParameterKey": "pEnableRemediation"}, {"ParameterValue": "AWS-Landing-Zone-Security-Notification", "ParameterKey": "pSNSTopicARN"}], "Tags": [{"Value": "csf-prod", "Key": "cfngin_namespace"}], "CreationTime": "2020-04-16T16:24:58.027000+00:00", "Capabilities": ["CAPABILITY_NAMED_IAM", "CAPABILITY_AUTO_EXPAND"], "StackName": "csf-prod-security-remediate-security-group-ingress-rdp", "NotificationARNs": [], "StackStatus": "CREATE_COMPLETE", "DisableRollback": false, "RollbackConfiguration": {}}, {"StackId": "arn:aws:cloudformation:eu-west-1:043898046743:stack/csf-prod-security-remediate-iam-user-console-access-no-mfa/d013f110-7ffe-11ea-8817-02ee8e94a71a", "DriftInformation": {"StackDriftStatus": "NOT_CHECKED"}, "Description": "Remediation for IAM Users with Console Access and NO MFA Enabled", "Parameters": [{"ParameterValue": "csf-prod-runway-eu-west-1", "ParameterKey": "pS3BucketName"}, {"ParameterValue": "custom-resources/lambda-RemIAMUserConsoleMFA-85fdce489beb7955c9e94a3296d1f125.zip", "ParameterKey": "pProgramBundle"}, {"ParameterValue": "MFA_ENABLED_FOR_IAM_CONSOLE_ACCESS", "ParameterKey": "pIAMUserConsoleNoFMAConfigRuleName"}, {"ParameterValue": "True", "ParameterKey": "pEnableRemediation"}, {"ParameterValue": "AWS-Landing-Zone-Security-Notification", "ParameterKey": "pSNSTopicARN"}], "Tags": [{"Value": "csf-prod", "Key": "cfngin_namespace"}], "CreationTime": "2020-04-16T16:24:57.913000+00:00", "Capabilities": ["CAPABILITY_NAMED_IAM", "CAPABILITY_AUTO_EXPAND"], "StackName": "csf-prod-security-remediate-iam-user-console-access-no-mfa", "NotificationARNs": [], "StackStatus": "CREATE_COMPLETE", "DisableRollback": false, "RollbackConfiguration": {}}, {"StackId": "arn:aws:cloudformation:eu-west-1:043898046743:stack/csf-prod-security-remediate-disabled-cloudtrail/d00c9e10-7ffe-11ea-bc32-02bc3c3f62ee", "DriftInformation": {"StackDriftStatus": "NOT_CHECKED"}, "Description": "Remediation for Disabled Cloudtrails", "Parameters": [{"ParameterValue": "CLOUD_TRAIL_ENABLED", "ParameterKey": "pDisabledCloudtrailConfigRuleName"}, {"ParameterValue": "True", "ParameterKey": "pEnforceDefaultTrailBindingToOrg"}, {"ParameterValue": "csf-prod-runway-eu-west-1", "ParameterKey": "pS3BucketName"}, {"ParameterValue": "o-8baopjpjb4", "ParameterKey": "pDefaultCloudtrailS3KeyPrefix"}, {"ParameterValue": "AWS-Landing-Zone-Security-Notification", "ParameterKey": "pSNSTopicARN"}, {"ParameterValue": "True", "ParameterKey": "pEnableCloudtrailLogfileValidation"}, {"ParameterValue": "arn:aws:kms:us-east-1:478999156681:key/2410f307-a77d-4573-8b4e-b12be88a3420", "ParameterKey": "pDefaultCloudtrailKMSKeyId"}, {"ParameterValue": "custom-resources/lambda-RemDisabledCloudtrail-726c277cfde43e298a65d081831ae867.zip", "ParameterKey": "pProgramBundle"}, {"ParameterValue": "aws-landing-zone-logs-031247562193-us-east-1", "ParameterKey": "pDefaultCloudtrailS3BucketName"}, {"ParameterValue": "True", "ParameterKey": "pEnforceDefaultMultiRegionTrail"}, {"ParameterValue": "CloudTrail/Landing-Zone-Logs", "ParameterKey": "pDefaultCloudwatchLogGroupArn"}, {"ParameterValue": "AWS-Landing-Zone-BaselineCloudTrail", "ParameterKey": "pDefaultCloudtrailName"}, {"ParameterValue": "True", "ParameterKey": "pEnableRemediation"}, {"ParameterValue": "True", "ParameterKey": "pEnforceGlobalServiceEventLogging"}], "Tags": [{"Value": "csf-prod", "Key": "cfngin_namespace"}], "CreationTime": "2020-04-16T16:24:57.912000+00:00", "Capabilities": ["CAPABILITY_NAMED_IAM", "CAPABILITY_AUTO_EXPAND"], "StackName": "csf-prod-security-remediate-disabled-cloudtrail", "NotificationARNs": [], "StackStatus": "CREATE_COMPLETE", "DisableRollback": false, "RollbackConfiguration": {}}, {"StackId": "arn:aws:cloudformation:eu-west-1:043898046743:stack/csf-prod-security-remediate-security-group-ingress-ssh/d0159ec0-7ffe-11ea-8fb5-02cedaf7133c", "DriftInformation": {"StackDriftStatus": "NOT_CHECKED"}, "Description": "Remediation for SSH ingress open ports", "Parameters": [{"ParameterValue": "csf-prod-runway-eu-west-1", "ParameterKey": "pS3BucketName"}, {"ParameterValue": "custom-resources/lambda-RemSGIngressSSH-6ab843ba9576cac92b1e457d007fd895.zip", "ParameterKey": "pProgramBundle"}, {"ParameterValue": "INCOMING_SSH_DISABLED", "ParameterKey": "pSecurityGroupIngressSSHConfigRuleName"}, {"ParameterValue": "True", "ParameterKey": "pEnableRemediation"}, {"ParameterValue": "AWS-Landing-Zone-Security-Notification", "ParameterKey": "pSNSTopicARN"}], "Tags": [{"Value": "csf-prod", "Key": "cfngin_namespace"}], "CreationTime": "2020-04-16T16:24:57.907000+00:00", "Capabilities": ["CAPABILITY_NAMED_IAM", "CAPABILITY_AUTO_EXPAND"], "StackName": "csf-prod-security-remediate-security-group-ingress-ssh", "NotificationARNs": [], "StackStatus": "CREATE_COMPLETE", "DisableRollback": false, "RollbackConfiguration": {}}, {"StackId": "arn:aws:cloudformation:eu-west-1:043898046743:stack/csf-prod-security-remediate-password-policy/d00dd690-7ffe-11ea-b60c-06310ddbba8e", "DriftInformation": {"StackDriftStatus": "NOT_CHECKED"}, "Description": "Remediation for Password Policy", "Parameters": [{"ParameterValue": "csf-prod-runway-eu-west-1", "ParameterKey": "pS3BucketName"}, {"ParameterValue": "custom-resources/lambda-RemPassPolicy-357341f2e0e2d6854bcc17604729371c.zip", "ParameterKey": "pProgramBundle"}, {"ParameterValue": "IAM_PASSWORD_POLICY", "ParameterKey": "pPasswordPolicyConfigRuleName"}, {"ParameterValue": "True", "ParameterKey": "pEnableRemediation"}, {"ParameterValue": "AWS-Landing-Zone-Security-Notification", "ParameterKey": "pSNSTopicARN"}], "Tags": [{"Value": "csf-prod", "Key": "cfngin_namespace"}], "CreationTime": "2020-04-16T16:24:57.851000+00:00", "Capabilities": ["CAPABILITY_NAMED_IAM", "CAPABILITY_AUTO_EXPAND"], "StackName": "csf-prod-security-remediate-password-policy", "NotificationARNs": [], "StackStatus": "CREATE_COMPLETE", "DisableRollback": false, "RollbackConfiguration": {}}, {"StackId": "arn:aws:cloudformation:eu-west-1:043898046743:stack/csf-prod-security-remediate-s3-bucket-server-side-encryption/d0091ba0-7ffe-11ea-9361-0a9bdcf5c20a", "DriftInformation": {"StackDriftStatus": "NOT_CHECKED"}, "Description": "Remediation for S3 bucket SSE", "Parameters": [{"ParameterValue": "S3_BUCKET_SERVER_SIDE_ENCRYPTION_ENABLED", "ParameterKey": "pS3SSEConfigRuleName"}, {"ParameterValue": "csf-prod-runway-eu-west-1", "ParameterKey": "pS3BucketName"}, {"ParameterValue": "custom-resources/lambda-RemS3SSE-37890e65e9b4e4aad14678f8030b41e3.zip", "ParameterKey": "pProgramBundle"}, {"ParameterValue": "True", "ParameterKey": "pEnableRemediation"}, {"ParameterValue": "AWS-Landing-Zone-Security-Notification", "ParameterKey": "pSNSTopicARN"}], "Tags": [{"Value": "csf-prod", "Key": "cfngin_namespace"}], "CreationTime": "2020-04-16T16:24:57.826000+00:00", "Capabilities": ["CAPABILITY_NAMED_IAM", "CAPABILITY_AUTO_EXPAND"], "StackName": "csf-prod-security-remediate-s3-bucket-server-side-encryption", "NotificationARNs": [], "StackStatus": "CREATE_COMPLETE", "DisableRollback": false, "RollbackConfiguration": {}}, {"StackId": "arn:aws:cloudformation:eu-west-1:043898046743:stack/csf-prod-security-remediate-unvalidated-cloudtrail-logging/d006aaa0-7ffe-11ea-b6e3-02ac8ce49a7a", "DriftInformation": {"StackDriftStatus": "NOT_CHECKED"}, "Description": "Remediation for unvalidated Cloudtrail logfiles", "Parameters": [{"ParameterValue": "CLOUD_TRAIL_LOG_FILE_VALIDATION_ENABLED", "ParameterKey": "pUnvalidatedCloudtrailLogfileConfigRuleName"}, {"ParameterValue": "csf-prod-runway-eu-west-1", "ParameterKey": "pS3BucketName"}, {"ParameterValue": "custom-resources/lambda-RemUnvalidatedCloudtrailLogging-2e7348474843bb4e67192f4af10e64b7.zip", "ParameterKey": "pProgramBundle"}, {"ParameterValue": "True", "ParameterKey": "pEnableRemediation"}, {"ParameterValue": "AWS-Landing-Zone-Security-Notification", "ParameterKey": "pSNSTopicARN"}], "Tags": [{"Value": "csf-prod", "Key": "cfngin_namespace"}], "CreationTime": "2020-04-16T16:24:57.813000+00:00", "Capabilities": ["CAPABILITY_NAMED_IAM", "CAPABILITY_AUTO_EXPAND"], "StackName": "csf-prod-security-remediate-unvalidated-cloudtrail-logging", "NotificationARNs": [], "StackStatus": "CREATE_COMPLETE", "DisableRollback": false, "RollbackConfiguration": {}}, {"StackId": "arn:aws:cloudformation:eu-west-1:043898046743:stack/csf-prod-security-remediate-managed-policies-attached-to-users/cfedf280-7ffe-11ea-a252-0265d6cdeea8", "DriftInformation": {"StackDriftStatus": "NOT_CHECKED"}, "Description": "Remediation for Managed Policies Attached to Users", "Parameters": [{"ParameterValue": "IAM_USER_NO_POLICIES_CHECK", "ParameterKey": "pUserAttachManPolConfigRuleName"}, {"ParameterValue": "csf-prod-runway-eu-west-1", "ParameterKey": "pS3BucketName"}, {"ParameterValue": "custom-resources/lambda-RemManPolUserAttach-135c756d81cdca483dc45c119812c364.zip", "ParameterKey": "pProgramBundle"}, {"ParameterValue": "True", "ParameterKey": "pEnableRemediation"}, {"ParameterValue": "AWS-Landing-Zone-Security-Notification", "ParameterKey": "pSNSTopicARN"}], "Tags": [{"Value": "csf-prod", "Key": "cfngin_namespace"}], "CreationTime": "2020-04-16T16:24:57.663000+00:00", "Capabilities": ["CAPABILITY_NAMED_IAM", "CAPABILITY_AUTO_EXPAND"], "StackName": "csf-prod-security-remediate-managed-policies-attached-to-users", "NotificationARNs": [], "StackStatus": "CREATE_COMPLETE", "DisableRollback": false, "RollbackConfiguration": {}}, {"StackId": "arn:aws:cloudformation:eu-west-1:043898046743:stack/csf-prod-security-remediate-s3-bucket-read-write-public-access/cfec1dc0-7ffe-11ea-b66d-0ad4772b7a1e", "DriftInformation": {"StackDriftStatus": "NOT_CHECKED"}, "Description": "Remediation for S3 Bucket Public Read Write Accesss", "Parameters": [{"ParameterValue": "S3_BUCKET_PUBLIC_WRITE_PROHIBITED", "ParameterKey": "pS3BucketWritePublicAccessConfigRuleName"}, {"ParameterValue": "csf-prod-runway-eu-west-1", "ParameterKey": "pS3BucketName"}, {"ParameterValue": "custom-resources/lambda-RemS3PublicReadWrite-c61dba477982dff7c2de95a152bdce60.zip", "ParameterKey": "pProgramBundle"}, {"ParameterValue": "S3_BUCKET_PUBLIC_READ_PROHIBITED", "ParameterKey": "pS3BucketReadPublicAccessConfigRuleName"}, {"ParameterValue": "True", "ParameterKey": "pEnableRemediation"}, {"ParameterValue": "AWS-Landing-Zone-Security-Notification", "ParameterKey": "pSNSTopicARN"}], "Tags": [{"Value": "csf-prod", "Key": "cfngin_namespace"}], "CreationTime": "2020-04-16T16:24:57.639000+00:00", "Capabilities": ["CAPABILITY_NAMED_IAM", "CAPABILITY_AUTO_EXPAND"], "StackName": "csf-prod-security-remediate-s3-bucket-read-write-public-access", "NotificationARNs": [], "StackStatus": "CREATE_COMPLETE", "DisableRollback": false, "RollbackConfiguration": {}}, {"StackId": "arn:aws:cloudformation:eu-west-1:043898046743:stack/csf-prod-security-remediate-unencrypted-cloudtrail/cfec6be0-7ffe-11ea-8add-0a7e2e210ed2", "DriftInformation": {"StackDriftStatus": "NOT_CHECKED"}, "Description": "Remediation for Unencrypted Cloudtrail logfiles", "Parameters": [{"ParameterValue": "CLOUD_TRAIL_ENCRYPTION_ENABLED", "ParameterKey": "pUnencryptedCloudtrailConfigRuleName"}, {"ParameterValue": "csf-prod-runway-eu-west-1", "ParameterKey": "pS3BucketName"}, {"ParameterValue": "custom-resources/lambda-RemUnencryptedCloudtrail-bd1147168cb58096cf9ad528c1cd8b1e.zip", "ParameterKey": "pProgramBundle"}, {"ParameterValue": "arn:aws:kms:us-east-1:478999156681:key/2410f307-a77d-4573-8b4e-b12be88a3420", "ParameterKey": "pKmsKeyId"}, {"ParameterValue": "True", "ParameterKey": "pEnableRemediation"}, {"ParameterValue": "AWS-Landing-Zone-Security-Notification", "ParameterKey": "pSNSTopicARN"}], "Tags": [{"Value": "csf-prod", "Key": "cfngin_namespace"}], "CreationTime": "2020-04-16T16:24:57.637000+00:00", "Capabilities": ["CAPABILITY_NAMED_IAM", "CAPABILITY_AUTO_EXPAND"], "StackName": "csf-prod-security-remediate-unencrypted-cloudtrail", "NotificationARNs": [], "StackStatus": "CREATE_COMPLETE", "DisableRollback": false, "RollbackConfiguration": {}}, {"StackId": "arn:aws:cloudformation:eu-west-1:043898046743:stack/csf-prod-security-remediate-s3-bucket-access-logging/cfe95ea0-7ffe-11ea-976b-0a62b96e8314", "DriftInformation": {"StackDriftStatus": "NOT_CHECKED"}, "Description": "Remediation S3 Bucket Access Log Enabling", "Parameters": [{"ParameterValue": "csf-prod-runway-eu-west-1", "ParameterKey": "pS3BucketName"}, {"ParameterValue": "custom-resources/lambda-RemS3AccessLog-c3b635a9121a82d0fdce89bef945509b.zip", "ParameterKey": "pProgramBundle"}, {"ParameterValue": "TBD", "ParameterKey": "pS3BucketForAccessLogs"}, {"ParameterValue": "S3_BUCKET_LOGGING_ENABLED", "ParameterKey": "pS3BucketAccessLogConfigRuleName"}, {"ParameterValue": "True", "ParameterKey": "pEnableRemediation"}, {"ParameterValue": "AWS-Landing-Zone-Security-Notification", "ParameterKey": "pSNSTopicARN"}], "Tags": [{"Value": "csf-prod", "Key": "cfngin_namespace"}], "CreationTime": "2020-04-16T16:24:57.636000+00:00", "Capabilities": ["CAPABILITY_NAMED_IAM", "CAPABILITY_AUTO_EXPAND"], "StackName": "csf-prod-security-remediate-s3-bucket-access-logging", "NotificationARNs": [], "StackStatus": "CREATE_COMPLETE", "DisableRollback": false, "RollbackConfiguration": {}}, {"StackId": "arn:aws:cloudformation:eu-west-1:043898046743:stack/csf-prod-security-remediate-s3-ssl-requests-only/cfe53ff0-7ffe-11ea-a23d-0a31ba4141ec", "DriftInformation": {"StackDriftStatus": "NOT_CHECKED"}, "Description": "Remediation for S3 buckets requiring SSL only requests", "Parameters": [{"ParameterValue": "csf-prod-runway-eu-west-1", "ParameterKey": "pS3BucketName"}, {"ParameterValue": "custom-resources/lambda-RemS3SSLOnly-7d69f917677e0340a51b976919571380.zip", "ParameterKey": "pProgramBundle"}, {"ParameterValue": "True", "ParameterKey": "pEnableRemediation"}, {"ParameterValue": "S3_BUCKET_SSL_REQUESTS_ONLY", "ParameterKey": "pS3SSLOnlyConfigRuleName"}, {"ParameterValue": "AWS-Landing-Zone-Security-Notification", "ParameterKey": "pSNSTopicARN"}], "Tags": [{"Value": "csf-prod", "Key": "cfngin_namespace"}], "CreationTime": "2020-04-16T16:24:57.629000+00:00", "Capabilities": ["CAPABILITY_NAMED_IAM", "CAPABILITY_AUTO_EXPAND"], "StackName": "csf-prod-security-remediate-s3-ssl-requests-only", "NotificationARNs": [], "StackStatus": "CREATE_COMPLETE", "DisableRollback": false, "RollbackConfiguration": {}}, {"StackId": "arn:aws:cloudformation:eu-west-1:043898046743:stack/csf-prod-security-remediate-vpc-default-security-group/cfe762d0-7ffe-11ea-9d89-0a535c7d72e8", "DriftInformation": {"StackDriftStatus": "NOT_CHECKED"}, "Description": "Remediation for VPC default SG having any open ports", "Parameters": [{"ParameterValue": "VPC_DEFAULT_SECURITY_GROUP_CLOSED", "ParameterKey": "pVPCDefaultSecurityGroupConfigRuleName"}, {"ParameterValue": "csf-prod-runway-eu-west-1", "ParameterKey": "pS3BucketName"}, {"ParameterValue": "custom-resources/lambda-RemVPCDefaultSG-251e9e3f1b0e8d44e00d1ce3b67bdc46.zip", "ParameterKey": "pProgramBundle"}, {"ParameterValue": "True", "ParameterKey": "pEnableRemediation"}, {"ParameterValue": "AWS-Landing-Zone-Security-Notification", "ParameterKey": "pSNSTopicARN"}], "Tags": [{"Value": "csf-prod", "Key": "cfngin_namespace"}], "CreationTime": "2020-04-16T16:24:57.609000+00:00", "Capabilities": ["CAPABILITY_NAMED_IAM", "CAPABILITY_AUTO_EXPAND"], "StackName": "csf-prod-security-remediate-vpc-default-security-group", "NotificationARNs": [], "StackStatus": "CREATE_COMPLETE", "DisableRollback": false, "RollbackConfiguration": {}}, {"StackId": "arn:aws:cloudformation:eu-west-1:043898046743:stack/csf-prod-security-remediate-database-exposed-in-public-subnet/cfe42e80-7ffe-11ea-8c4b-0655dfaca74c", "DriftInformation": {"StackDriftStatus": "NOT_CHECKED"}, "Description": "Remediation for Databases Exposed in Public Subnets", "Parameters": [{"ParameterValue": "csf-prod-runway-eu-west-1", "ParameterKey": "pS3BucketName"}, {"ParameterValue": "custom-resources/lambda-RemDbExposedInPublic-13314e57b553d50ed4a6a0a07794c4d9.zip", "ParameterKey": "pProgramBundle"}, {"ParameterValue": "RDS_INSTANCE_PUBLIC_ACCESS_CHECK", "ParameterKey": "pRemExposedDatabaseConfigRuleName"}, {"ParameterValue": "True", "ParameterKey": "pEnableRemediation"}, {"ParameterValue": "AWS-Landing-Zone-Security-Notification", "ParameterKey": "pSNSTopicARN"}], "Tags": [{"Value": "csf-prod", "Key": "cfngin_namespace"}], "CreationTime": "2020-04-16T16:24:57.587000+00:00", "Capabilities": ["CAPABILITY_NAMED_IAM", "CAPABILITY_AUTO_EXPAND"], "StackName": "csf-prod-security-remediate-database-exposed-in-public-subnet", "NotificationARNs": [], "StackStatus": "CREATE_COMPLETE", "DisableRollback": false, "RollbackConfiguration": {}}, {"StackId": "arn:aws:cloudformation:eu-west-1:043898046743:stack/csf-prod-security-remediate-unused-iam-cred/cfd4c530-7ffe-11ea-a85e-06c001d97fde", "DriftInformation": {"StackDriftStatus": "NOT_CHECKED"}, "Description": "Remediation for Unused IAM Credentials", "Parameters": [{"ParameterValue": "csf-prod-runway-eu-west-1", "ParameterKey": "pS3BucketName"}, {"ParameterValue": "custom-resources/lambda-RemUnusedIAMCred-d56c4841479c42e21a5150b7d6092274.zip", "ParameterKey": "pProgramBundle"}, {"ParameterValue": "IAM_USER_UNUSED_CREDENTIALS_CHECK", "ParameterKey": "pUnusedIAMCredConfigRuleName"}, {"ParameterValue": "True", "ParameterKey": "pEnableRemediation"}, {"ParameterValue": "AWS-Landing-Zone-Security-Notification", "ParameterKey": "pSNSTopicARN"}], "Tags": [{"Value": "csf-prod", "Key": "cfngin_namespace"}], "CreationTime": "2020-04-16T16:24:57.509000+00:00", "Capabilities": ["CAPABILITY_NAMED_IAM", "CAPABILITY_AUTO_EXPAND"], "StackName": "csf-prod-security-remediate-unused-iam-cred", "NotificationARNs": [], "StackStatus": "CREATE_COMPLETE", "DisableRollback": false, "RollbackConfiguration": {}}, {"StackId": "arn:aws:cloudformation:eu-west-1:043898046743:stack/csf-prod-security-remediate-cloudtrail-without-log-group/cfa3ca20-7ffe-11ea-aa71-06d9f5737b32", "DriftInformation": {"StackDriftStatus": "NOT_CHECKED"}, "Description": "Remediation for a Cloudtrail not bound to a Cloudwatch log group", "Parameters": [{"ParameterValue": "csf-prod-runway-eu-west-1", "ParameterKey": "pS3BucketName"}, {"ParameterValue": "custom-resources/lambda-RemCloudtrailWithoutLogGroup-4eb38a349698be368ecb9e57f9f0c0f0.zip", "ParameterKey": "pProgramBundle"}, {"ParameterValue": "CloudTrail/Landing-Zone-Logs", "ParameterKey": "pDefaultCloudwatchLogGroupArn"}, {"ParameterValue": "True", "ParameterKey": "pEnableRemediation"}, {"ParameterValue": "CLOUD_TRAIL_CLOUD_WATCH_LOGS_ENABLED", "ParameterKey": "pCloudTrailWithoutLogGroupConfigRuleName"}, {"ParameterValue": "AWS-Landing-Zone-Security-Notification", "ParameterKey": "pSNSTopicARN"}], "Tags": [{"Value": "csf-prod", "Key": "cfngin_namespace"}], "CreationTime": "2020-04-16T16:24:57.173000+00:00", "Capabilities": ["CAPABILITY_NAMED_IAM", "CAPABILITY_AUTO_EXPAND"], "StackName": "csf-prod-security-remediate-cloudtrail-without-log-group", "NotificationARNs": [], "StackStatus": "CREATE_COMPLETE", "DisableRollback": false, "RollbackConfiguration": {}}, {"StackId": "arn:aws:cloudformation:eu-west-1:043898046743:stack/csf-prod-security-remediate-kms-custom-cmk-key-rotation/cf708520-7ffe-11ea-b4f6-06e621efe3ec", "DriftInformation": {"StackDriftStatus": "NOT_CHECKED"}, "Description": "Remediation for KMS Key rotation being disabled", "Parameters": [{"ParameterValue": "csf-prod-runway-eu-west-1", "ParameterKey": "pS3BucketName"}, {"ParameterValue": "custom-resources/lambda-RemKMSKeyRotation-e8bcb9d7e8148dec1009f3e46eb306da.zip", "ParameterKey": "pProgramBundle"}, {"ParameterValue": "CMK_BACKING_KEY_ROTATION_ENABLED", "ParameterKey": "pKMSKeyRotationConfigRuleName"}, {"ParameterValue": "True", "ParameterKey": "pEnableRemediation"}, {"ParameterValue": "AWS-Landing-Zone-Security-Notification", "ParameterKey": "pSNSTopicARN"}], "Tags": [{"Value": "csf-prod", "Key": "cfngin_namespace"}], "CreationTime": "2020-04-16T16:24:56.904000+00:00", "Capabilities": ["CAPABILITY_NAMED_IAM", "CAPABILITY_AUTO_EXPAND"], "StackName": "csf-prod-security-remediate-kms-custom-cmk-key-rotation", "NotificationARNs": [], "StackStatus": "CREATE_COMPLETE", "DisableRollback": false, "RollbackConfiguration": {}}, {"StackId": "arn:aws:cloudformation:eu-west-1:043898046743:stack/csf-prod-security-remediate-cloudtrail-without-organization/cf470420-7ffe-11ea-8fb5-02cedaf7133c", "DriftInformation": {"StackDriftStatus": "NOT_CHECKED"}, "Description": "Remediation for a Cloudtrail not bound to the organization", "Parameters": [{"ParameterValue": "CLOUD_TRAIL_ENABLED", "ParameterKey": "pCloudtrailWithoutOrganizationConfigRuleName"}, {"ParameterValue": "csf-prod-runway-eu-west-1", "ParameterKey": "pS3BucketName"}, {"ParameterValue": "custom-resources/lambda-RemCloudtrailWithoutOrganization-fa53334c182a9f46e678247bd20d71f9.zip", "ParameterKey": "pProgramBundle"}, {"ParameterValue": "AWS-Landing-Zone-BaselineCloudTrail", "ParameterKey": "pDefaultCloudtrailName"}, {"ParameterValue": "True", "ParameterKey": "pEnableRemediation"}, {"ParameterValue": "AWS-Landing-Zone-Security-Notification", "ParameterKey": "pSNSTopicARN"}], "Tags": [{"Value": "csf-prod", "Key": "cfngin_namespace"}], "CreationTime": "2020-04-16T16:24:56.573000+00:00", "Capabilities": ["CAPABILITY_NAMED_IAM", "CAPABILITY_AUTO_EXPAND"], "StackName": "csf-prod-security-remediate-cloudtrail-without-organization", "NotificationARNs": [], "StackStatus": "CREATE_COMPLETE", "DisableRollback": false, "RollbackConfiguration": {}}, {"StackId": "arn:aws:cloudformation:eu-west-1:043898046743:stack/csf-prod-security-custom-config-rules/a60cd120-7ffe-11ea-b470-0641c159a77a", "DriftInformation": {"StackDriftStatus": "NOT_CHECKED"}, "Description": "AWS Config custom rules.", "Parameters": [{"ParameterValue": "TBD", "ParameterKey": "pWAFLoggingBucket"}, {"ParameterValue": "csf-prod-runway-eu-west-1", "ParameterKey": "pWAFLoggingS3BucketName"}, {"ParameterValue": "custom-resources/lambda-SupportRole-2b03a8d2262c842744e5d5cef4560f98.zip", "ParameterKey": "pSupportRoleProgramBundle"}, {"ParameterValue": "custom-resources/lambda-WAFCentralLogging-4a8c42ad7c66585eafdde07a554b0c87.zip", "ParameterKey": "pWAFLoggingProgramBundle"}, {"ParameterValue": "csf-prod-runway-eu-west-1", "ParameterKey": "pSupportRoleS3BucketName"}], "Tags": [{"Value": "csf-prod", "Key": "cfngin_namespace"}], "CreationTime": "2020-04-16T16:23:47.394000+00:00", "Capabilities": ["CAPABILITY_NAMED_IAM", "CAPABILITY_AUTO_EXPAND"], "StackName": "csf-prod-security-custom-config-rules", "NotificationARNs": [], "StackStatus": "CREATE_COMPLETE", "DisableRollback": false, "RollbackConfiguration": {}}, {"StackId": "arn:aws:cloudformation:eu-west-1:043898046743:stack/StackSet-LambdaEncryptedAmiCopy-b19aadfc-8eb8-4333-a2fd-98c6b3ff8c79/e6f19b40-7828-11ea-9309-0a7e2e210ed2", "DriftInformation": {"StackDriftStatus": "NOT_CHECKED"}, "Description": "Creates lambda function to encrypt AMIs from Image Builder", "Parameters": [{"ParameterValue": "o-8baopjpjb4", "ParameterKey": "OrgID"}, {"ParameterValue": "ChildAccountCreateEncryptedAmiCopyRole", "ParameterKey": "AssumeRole"}], "Tags": [], "CreationTime": "2020-04-06T17:06:05.862000+00:00", "StackName": "StackSet-LambdaEncryptedAmiCopy-b19aadfc-8eb8-4333-a2fd-98c6b3ff8c79", "NotificationARNs": ["arn:aws:sns:eu-west-1:740554312712:StackSet-LambdaEncryptedAmiCopy-b19aadfc-8eb8-4333-a2fd-98c6b3ff8c79"], "StackStatus": "CREATE_COMPLETE", "DisableRollback": false, "RollbackConfiguration": {}}, {"StackId": "arn:aws:cloudformation:eu-west-1:043898046743:stack/StackSet-AWS-Landing-Zone-Baseline-CloudWatchRules-13cd50a2-2a9c-4153-9535-56330a91b391/397aa710-709c-11ea-9fd9-0655dfaca74c", "DriftInformation": {"StackDriftStatus": "NOT_CHECKED"}, "Tags": [{"Value": "LandingZoneStackSet", "Key": "AWS_Solutions"}], "CreationTime": "2020-03-28T02:31:27.141000+00:00", "Capabilities": ["CAPABILITY_NAMED_IAM"], "StackName": "StackSet-AWS-Landing-Zone-Baseline-CloudWatchRules-13cd50a2-2a9c-4153-9535-56330a91b391", "NotificationARNs": ["arn:aws:sns:eu-west-1:740554312712:StackSet-AWS-Landing-Zone-Baseline-CloudWatchRules-13cd50a2-2a9c-4153-9535-56330a91b391"], "StackStatus": "CREATE_COMPLETE", "DisableRollback": false, "RollbackConfiguration": {}}, {"StackId": "arn:aws:cloudformation:eu-west-1:043898046743:stack/StackSet-Compliance-as-code-149d2954-1bb7-4daa-ae38-2d1db03dca22/c449f5e0-66fa-11ea-9543-0aac2484be2a", "DriftInformation": {"LastCheckTimestamp": "2020-04-09T03:10:01.173000+00:00", "StackDriftStatus": "IN_SYNC"}, "Description": "Initialize the Compliance-as-Code oversight in this Application Account", "Parameters": [{"ParameterValue": "AWSConfigAndComplianceAuditRole-DO-NOT-DELETE", "ParameterKey": "ConfigAndComplianceAuditRoleName"}, {"ParameterValue": "One_Hour", "ParameterKey": "RuleFrequency"}, {"ParameterValue": "false", "ParameterKey": "DeployAWSConfig"}, {"ParameterValue": "us-east-1", "ParameterKey": "MainRegion"}, {"ParameterValue": "force", "ParameterKey": "ForceDeploymentRoleInMainRegionOnly"}, {"ParameterValue": "COMPLIANCE_RULESET_LATEST_INSTALLED", "ParameterKey": "EngineComplianceRule"}, {"ParameterValue": "RDK-Rule-Function-COMPLIANCERULESETLATESTINSTALLED", "ParameterKey": "LambdaFunctionName"}, {"ParameterValue": "204870073141", "ParameterKey": "ComplianceAccountId"}, {"ParameterValue": "aws-landing-zone-logs-031247562193-us-east-1", "ParameterKey": "CentralizedS3BucketConfigFullName"}], "Tags": [{"Value": "Config", "Key": "Service"}, {"Value": "Compliance as code", "Key": "Name"}], "CreationTime": "2020-03-15T20:23:01.127000+00:00", "Capabilities": ["CAPABILITY_NAMED_IAM"], "StackName": "StackSet-Compliance-as-code-149d2954-1bb7-4daa-ae38-2d1db03dca22", "NotificationARNs": ["arn:aws:sns:eu-west-1:740554312712:StackSet-Compliance-as-code-149d2954-1bb7-4daa-ae38-2d1db03dca22"], "StackStatus": "UPDATE_COMPLETE", "DisableRollback": false, "RollbackConfiguration": {}, "LastUpdatedTime": "2020-03-18T20:48:05.683000+00:00"}, {"StackId": "arn:aws:cloudformation:eu-west-1:043898046743:stack/Compliance-Engine-Benchmark-DO-NOT-DELETE/5559f2f0-5f1d-11ea-9a06-0ac92d082ee0", "DriftInformation": {"StackDriftStatus": "NOT_CHECKED"}, "Description": "AWS CloudFormation template to create custom AWS Config rules. You will be billed for the AWS resources used if you create a stack from this template.", "Parameters": [{"ParameterValue": "", "ParameterKey": "VPCSGOPENONLYTOAUTHORIZEDPORTSauthorizedUdpPorts"}, {"ParameterValue": "60", "ParameterKey": "AMIOUTDATEDCHECKNumberOfDays"}, {"ParameterValue": "", "ParameterKey": "ELBLOGGINGENABLEDs3BucketName"}, {"ParameterValue": "", "ParameterKey": "MULTIREGIONCLOUDTRAILENABLEDsnsTopicArn"}, {"ParameterValue": "", "ParameterKey": "MULTIREGIONCLOUDTRAILENABLEDcloudWatchLogsLogGroupArn"}, {"ParameterValue": "", "ParameterKey": "DBINSTANCEBACKUPENABLEDcheckReadReplicas"}, {"ParameterValue": "", "ParameterKey": "MULTIREGIONCLOUDTRAILENABLEDincludeManagementEvents"}, {"ParameterValue": "", "ParameterKey": "EC2VOLUMEINUSECHECKdeleteOnTermination"}, {"ParameterValue": "", "ParameterKey": "S3BUCKETVERSIONINGENABLEDisMfaDeleteEnabled"}, {"ParameterValue": "204870073141", "ParameterKey": "LambdaAccountId"}, {"ParameterValue": "", "ParameterKey": "EBSENCRYPTEDVOLUMESV2SubnetExceptionList"}, {"ParameterValue": "", "ParameterKey": "DBINSTANCEBACKUPENABLEDpreferredBackupWindow"}, {"ParameterValue": "", "ParameterKey": "AMIOUTDATEDCHECKWhitelistedInstances"}, {"ParameterValue": "", "ParameterKey": "ACMCERTIFICATEEXPIRATIONCHECKdaysToExpiration"}, {"ParameterValue": "", "ParameterKey": "MULTIREGIONCLOUDTRAILENABLEDs3BucketName"}, {"ParameterValue": "", "ParameterKey": "MULTIREGIONCLOUDTRAILENABLEDreadWriteType"}, {"ParameterValue": "443", "ParameterKey": "VPCSGOPENONLYTOAUTHORIZEDPORTSauthorizedTcpPorts"}, {"ParameterValue": "", "ParameterKey": "RDSSTORAGEENCRYPTEDkmsKeyId"}, {"ParameterValue": "", "ParameterKey": "EBSENCRYPTEDVOLUMESV2VolumeExceptionList"}, {"ParameterValue": "", "ParameterKey": "AMIOUTDATEDCHECKWhitelistedAmis"}, {"ParameterValue": "", "ParameterKey": "DBINSTANCEBACKUPENABLEDbackupRetentionPeriod"}, {"ParameterValue": "carrier.com", "ParameterKey": "SNSTOPICEMAILSUBINDOMAINSdomainNames"}], "Tags": [], "CreationTime": "2020-03-05T20:10:17.930000+00:00", "Capabilities": ["CAPABILITY_NAMED_IAM"], "StackName": "Compliance-Engine-Benchmark-DO-NOT-DELETE", "NotificationARNs": [], "StackStatus": "UPDATE_COMPLETE", "DisableRollback": false, "RollbackConfiguration": {}, "LastUpdatedTime": "2020-05-05T23:36:53.205000+00:00"}, {"StackId": "arn:aws:cloudformation:eu-west-1:043898046743:stack/StackSet-AWS-Landing-Zone-Baseline-EnableConfigRules-c01a9db7-3d3c-4239-bd23-2d65216772f3/bec61690-3fa8-11ea-92ca-0aac2484be2a", "DriftInformation": {"StackDriftStatus": "NOT_CHECKED"}, "Description": "Enables an AWS Landing Zone account baseline AWS Config rules.", "Parameters": [{"ParameterValue": "false", "ParameterKey": "EnableRdsEncryptionRule"}, {"ParameterValue": "false", "ParameterKey": "EnableS3PublicWriteRule"}, {"ParameterValue": "", "ParameterKey": "KMSId"}, {"ParameterValue": "TwentyFour_Hours", "ParameterKey": "MaximumExecutionFrequency"}, {"ParameterValue": "false", "ParameterKey": "EnableEncryptedVolumesRule"}, {"ParameterValue": "false", "ParameterKey": "EnableRestrictedCommonPortsRule"}, {"ParameterValue": "4333", "ParameterKey": "blockedPort5"}, {"ParameterValue": "false", "ParameterKey": "EnableS3PublicReadRule"}, {"ParameterValue": "3389", "ParameterKey": "blockedPort3"}, {"ParameterValue": "3306", "ParameterKey": "blockedPort4"}, {"ParameterValue": "20", "ParameterKey": "blockedPort1"}, {"ParameterValue": "21", "ParameterKey": "blockedPort2"}, {"ParameterValue": "false", "ParameterKey": "EnableS3ServerSideEncryptionRule"}, {"ParameterValue": "false", "ParameterKey": "EnableRestrictedSshRule"}], "Tags": [{"Value": "LandingZoneStackSet", "Key": "AWS_Solutions"}, {"Value": "AMSInfrastructure", "Key": "AppId"}, {"Value": "AMSInfrastructure", "Key": "Environment"}, {"Value": "LandingZoneStackSet", "Key": "TemplateId"}, {"Value": "AMSInfrastructure", "Key": "AppName"}], "CreationTime": "2020-01-25T19:27:37.718000+00:00", "Capabilities": ["CAPABILITY_IAM", "CAPABILITY_NAMED_IAM"], "StackName": "StackSet-AWS-Landing-Zone-Baseline-EnableConfigRules-c01a9db7-3d3c-4239-bd23-2d65216772f3", "NotificationARNs": ["arn:aws:sns:eu-west-1:740554312712:StackSet-AWS-Landing-Zone-Baseline-EnableConfigRules-c01a9db7-3d3c-4239-bd23-2d65216772f3"], "StackStatus": "UPDATE_COMPLETE", "DisableRollback": false, "RollbackConfiguration": {}, "LastUpdatedTime": "2020-01-27T20:55:50.238000+00:00"}, {"StackId": "arn:aws:cloudformation:eu-west-1:043898046743:stack/StackSet-AWS-Landing-Zone-Baseline-EnableConfig-29f4f689-1189-4696-92b6-fb5324aae210/aacacd40-3fa6-11ea-b8b1-0ae0d664c880", "DriftInformation": {"StackDriftStatus": "NOT_CHECKED"}, "Description": "Enable AWS Config,", "Parameters": [{"ParameterValue": "true", "ParameterKey": "IncludeGlobalResourceTypes"}, {"ParameterValue": "AWS::CloudTrail::Trail", "ParameterKey": "ResourceTypes"}, {"ParameterValue": "LZNotify", "ParameterKey": "NotifyDisplayName"}, {"ParameterValue": "arn:aws:sns:ap-northeast-1:478999156681:AWS-Landing-Zone-All-Config-Notifications", "ParameterKey": "TopicArn"}, {"ParameterValue": "Landing-Zone-Delivery-Channel", "ParameterKey": "DeliveryChannelName"}, {"ParameterValue": "14", "ParameterKey": "LogsRetentionInDays"}, {"ParameterValue": "aws-landing-zone-logs-031247562193-us-east-1", "ParameterKey": "BucketName"}, {"ParameterValue": "true", "ParameterKey": "EnableConfigRuleComplianceChangeAlarm"}, {"ParameterValue": "arn:aws:sns:ap-northeast-1:478999156681:AWS-Landing-Zone-Aggregate-Security-Notifications", "ParameterKey": "SecurityNotificationTopicArn"}, {"ParameterValue": "24hours", "ParameterKey": "Frequency"}, {"ParameterValue": "AWS-Landing-Zone-Security-Notification", "ParameterKey": "NotifyTopicName"}, {"ParameterValue": "true", "ParameterKey": "AllSupported"}, {"ParameterValue": "o-8baopjpjb4", "ParameterKey": "AWSLogsS3KeyPrefix"}], "Tags": [{"Value": "LandingZoneStackSet", "Key": "AWS_Solutions"}, {"Value": "AMSInfrastructure", "Key": "AppId"}, {"Value": "AMSInfrastructure", "Key": "Environment"}, {"Value": "LandingZoneStackSet", "Key": "TemplateId"}, {"Value": "AMSInfrastructure", "Key": "AppName"}], "CreationTime": "2020-01-25T19:12:45.410000+00:00", "Capabilities": ["CAPABILITY_NAMED_IAM"], "StackName": "StackSet-AWS-Landing-Zone-Baseline-EnableConfig-29f4f689-1189-4696-92b6-fb5324aae210", "NotificationARNs": ["arn:aws:sns:eu-west-1:740554312712:StackSet-AWS-Landing-Zone-Baseline-EnableConfig-29f4f689-1189-4696-92b6-fb5324aae210"], "StackStatus": "UPDATE_COMPLETE", "DisableRollback": false, "RollbackConfiguration": {}, "LastUpdatedTime": "2020-03-27T16:16:35.242000+00:00"}], "ResponseMetadata": {"RetryAttempts": 0, "HTTPStatusCode": 200, "RequestId": "d55e1dcb-d093-417d-8312-b1c278a5712c", "HTTPHeaders": {"x-amzn-requestid": "d55e1dcb-d093-417d-8312-b1c278a5712c", "content-type": "text/xml", "content-length": "63323", "vary": "accept-encoding", "date": "Tue, 19 May 2020 15:17:56 GMT"}}}}