{"region": "us-east-1", "operation": "ListStacks", "service": "cloudformation", "response": {"StackSummaries": [{"StackId": "arn:aws:cloudformation:us-east-1:043898046743:stack/CYDERES/f911d820-96d8-11ea-ae49-12b57bb5da09", "DeletionTime": "2020-05-15T18:22:10.339000+00:00", "TemplateDescription": "Nested for required stacks to deploy Cyderes-recommended resources.", "CreationTime": "2020-05-15T18:22:03.145000+00:00", "StackName": "CYDERES", "StackStatus": "ROLLBACK_COMPLETE", "DriftInformation": {"StackDriftStatus": "NOT_CHECKED"}}, {"StackId": "arn:aws:cloudformation:us-east-1:043898046743:stack/StackSet-FlowLogGroup-150e56e4-da55-4fe1-adaf-282d8efb8967/016b22c0-94a3-11ea-b7a8-0ea20f614b35", "StackName": "StackSet-FlowLogGroup-150e56e4-da55-4fe1-adaf-282d8efb8967", "CreationTime": "2020-05-12T22:50:41.456000+00:00", "StackStatus": "CREATE_COMPLETE", "DriftInformation": {"StackDriftStatus": "NOT_CHECKED"}}, {"StackId": "arn:aws:cloudformation:us-east-1:043898046743:stack/qualys-EC2-Connector/0f32a940-9459-11ea-8f50-12305fa4f4bd", "LastUpdatedTime": "2020-05-12T16:41:17.972000+00:00", "TemplateDescription": " IAM Role for Qualys EC2 Connector to fetch instances", "CreationTime": "2020-05-12T14:01:21.702000+00:00", "StackName": "qualys-EC2-Connector", "StackStatus": "UPDATE_COMPLETE", "DriftInformation": {"StackDriftStatus": "NOT_CHECKED"}}, {"StackId": "arn:aws:cloudformation:us-east-1:043898046743:stack/StackSet-PrismaCloudRole-c62f949c-d65e-4a05-9809-7a4163654f07/0ed96da0-8fe3-11ea-b862-12d8771823f5", "LastUpdatedTime": "2020-05-11T21:21:06.444000+00:00", "TemplateDescription": "Prisma Cloud IAM Role to set read permissions", "CreationTime": "2020-05-06T21:46:35.901000+00:00", "StackName": "StackSet-PrismaCloudRole-c62f949c-d65e-4a05-9809-7a4163654f07", "StackStatus": "UPDATE_COMPLETE", "DriftInformation": {"StackDriftStatus": "NOT_CHECKED"}}, {"StackId": "arn:aws:cloudformation:us-east-1:043898046743:stack/VpcFlowLogs-vpc-05dff179d55496415/02ea83d0-8bb0-11ea-9c2f-0edf444c3fff", "DriftInformation": {"StackDriftStatus": "NOT_CHECKED"}, "TemplateDescription": "VPC flow logs IAM policy and role.", "CreationTime": "2020-05-01T13:31:06.801000+00:00", "StackName": "VpcFlowLogs-vpc-05dff179d55496415", "StackStatus": "CREATE_COMPLETE"}, {"StackId": "arn:aws:cloudformation:us-east-1:043898046743:stack/VpcFlowLogsIam/db624690-8baf-11ea-96eb-0e58854680da", "DriftInformation": {"StackDriftStatus": "NOT_CHECKED"}, "TemplateDescription": "VPC flow logs IAM policy and role.", "CreationTime": "2020-05-01T13:30:00.534000+00:00", "StackName": "VpcFlowLogsIam", "StackStatus": "CREATE_COMPLETE"}, {"StackId": "arn:aws:cloudformation:us-east-1:043898046743:stack/csf-prod-security-remediate-config-enable/43580a20-8000-11ea-ad29-0e706f74ed45", "DriftInformation": {"StackDriftStatus": "NOT_CHECKED"}, "TemplateDescription": "Remediation for Config service being disabled", "CreationTime": "2020-04-16T16:35:20.837000+00:00", "StackName": "csf-prod-security-remediate-config-enable", "StackStatus": "CREATE_COMPLETE"}, {"StackId": "arn:aws:cloudformation:us-east-1:043898046743:stack/csf-prod-security-CWMetricFilterAndAlarms/2fc4bf80-8000-11ea-8ffc-0a3238f55eb3", "DriftInformation": {"StackDriftStatus": "NOT_CHECKED"}, "TemplateDescription": "Cloudwatch Log Metric Filters for Log Steams and Alarms ", "CreationTime": "2020-04-16T16:34:47.943000+00:00", "StackName": "csf-prod-security-CWMetricFilterAndAlarms", "StackStatus": "CREATE_COMPLETE"}, {"StackId": "arn:aws:cloudformation:us-east-1:043898046743:stack/csf-prod-security-remediate-kms-custom-cmk-key-rotation/43791c20-7fff-11ea-8754-0a6046b66d41", "DriftInformation": {"StackDriftStatus": "NOT_CHECKED"}, "TemplateDescription": "Remediation for KMS Key rotation being disabled", "CreationTime": "2020-04-16T16:28:11.662000+00:00", "StackName": "csf-prod-security-remediate-kms-custom-cmk-key-rotation", "StackStatus": "CREATE_COMPLETE"}, {"StackId": "arn:aws:cloudformation:us-east-1:043898046743:stack/csf-prod-security-remediate-iam-key-rotation/4381f5c0-7fff-11ea-af79-0e0e50fbc697", "DriftInformation": {"StackDriftStatus": "NOT_CHECKED"}, "TemplateDescription": "Remediation for Unused IAM Credentials", "CreationTime": "2020-04-16T16:28:11.621000+00:00", "StackName": "csf-prod-security-remediate-iam-key-rotation", "StackStatus": "CREATE_COMPLETE"}, {"StackId": "arn:aws:cloudformation:us-east-1:043898046743:stack/csf-prod-security-remediate-iam-user-console-access-no-mfa/43595f20-7fff-11ea-a742-12717722e021", "DriftInformation": {"StackDriftStatus": "NOT_CHECKED"}, "TemplateDescription": "Remediation for IAM Users with Console Access and NO MFA Enabled", "CreationTime": "2020-04-16T16:28:11.579000+00:00", "StackName": "csf-prod-security-remediate-iam-user-console-access-no-mfa", "StackStatus": "CREATE_COMPLETE"}, {"StackId": "arn:aws:cloudformation:us-east-1:043898046743:stack/csf-prod-security-remediate-s3-bucket-access-logging/43774760-7fff-11ea-b6af-12f8925a37c4", "DriftInformation": {"StackDriftStatus": "NOT_CHECKED"}, "TemplateDescription": "Remediation S3 Bucket Access Log Enabling", "CreationTime": "2020-04-16T16:28:11.529000+00:00", "StackName": "csf-prod-security-remediate-s3-bucket-access-logging", "StackStatus": "CREATE_COMPLETE"}, {"StackId": "arn:aws:cloudformation:us-east-1:043898046743:stack/csf-prod-security-remediate-unvalidated-cloudtrail-logging/4358e9f0-7fff-11ea-9169-0ea6b7109c22", "DriftInformation": {"StackDriftStatus": "NOT_CHECKED"}, "TemplateDescription": "Remediation for unvalidated Cloudtrail logfiles", "CreationTime": "2020-04-16T16:28:11.527000+00:00", "StackName": "csf-prod-security-remediate-unvalidated-cloudtrail-logging", "StackStatus": "CREATE_COMPLETE"}, {"StackId": "arn:aws:cloudformation:us-east-1:043898046743:stack/csf-prod-security-remediate-vpc-flow-log-enable/4368c870-7fff-11ea-879e-0e8805686543", "DriftInformation": {"StackDriftStatus": "NOT_CHECKED"}, "TemplateDescription": "Remediation for VPC Flow Log Enable", "CreationTime": "2020-04-16T16:28:11.482000+00:00", "StackName": "csf-prod-security-remediate-vpc-flow-log-enable", "StackStatus": "CREATE_COMPLETE"}, {"StackId": "arn:aws:cloudformation:us-east-1:043898046743:stack/csf-prod-security-remediate-password-policy/4369d9e0-7fff-11ea-88b5-0e58854680da", "DriftInformation": {"StackDriftStatus": "NOT_CHECKED"}, "TemplateDescription": "Remediation for Password Policy", "CreationTime": "2020-04-16T16:28:11.470000+00:00", "StackName": "csf-prod-security-remediate-password-policy", "StackStatus": "CREATE_COMPLETE"}, {"StackId": "arn:aws:cloudformation:us-east-1:043898046743:stack/csf-prod-security-remediate-s3-ssl-requests-only/43685340-7fff-11ea-8df0-0af77bd56d08", "DriftInformation": {"StackDriftStatus": "NOT_CHECKED"}, "TemplateDescription": "Remediation for S3 buckets requiring SSL only requests", "CreationTime": "2020-04-16T16:28:11.428000+00:00", "StackName": "csf-prod-security-remediate-s3-ssl-requests-only", "StackStatus": "CREATE_COMPLETE"}, {"StackId": "arn:aws:cloudformation:us-east-1:043898046743:stack/csf-prod-security-remediate-managed-policies-attached-to-users/43639850-7fff-11ea-b998-0ad23187ddb2", "DriftInformation": {"StackDriftStatus": "NOT_CHECKED"}, "TemplateDescription": "Remediation for Managed Policies Attached to Users", "CreationTime": "2020-04-16T16:28:11.404000+00:00", "StackName": "csf-prod-security-remediate-managed-policies-attached-to-users", "StackStatus": "CREATE_COMPLETE"}, {"StackId": "arn:aws:cloudformation:us-east-1:043898046743:stack/csf-prod-security-remediate-iam-admin-policies/43595f20-7fff-11ea-8581-0a59ae10838a", "DriftInformation": {"StackDriftStatus": "NOT_CHECKED"}, "TemplateDescription": "Remediation for IAM Policies with Admin access", "CreationTime": "2020-04-16T16:28:11.333000+00:00", "StackName": "csf-prod-security-remediate-iam-admin-policies", "StackStatus": "CREATE_COMPLETE"}, {"StackId": "arn:aws:cloudformation:us-east-1:043898046743:stack/csf-prod-security-remediate-database-exposed-in-public-subnet/43558e90-7fff-11ea-8077-121fa677fe9a", "DriftInformation": {"StackDriftStatus": "NOT_CHECKED"}, "TemplateDescription": "Remediation for Databases Exposed in Public Subnets", "CreationTime": "2020-04-16T16:28:11.294000+00:00", "StackName": "csf-prod-security-remediate-database-exposed-in-public-subnet", "StackStatus": "CREATE_COMPLETE"}, {"StackId": "arn:aws:cloudformation:us-east-1:043898046743:stack/csf-prod-security-remediate-cloudtrail-without-organization/43486f30-7fff-11ea-ac9f-121b58656156", "DriftInformation": {"StackDriftStatus": "NOT_CHECKED"}, "TemplateDescription": "Remediation for a Cloudtrail not bound to the organization", "CreationTime": "2020-04-16T16:28:11.265000+00:00", "StackName": "csf-prod-security-remediate-cloudtrail-without-organization", "StackStatus": "CREATE_COMPLETE"}, {"StackId": "arn:aws:cloudformation:us-east-1:043898046743:stack/csf-prod-security-remediate-cloudtrail-without-log-group/43486f30-7fff-11ea-95f2-0aa9a390fc79", "DriftInformation": {"StackDriftStatus": "NOT_CHECKED"}, "TemplateDescription": "Remediation for a Cloudtrail not bound to a Cloudwatch log group", "CreationTime": "2020-04-16T16:28:11.236000+00:00", "StackName": "csf-prod-security-remediate-cloudtrail-without-log-group", "StackStatus": "CREATE_COMPLETE"}, {"StackId": "arn:aws:cloudformation:us-east-1:043898046743:stack/csf-prod-security-remediate-disabled-cloudtrail/433bec10-7fff-11ea-9818-0a55488d44ba", "DriftInformation": {"StackDriftStatus": "NOT_CHECKED"}, "TemplateDescription": "Remediation for Disabled Cloudtrails", "CreationTime": "2020-04-16T16:28:11.191000+00:00", "StackName": "csf-prod-security-remediate-disabled-cloudtrail", "StackStatus": "CREATE_COMPLETE"}, {"StackId": "arn:aws:cloudformation:us-east-1:043898046743:stack/csf-prod-security-remediate-security-group-ingress-ssh/43433f10-7fff-11ea-8fd9-12dace8e8b83", "DriftInformation": {"StackDriftStatus": "NOT_CHECKED"}, "TemplateDescription": "Remediation for SSH ingress open ports", "CreationTime": "2020-04-16T16:28:11.167000+00:00", "StackName": "csf-prod-security-remediate-security-group-ingress-ssh", "StackStatus": "CREATE_COMPLETE"}, {"StackId": "arn:aws:cloudformation:us-east-1:043898046743:stack/csf-prod-security-remediate-s3-bucket-read-write-public-access/43327630-7fff-11ea-b327-0ee5b554e1bc", "DriftInformation": {"StackDriftStatus": "NOT_CHECKED"}, "TemplateDescription": "Remediation for S3 Bucket Public Read Write Accesss", "CreationTime": "2020-04-16T16:28:11.038000+00:00", "StackName": "csf-prod-security-remediate-s3-bucket-read-write-public-access", "StackStatus": "CREATE_COMPLETE"}, {"StackId": "arn:aws:cloudformation:us-east-1:043898046743:stack/csf-prod-security-remediate-security-group-ingress-rdp/430e4c60-7fff-11ea-be4d-1214c28caebf", "DriftInformation": {"StackDriftStatus": "NOT_CHECKED"}, "TemplateDescription": "Remediation for RDP ingress open ports", "CreationTime": "2020-04-16T16:28:11.032000+00:00", "StackName": "csf-prod-security-remediate-security-group-ingress-rdp", "StackStatus": "CREATE_COMPLETE"}, {"StackId": "arn:aws:cloudformation:us-east-1:043898046743:stack/csf-prod-security-remediate-s3-bucket-server-side-encryption/4316b0d0-7fff-11ea-ba8c-0e9711d18427", "DriftInformation": {"StackDriftStatus": "NOT_CHECKED"}, "TemplateDescription": "Remediation for S3 bucket SSE", "CreationTime": "2020-04-16T16:28:11.026000+00:00", "StackName": "csf-prod-security-remediate-s3-bucket-server-side-encryption", "StackStatus": "CREATE_COMPLETE"}, {"StackId": "arn:aws:cloudformation:us-east-1:043898046743:stack/csf-prod-security-remediate-unused-iam-cred/42f434b0-7fff-11ea-a8e7-0a78092beb51", "DriftInformation": {"StackDriftStatus": "NOT_CHECKED"}, "TemplateDescription": "Remediation for Unused IAM Credentials", "CreationTime": "2020-04-16T16:28:10.697000+00:00", "StackName": "csf-prod-security-remediate-unused-iam-cred", "StackStatus": "CREATE_COMPLETE"}, {"StackId": "arn:aws:cloudformation:us-east-1:043898046743:stack/csf-prod-security-remediate-vpc-default-security-group/42dbf1c0-7fff-11ea-8e27-12342204bca9", "DriftInformation": {"StackDriftStatus": "NOT_CHECKED"}, "TemplateDescription": "Remediation for VPC default SG having any open ports", "CreationTime": "2020-04-16T16:28:10.646000+00:00", "StackName": "csf-prod-security-remediate-vpc-default-security-group", "StackStatus": "CREATE_COMPLETE"}, {"StackId": "arn:aws:cloudformation:us-east-1:043898046743:stack/csf-prod-security-remediate-unencrypted-cloudtrail/42e0d3c0-7fff-11ea-b42a-0e1b8dfea4f7", "DriftInformation": {"StackDriftStatus": "NOT_CHECKED"}, "TemplateDescription": "Remediation for Unencrypted Cloudtrail logfiles", "CreationTime": "2020-04-16T16:28:10.563000+00:00", "StackName": "csf-prod-security-remediate-unencrypted-cloudtrail", "StackStatus": "CREATE_COMPLETE"}, {"StackId": "arn:aws:cloudformation:us-east-1:043898046743:stack/csf-prod-security-custom-config-rules/1b5932c0-7fff-11ea-8077-121fa677fe9a", "DriftInformation": {"StackDriftStatus": "NOT_CHECKED"}, "TemplateDescription": "AWS Config custom rules.", "CreationTime": "2020-04-16T16:27:04.402000+00:00", "StackName": "csf-prod-security-custom-config-rules", "StackStatus": "CREATE_COMPLETE"}, {"StackId": "arn:aws:cloudformation:us-east-1:043898046743:stack/StackSet-CarrierSecurityDeploymentRole-dee3419b-7508-4d4d-b7b1-f928c2a3476c/f64eb950-7e96-11ea-8cef-0a726edfb5e3", "LastUpdatedTime": "2020-05-11T17:14:28.108000+00:00", "TemplateDescription": "IAM role and managed policy.", "CreationTime": "2020-04-14T21:29:03.234000+00:00", "StackName": "StackSet-CarrierSecurityDeploymentRole-dee3419b-7508-4d4d-b7b1-f928c2a3476c", "StackStatus": "UPDATE_COMPLETE", "DriftInformation": {"StackDriftStatus": "NOT_CHECKED"}}, {"StackId": "arn:aws:cloudformation:us-east-1:043898046743:stack/StackSet-LambdaEncryptedAmiCopyChildAccountAssumeRole-c38eceb5-c251-4cbb-b74a-0abe1bce7da0/ad013b00-782a-11ea-a67d-0e763951b664", "StackName": "StackSet-LambdaEncryptedAmiCopyChildAccountAssumeRole-c38eceb5-c251-4cbb-b74a-0abe1bce7da0", "CreationTime": "2020-04-06T17:18:47.600000+00:00", "StackStatus": "CREATE_COMPLETE", "DriftInformation": {"StackDriftStatus": "NOT_CHECKED"}}, {"StackId": "arn:aws:cloudformation:us-east-1:043898046743:stack/StackSet-LambdaEncryptedAmiCopy-3d087211-feac-4263-a90e-e5b21ccc3b52/b5fb4630-7828-11ea-a466-0a4f04019892", "DriftInformation": {"StackDriftStatus": "NOT_CHECKED"}, "TemplateDescription": "Creates lambda function to encrypt AMIs from Image Builder", "CreationTime": "2020-04-06T17:04:43.704000+00:00", "StackName": "StackSet-LambdaEncryptedAmiCopy-3d087211-feac-4263-a90e-e5b21ccc3b52", "StackStatus": "CREATE_COMPLETE"}, {"StackId": "arn:aws:cloudformation:us-east-1:043898046743:stack/StackSet-LambdaExecutionRoleEncrptedAmiCopy-1b62ffcf-ae41-46e6-a218-5183c05489e4/0cae35b0-7828-11ea-a67e-124c09213289", "DriftInformation": {"StackDriftStatus": "NOT_CHECKED"}, "TemplateDescription": "Creates lambda function to encrypt AMIs from Image Builder", "CreationTime": "2020-04-06T16:59:59.634000+00:00", "StackName": "StackSet-LambdaExecutionRoleEncrptedAmiCopy-1b62ffcf-ae41-46e6-a218-5183c05489e4", "StackStatus": "CREATE_COMPLETE"}, {"StackId": "arn:aws:cloudformation:us-east-1:043898046743:stack/StackSet-AWS-Landing-Zone-Baseline-CloudWatchRules-fb90b0d1-38f0-4561-9639-7867d2f3d658/7cea91a0-7055-11ea-aaf3-0e1ad0c392f9", "DriftInformation": {"StackDriftStatus": "NOT_CHECKED"}, "CreationTime": "2020-03-27T18:05:06.018000+00:00", "StackName": "StackSet-AWS-Landing-Zone-Baseline-CloudWatchRules-fb90b0d1-38f0-4561-9639-7867d2f3d658", "StackStatus": "UPDATE_COMPLETE", "LastUpdatedTime": "2020-03-28T01:07:08.695000+00:00"}, {"StackId": "arn:aws:cloudformation:us-east-1:043898046743:stack/StackSet-AWS-Landing-Zone-Baseline-CreateNaclRole-81c9235d-31db-4ecf-a7ad-c5384b26885f/107469a0-6e5d-11ea-b8ee-0afe492705d7", "DriftInformation": {"StackDriftStatus": "NOT_CHECKED"}, "TemplateDescription": "Deploy Block Ingress/Egress role for Lambda function", "CreationTime": "2020-03-25T05:54:17.679000+00:00", "StackName": "StackSet-AWS-Landing-Zone-Baseline-CreateNaclRole-81c9235d-31db-4ecf-a7ad-c5384b26885f", "StackStatus": "CREATE_COMPLETE"}, {"StackId": "arn:aws:cloudformation:us-east-1:043898046743:stack/Stackset-AWS-Migration-Factory/2f20f900-6894-11ea-a01a-12e346dd5d0c", "DriftInformation": {"StackDriftStatus": "NOT_CHECKED"}, "TemplateDescription": "This is a sample, non-production-ready template for building AWS environment (c) 2018 Amazon Web Services, Inc. or its affiliates. All Rights Reserved. This AWS Content is provided subject to the terms of the AWS Customer Agreement available at http://aws.amazon.com/agreement or other written agreement between Customer and Amazon Web Services, Inc.\"", "CreationTime": "2020-03-17T21:13:44.774000+00:00", "StackName": "Stackset-AWS-Migration-Factory", "StackStatus": "CREATE_COMPLETE"}, {"StackId": "arn:aws:cloudformation:us-east-1:043898046743:stack/Compliance-Engine-Benchmark-DO-NOT-DELETE/d32711d0-6702-11ea-b06b-0e09773e6f3f", "LastUpdatedTime": "2020-05-13T22:07:25.247000+00:00", "TemplateDescription": "AWS CloudFormation template to create custom AWS Config rules. You will be billed for the AWS resources used if you create a stack from this template.", "CreationTime": "2020-03-15T21:59:17.289000+00:00", "StackName": "Compliance-Engine-Benchmark-DO-NOT-DELETE", "StackStatus": "UPDATE_ROLLBACK_COMPLETE", "DriftInformation": {"StackDriftStatus": "NOT_CHECKED"}}, {"StackId": "arn:aws:cloudformation:us-east-1:043898046743:stack/StackSet-Compliance-as-code-80967eac-2b95-4ebc-afd9-265c8a300344/a6977340-66f7-11ea-be37-0a0207fddeaf", "LastUpdatedTime": "2020-03-18T20:44:14.313000+00:00", "TemplateDescription": "Initialize the Compliance-as-Code oversight in this Application Account", "CreationTime": "2020-03-15T20:00:42.967000+00:00", "StackName": "StackSet-Compliance-as-code-80967eac-2b95-4ebc-afd9-265c8a300344", "StackStatus": "UPDATE_COMPLETE", "DriftInformation": {"StackDriftStatus": "NOT_CHECKED"}}, {"StackId": "arn:aws:cloudformation:us-east-1:043898046743:stack/StackSet-root-1ffd7dad-3666-4790-9977-9f97d3e9c488/e0ec08a0-5804-11ea-966b-12301089d57f", "LastUpdatedTime": "2020-05-07T19:54:12.895000+00:00", "TemplateDescription": "ROOT-AWS-Console-Sign-In-via-CloudTrail", "CreationTime": "2020-02-25T19:27:36.655000+00:00", "StackName": "StackSet-root-1ffd7dad-3666-4790-9977-9f97d3e9c488", "StackStatus": "UPDATE_COMPLETE", "DriftInformation": {"StackDriftStatus": "NOT_CHECKED"}}, {"StackId": "arn:aws:cloudformation:us-east-1:043898046743:stack/ams-shared-services-vpc/3e4cb8b0-4161-11ea-96ca-0eac0ccc6c9d", "LastUpdatedTime": "2020-01-28T20:38:07.164000+00:00", "TemplateDescription": "MALZ Template for creating Shared Services VPC in the Shared Services Account(core). This template should only be deployed by the Create Infrastructure CT.", "CreationTime": "2020-01-28T00:00:50.585000+00:00", "StackName": "ams-shared-services-vpc", "StackStatus": "UPDATE_COMPLETE", "DriftInformation": {"StackDriftStatus": "NOT_CHECKED"}}, {"StackId": "arn:aws:cloudformation:us-east-1:043898046743:stack/StackSet-ams-vpc-flowlogs-role-143bc82d-561e-4ba5-b9a1-dd914857ba42/5e2c5120-413b-11ea-be56-0e353767367b", "DriftInformation": {"StackDriftStatus": "NOT_CHECKED"}, "TemplateDescription": "MALZ Template for deploying the VPC Flow Logs Role. This template should be deployed by the Put Infrastructure Stack Set Ct.", "CreationTime": "2020-01-27T19:29:42.835000+00:00", "StackName": "StackSet-ams-vpc-flowlogs-role-143bc82d-561e-4ba5-b9a1-dd914857ba42", "StackStatus": "CREATE_COMPLETE"}, {"StackId": "arn:aws:cloudformation:us-east-1:043898046743:stack/StackSet-AWS-Landing-Zone-Baseline-EnableConfigRules-1f3dcbb2-554b-4660-85df-4d9f97d29a24/e09cf5e0-3fa8-11ea-a2bc-0e3038696552", "LastUpdatedTime": "2020-01-27T20:48:51.652000+00:00", "TemplateDescription": "Enables an AWS Landing Zone account baseline AWS Config rules.", "CreationTime": "2020-01-25T19:28:34.499000+00:00", "StackName": "StackSet-AWS-Landing-Zone-Baseline-EnableConfigRules-1f3dcbb2-554b-4660-85df-4d9f97d29a24", "StackStatus": "UPDATE_COMPLETE", "DriftInformation": {"StackDriftStatus": "NOT_CHECKED"}}, {"StackId": "arn:aws:cloudformation:us-east-1:043898046743:stack/StackSet-AWS-Landing-Zone-Baseline-EnableNotifications-241b36ac-1762-48a6-ac69-a323b65c5ff8/7ac6b580-3fa8-11ea-8eda-12878b97cc21", "LastUpdatedTime": "2020-01-27T20:46:23.889000+00:00", "TemplateDescription": "AWS CloudTrail API Activity Alarm Template for CloudWatch Logs", "CreationTime": "2020-01-25T19:25:43.734000+00:00", "StackName": "StackSet-AWS-Landing-Zone-Baseline-EnableNotifications-241b36ac-1762-48a6-ac69-a323b65c5ff8", "StackStatus": "UPDATE_COMPLETE", "DriftInformation": {"StackDriftStatus": "NOT_CHECKED"}}, {"StackId": "arn:aws:cloudformation:us-east-1:043898046743:stack/StackSet-AWS-Landing-Zone-Baseline-EnableConfigRulesGlobal-60554e71-9d5b-4604-a956-9131adcf1f9b/76a08b70-3fa8-11ea-9a86-12cb3b0f9c64", "LastUpdatedTime": "2020-01-27T20:45:31.324000+00:00", "TemplateDescription": "Enables an AWS Landing Zone account baseline AWS Config rules.", "CreationTime": "2020-01-25T19:25:36.687000+00:00", "StackName": "StackSet-AWS-Landing-Zone-Baseline-EnableConfigRulesGlobal-60554e71-9d5b-4604-a956-9131adcf1f9b", "StackStatus": "UPDATE_COMPLETE", "DriftInformation": {"StackDriftStatus": "NOT_CHECKED"}}, {"StackId": "arn:aws:cloudformation:us-east-1:043898046743:stack/StackSet-AWS-Landing-Zone-Baseline-EnableConfig-e3cef763-99e7-459c-bbd8-bf19074a9bc1/88506580-3fa7-11ea-90a8-0a78092beb51", "LastUpdatedTime": "2020-03-27T16:14:01.531000+00:00", "TemplateDescription": "Enable AWS Config,", "CreationTime": "2020-01-25T19:18:57.098000+00:00", "StackName": "StackSet-AWS-Landing-Zone-Baseline-EnableConfig-e3cef763-99e7-459c-bbd8-bf19074a9bc1", "StackStatus": "UPDATE_COMPLETE", "DriftInformation": {"StackDriftStatus": "NOT_CHECKED"}}, {"StackId": "arn:aws:cloudformation:us-east-1:043898046743:stack/StackSet-AWS-Landing-Zone-Baseline-EnableCloudTrail-39a60c23-6819-4bc7-80f1-cf41ed38774a/0934a420-3fa5-11ea-a8e5-0ec9495d5707", "LastUpdatedTime": "2020-01-27T20:46:07.331000+00:00", "TemplateDescription": "Enable AWS CloudTrail. This template creates a CloudTrail trail, an Amazon S3 bucket where logs are published, and an Amazon SNS topic where notifications are sent.", "CreationTime": "2020-01-25T19:01:04.658000+00:00", "StackName": "StackSet-AWS-Landing-Zone-Baseline-EnableCloudTrail-39a60c23-6819-4bc7-80f1-cf41ed38774a", "StackStatus": "UPDATE_COMPLETE", "DriftInformation": {"StackDriftStatus": "NOT_CHECKED"}}, {"StackId": "arn:aws:cloudformation:us-east-1:043898046743:stack/StackSet-AWS-Landing-Zone-Baseline-IamPasswordPolicy-314b1a05-c576-45a9-834f-d249711598ed/07801650-3fa5-11ea-af1f-0af77bd56d08", "LastUpdatedTime": "2020-03-27T15:11:31.575000+00:00", "TemplateDescription": "Security: Account Password Policy, a cloudonaut.io template", "CreationTime": "2020-01-25T19:01:01.808000+00:00", "StackName": "StackSet-AWS-Landing-Zone-Baseline-IamPasswordPolicy-314b1a05-c576-45a9-834f-d249711598ed", "StackStatus": "UPDATE_COMPLETE", "DriftInformation": {"StackDriftStatus": "NOT_CHECKED"}}, {"StackId": "arn:aws:cloudformation:us-east-1:043898046743:stack/StackSet-AWS-Landing-Zone-Baseline-ConfigRole-e8448fb1-915e-4653-94e4-337fe64f6eab/07091190-3fa5-11ea-94c1-0eb21ddd4aff", "LastUpdatedTime": "2020-01-27T20:45:28.708000+00:00", "TemplateDescription": "Deploy AWS Config Recorder Role", "CreationTime": "2020-01-25T19:01:00.992000+00:00", "StackName": "StackSet-AWS-Landing-Zone-Baseline-ConfigRole-e8448fb1-915e-4653-94e4-337fe64f6eab", "StackStatus": "UPDATE_COMPLETE", "DriftInformation": {"StackDriftStatus": "NOT_CHECKED"}}], "ResponseMetadata": {"RetryAttempts": 0, "HTTPStatusCode": 200, "RequestId": "65984917-a612-43c1-9592-2570c80b17a3", "HTTPHeaders": {"x-amzn-requestid": "65984917-a612-43c1-9592-2570c80b17a3", "content-type": "text/xml", "content-length": "32194", "vary": "accept-encoding", "date": "Tue, 19 May 2020 15:18:47 GMT"}}}}