{"region": "us-east-1", "operation": "DescribeStacks", "service": "cloudformation", "response": {"Stacks": [{"StackId": "arn:aws:cloudformation:us-east-1:043898046743:stack/CYDERES/f911d820-96d8-11ea-ae49-12b57bb5da09", "DriftInformation": {"StackDriftStatus": "NOT_CHECKED"}, "Description": "Nested for required stacks to deploy Cyderes-recommended resources.", "Parameters": [{"ParameterValue": "", "ParameterKey": "pCloudtrailS3Bucket"}, {"ParameterValue": "cyderes-csoc-quickstart", "ParameterKey": "QSS3BucketName"}, {"ParameterValue": "https://inbound.cyderes.cloud/api", "ParameterKey": "pHttpIngestionEndpoint"}, {"ParameterValue": "c9fbc573-e9ce-431d-ae03-58ea6a634d3b", "ParameterKey": "pApiKey"}, {"ParameterValue": "No", "ParameterKey": "pCreatePrismaIntegration"}, {"ParameterValue": "No", "ParameterKey": "pCreateVpcFlowLogs"}, {"ParameterValue": "", "ParameterKey": "pTargetVpc"}, {"ParameterValue": "No", "ParameterKey": "pPermitCyderesCloudTrailBucketAccess"}], "Tags": [], "CreationTime": "2020-05-15T18:22:03.145000+00:00", "Capabilities": ["CAPABILITY_NAMED_IAM", "CAPABILITY_AUTO_EXPAND"], "StackName": "CYDERES", "NotificationARNs": [], "StackStatus": "ROLLBACK_COMPLETE", "DisableRollback": false, "RollbackConfiguration": {"RollbackTriggers": []}, "DeletionTime": "2020-05-15T18:22:10.339000+00:00"}, {"StackId": "arn:aws:cloudformation:us-east-1:043898046743:stack/StackSet-FlowLogGroup-150e56e4-da55-4fe1-adaf-282d8efb8967/016b22c0-94a3-11ea-b7a8-0ea20f614b35", "DriftInformation": {"StackDriftStatus": "NOT_CHECKED"}, "Tags": [], "CreationTime": "2020-05-12T22:50:41.456000+00:00", "StackName": "StackSet-FlowLogGroup-150e56e4-da55-4fe1-adaf-282d8efb8967", "NotificationARNs": ["arn:aws:sns:us-east-1:500917015339:StackSet-FlowLogGroup-150e56e4-da55-4fe1-adaf-282d8efb8967"], "StackStatus": "CREATE_COMPLETE", "DisableRollback": false, "RollbackConfiguration": {}}, {"StackId": "arn:aws:cloudformation:us-east-1:043898046743:stack/qualys-EC2-Connector/0f32a940-9459-11ea-8f50-12305fa4f4bd", "DriftInformation": {"StackDriftStatus": "NOT_CHECKED"}, "Description": " IAM Role for Qualys EC2 Connector to fetch instances", "Tags": [], "Outputs": [{"Description": "The ARN of the role that can be assumed by the Qualys EC2 Connector", "OutputKey": "RoleARN", "OutputValue": "arn:aws:iam::043898046743:role/Role_For_QualysEC2Connector"}], "CreationTime": "2020-05-12T14:01:21.702000+00:00", "Capabilities": ["CAPABILITY_NAMED_IAM"], "StackName": "qualys-EC2-Connector", "NotificationARNs": [], "StackStatus": "UPDATE_COMPLETE", "LastUpdatedTime": "2020-05-12T16:41:17.972000+00:00", "DisableRollback": false, "RollbackConfiguration": {"RollbackTriggers": []}}, {"StackId": "arn:aws:cloudformation:us-east-1:043898046743:stack/StackSet-PrismaCloudRole-c62f949c-d65e-4a05-9809-7a4163654f07/0ed96da0-8fe3-11ea-b862-12d8771823f5", "DriftInformation": {"StackDriftStatus": "NOT_CHECKED"}, "Description": "Prisma Cloud IAM Role to set read permissions", "Parameters": [{"ParameterValue": "PrismaCloudReadOnlyRole", "ParameterKey": "PrismaCloudRoleName"}, {"ParameterValue": "carriercyber3300", "ParameterKey": "ExternalID"}], "Tags": [{"Value": "gcs", "Key": "Department"}, {"Value": "maarten.walter@carrier.com", "Key": "ApplicationOwner"}, {"Value": "lt", "Key": "MaxLifeTime"}, {"Value": "109741", "Key": "CostCenter"}, {"Value": "1.0", "Key": "Version"}, {"Value": "whq", "Key": "BusinessUnit"}, {"Value": "n", "Key": "Backup"}, {"Value": "prod", "Key": "Environment"}, {"Value": "Platinum", "Key": "AppCat"}], "Outputs": [{"Description": "Role ARN to configure within PrismaCloud Account Setup", "OutputKey": "PrismaCloudARN", "OutputValue": "arn:aws:iam::043898046743:role/PrismaCloudReadOnlyRole"}], "CreationTime": "2020-05-06T21:46:35.901000+00:00", "Capabilities": ["CAPABILITY_NAMED_IAM"], "StackName": "StackSet-PrismaCloudRole-c62f949c-d65e-4a05-9809-7a4163654f07", "NotificationARNs": ["arn:aws:sns:us-east-1:500917015339:StackSet-PrismaCloudRole-c62f949c-d65e-4a05-9809-7a4163654f07"], "StackStatus": "UPDATE_COMPLETE", "DisableRollback": false, "RollbackConfiguration": {}, "LastUpdatedTime": "2020-05-11T21:21:06.444000+00:00"}, {"StackId": "arn:aws:cloudformation:us-east-1:043898046743:stack/VpcFlowLogs-vpc-05dff179d55496415/02ea83d0-8bb0-11ea-9c2f-0edf444c3fff", "DriftInformation": {"StackDriftStatus": "NOT_CHECKED"}, "Description": "VPC flow logs IAM policy and role.", "Parameters": [{"ParameterValue": "vpc-05dff179d55496415", "ParameterKey": "VpcId"}, {"ParameterValue": "arn:aws:iam::043898046743:role/VpcFlowLogsRole", "ParameterKey": "DeliverLogsPermissionArn"}], "Tags": [], "CreationTime": "2020-05-01T13:31:06.801000+00:00", "StackName": "VpcFlowLogs-vpc-05dff179d55496415", "NotificationARNs": [], "StackStatus": "CREATE_COMPLETE", "DisableRollback": false, "RollbackConfiguration": {}}, {"StackId": "arn:aws:cloudformation:us-east-1:043898046743:stack/VpcFlowLogsIam/db624690-8baf-11ea-96eb-0e58854680da", "DriftInformation": {"StackDriftStatus": "NOT_CHECKED"}, "Description": "VPC flow logs IAM policy and role.", "Tags": [], "Outputs": [{"Description": "VPC Flow Logs IAM role ARN.", "OutputKey": "IamRoleArn", "OutputValue": "arn:aws:iam::043898046743:role/VpcFlowLogsRole"}], "CreationTime": "2020-05-01T13:30:00.534000+00:00", "Capabilities": ["CAPABILITY_NAMED_IAM"], "StackName": "VpcFlowLogsIam", "NotificationARNs": [], "StackStatus": "CREATE_COMPLETE", "DisableRollback": false, "RollbackConfiguration": {}}, {"StackId": "arn:aws:cloudformation:us-east-1:043898046743:stack/csf-prod-security-remediate-config-enable/43580a20-8000-11ea-ad29-0e706f74ed45", "DriftInformation": {"StackDriftStatus": "NOT_CHECKED"}, "Description": "Remediation for Config service being disabled", "Parameters": [{"ParameterValue": "csf-prod-runway-us-east-1", "ParameterKey": "pS3BucketName"}, {"ParameterValue": "custom-resources/lambda-RemConfig-2aa5da33e02d0df2a2bd18bcbb17d73e.zip", "ParameterKey": "pProgramBundle"}, {"ParameterValue": "CloudTrail/Landing-Zone-Logs", "ParameterKey": "pLogGroupName"}, {"ParameterValue": "True", "ParameterKey": "pEnableRemediation"}, {"ParameterValue": "AWS-Landing-Zone-Security-Notification", "ParameterKey": "pSNSTopicARN"}], "Tags": [{"Value": "csf-prod", "Key": "cfngin_namespace"}], "CreationTime": "2020-04-16T16:35:20.837000+00:00", "Capabilities": ["CAPABILITY_NAMED_IAM", "CAPABILITY_AUTO_EXPAND"], "StackName": "csf-prod-security-remediate-config-enable", "NotificationARNs": [], "StackStatus": "CREATE_COMPLETE", "DisableRollback": false, "RollbackConfiguration": {}}, {"StackId": "arn:aws:cloudformation:us-east-1:043898046743:stack/csf-prod-security-CWMetricFilterAndAlarms/2fc4bf80-8000-11ea-8ffc-0a3238f55eb3", "DriftInformation": {"StackDriftStatus": "NOT_CHECKED"}, "Description": "Cloudwatch Log Metric Filters for Log Steams and Alarms ", "Parameters": [{"ParameterValue": "CloudTrail/Landing-Zone-Logs", "ParameterKey": "pLogGroupName"}, {"ParameterValue": "AWS-Landing-Zone-Security-Notification", "ParameterKey": "pSNSTopicARN"}], "Tags": [{"Value": "csf-prod", "Key": "cfngin_namespace"}], "CreationTime": "2020-04-16T16:34:47.943000+00:00", "Capabilities": ["CAPABILITY_NAMED_IAM", "CAPABILITY_AUTO_EXPAND"], "StackName": "csf-prod-security-CWMetricFilterAndAlarms", "NotificationARNs": [], "StackStatus": "CREATE_COMPLETE", "DisableRollback": false, "RollbackConfiguration": {}}, {"StackId": "arn:aws:cloudformation:us-east-1:043898046743:stack/csf-prod-security-remediate-kms-custom-cmk-key-rotation/43791c20-7fff-11ea-8754-0a6046b66d41", "DriftInformation": {"StackDriftStatus": "NOT_CHECKED"}, "Description": "Remediation for KMS Key rotation being disabled", "Parameters": [{"ParameterValue": "csf-prod-runway-us-east-1", "ParameterKey": "pS3BucketName"}, {"ParameterValue": "custom-resources/lambda-RemKMSKeyRotation-e8bcb9d7e8148dec1009f3e46eb306da.zip", "ParameterKey": "pProgramBundle"}, {"ParameterValue": "CMK_BACKING_KEY_ROTATION_ENABLED", "ParameterKey": "pKMSKeyRotationConfigRuleName"}, {"ParameterValue": "True", "ParameterKey": "pEnableRemediation"}, {"ParameterValue": "AWS-Landing-Zone-Security-Notification", "ParameterKey": "pSNSTopicARN"}], "Tags": [{"Value": "csf-prod", "Key": "cfngin_namespace"}], "CreationTime": "2020-04-16T16:28:11.662000+00:00", "Capabilities": ["CAPABILITY_NAMED_IAM", "CAPABILITY_AUTO_EXPAND"], "StackName": "csf-prod-security-remediate-kms-custom-cmk-key-rotation", "NotificationARNs": [], "StackStatus": "CREATE_COMPLETE", "DisableRollback": false, "RollbackConfiguration": {}}, {"StackId": "arn:aws:cloudformation:us-east-1:043898046743:stack/csf-prod-security-remediate-iam-key-rotation/4381f5c0-7fff-11ea-af79-0e0e50fbc697", "DriftInformation": {"StackDriftStatus": "NOT_CHECKED"}, "Description": "Remediation for Unused IAM Credentials", "Parameters": [{"ParameterValue": "ACCESS_KEYS_ROTATED", "ParameterKey": "pIAMKeyRotationConfigRuleName"}, {"ParameterValue": "csf-prod-runway-us-east-1", "ParameterKey": "pS3BucketName"}, {"ParameterValue": "custom-resources/lambda-RemIAMKeyRotation-cc3fa403544acb748a3da1ed01bdf941.zip", "ParameterKey": "pProgramBundle"}, {"ParameterValue": "90", "ParameterKey": "pDaysToRotate"}, {"ParameterValue": "True", "ParameterKey": "pEnableRemediation"}, {"ParameterValue": "AWS-Landing-Zone-Security-Notification", "ParameterKey": "pSNSTopicARN"}], "Tags": [{"Value": "csf-prod", "Key": "cfngin_namespace"}], "CreationTime": "2020-04-16T16:28:11.621000+00:00", "Capabilities": ["CAPABILITY_NAMED_IAM", "CAPABILITY_AUTO_EXPAND"], "StackName": "csf-prod-security-remediate-iam-key-rotation", "NotificationARNs": [], "StackStatus": "CREATE_COMPLETE", "DisableRollback": false, "RollbackConfiguration": {}}, {"StackId": "arn:aws:cloudformation:us-east-1:043898046743:stack/csf-prod-security-remediate-iam-user-console-access-no-mfa/43595f20-7fff-11ea-a742-12717722e021", "DriftInformation": {"StackDriftStatus": "NOT_CHECKED"}, "Description": "Remediation for IAM Users with Console Access and NO MFA Enabled", "Parameters": [{"ParameterValue": "csf-prod-runway-us-east-1", "ParameterKey": "pS3BucketName"}, {"ParameterValue": "custom-resources/lambda-RemIAMUserConsoleMFA-85fdce489beb7955c9e94a3296d1f125.zip", "ParameterKey": "pProgramBundle"}, {"ParameterValue": "MFA_ENABLED_FOR_IAM_CONSOLE_ACCESS", "ParameterKey": "pIAMUserConsoleNoFMAConfigRuleName"}, {"ParameterValue": "True", "ParameterKey": "pEnableRemediation"}, {"ParameterValue": "AWS-Landing-Zone-Security-Notification", "ParameterKey": "pSNSTopicARN"}], "Tags": [{"Value": "csf-prod", "Key": "cfngin_namespace"}], "CreationTime": "2020-04-16T16:28:11.579000+00:00", "Capabilities": ["CAPABILITY_NAMED_IAM", "CAPABILITY_AUTO_EXPAND"], "StackName": "csf-prod-security-remediate-iam-user-console-access-no-mfa", "NotificationARNs": [], "StackStatus": "CREATE_COMPLETE", "DisableRollback": false, "RollbackConfiguration": {}}, {"StackId": "arn:aws:cloudformation:us-east-1:043898046743:stack/csf-prod-security-remediate-s3-bucket-access-logging/43774760-7fff-11ea-b6af-12f8925a37c4", "DriftInformation": {"StackDriftStatus": "NOT_CHECKED"}, "Description": "Remediation S3 Bucket Access Log Enabling", "Parameters": [{"ParameterValue": "csf-prod-runway-us-east-1", "ParameterKey": "pS3BucketName"}, {"ParameterValue": "custom-resources/lambda-RemS3AccessLog-c3b635a9121a82d0fdce89bef945509b.zip", "ParameterKey": "pProgramBundle"}, {"ParameterValue": "TBD", "ParameterKey": "pS3BucketForAccessLogs"}, {"ParameterValue": "S3_BUCKET_LOGGING_ENABLED", "ParameterKey": "pS3BucketAccessLogConfigRuleName"}, {"ParameterValue": "True", "ParameterKey": "pEnableRemediation"}, {"ParameterValue": "AWS-Landing-Zone-Security-Notification", "ParameterKey": "pSNSTopicARN"}], "Tags": [{"Value": "csf-prod", "Key": "cfngin_namespace"}], "CreationTime": "2020-04-16T16:28:11.529000+00:00", "Capabilities": ["CAPABILITY_NAMED_IAM", "CAPABILITY_AUTO_EXPAND"], "StackName": "csf-prod-security-remediate-s3-bucket-access-logging", "NotificationARNs": [], "StackStatus": "CREATE_COMPLETE", "DisableRollback": false, "RollbackConfiguration": {}}, {"StackId": "arn:aws:cloudformation:us-east-1:043898046743:stack/csf-prod-security-remediate-unvalidated-cloudtrail-logging/4358e9f0-7fff-11ea-9169-0ea6b7109c22", "DriftInformation": {"StackDriftStatus": "NOT_CHECKED"}, "Description": "Remediation for unvalidated Cloudtrail logfiles", "Parameters": [{"ParameterValue": "CLOUD_TRAIL_LOG_FILE_VALIDATION_ENABLED", "ParameterKey": "pUnvalidatedCloudtrailLogfileConfigRuleName"}, {"ParameterValue": "csf-prod-runway-us-east-1", "ParameterKey": "pS3BucketName"}, {"ParameterValue": "custom-resources/lambda-RemUnvalidatedCloudtrailLogging-2e7348474843bb4e67192f4af10e64b7.zip", "ParameterKey": "pProgramBundle"}, {"ParameterValue": "True", "ParameterKey": "pEnableRemediation"}, {"ParameterValue": "AWS-Landing-Zone-Security-Notification", "ParameterKey": "pSNSTopicARN"}], "Tags": [{"Value": "csf-prod", "Key": "cfngin_namespace"}], "CreationTime": "2020-04-16T16:28:11.527000+00:00", "Capabilities": ["CAPABILITY_NAMED_IAM", "CAPABILITY_AUTO_EXPAND"], "StackName": "csf-prod-security-remediate-unvalidated-cloudtrail-logging", "NotificationARNs": [], "StackStatus": "CREATE_COMPLETE", "DisableRollback": false, "RollbackConfiguration": {}}, {"StackId": "arn:aws:cloudformation:us-east-1:043898046743:stack/csf-prod-security-remediate-vpc-flow-log-enable/4368c870-7fff-11ea-879e-0e8805686543", "DriftInformation": {"StackDriftStatus": "NOT_CHECKED"}, "Description": "Remediation for VPC Flow Log Enable", "Parameters": [{"ParameterValue": "VPC_FLOW_LOGS_ENABLED", "ParameterKey": "pVPCFlowLogConfigRuleName"}, {"ParameterValue": "csf-prod-runway-us-east-1", "ParameterKey": "pS3BucketName"}, {"ParameterValue": "custom-resources/lambda-RemVPCFlowLog-022918bc50e01503259d3cabf4abc0d0.zip", "ParameterKey": "pProgramBundle"}, {"ParameterValue": "True", "ParameterKey": "pEnableRemediation"}, {"ParameterValue": "AWS-Landing-Zone-Security-Notification", "ParameterKey": "pSNSTopicARN"}], "Tags": [{"Value": "csf-prod", "Key": "cfngin_namespace"}], "CreationTime": "2020-04-16T16:28:11.482000+00:00", "Capabilities": ["CAPABILITY_NAMED_IAM", "CAPABILITY_AUTO_EXPAND"], "StackName": "csf-prod-security-remediate-vpc-flow-log-enable", "NotificationARNs": [], "StackStatus": "CREATE_COMPLETE", "DisableRollback": false, "RollbackConfiguration": {}}, {"StackId": "arn:aws:cloudformation:us-east-1:043898046743:stack/csf-prod-security-remediate-password-policy/4369d9e0-7fff-11ea-88b5-0e58854680da", "DriftInformation": {"StackDriftStatus": "NOT_CHECKED"}, "Description": "Remediation for Password Policy", "Parameters": [{"ParameterValue": "csf-prod-runway-us-east-1", "ParameterKey": "pS3BucketName"}, {"ParameterValue": "custom-resources/lambda-RemPassPolicy-357341f2e0e2d6854bcc17604729371c.zip", "ParameterKey": "pProgramBundle"}, {"ParameterValue": "IAM_PASSWORD_POLICY", "ParameterKey": "pPasswordPolicyConfigRuleName"}, {"ParameterValue": "True", "ParameterKey": "pEnableRemediation"}, {"ParameterValue": "AWS-Landing-Zone-Security-Notification", "ParameterKey": "pSNSTopicARN"}], "Tags": [{"Value": "csf-prod", "Key": "cfngin_namespace"}], "CreationTime": "2020-04-16T16:28:11.470000+00:00", "Capabilities": ["CAPABILITY_NAMED_IAM", "CAPABILITY_AUTO_EXPAND"], "StackName": "csf-prod-security-remediate-password-policy", "NotificationARNs": [], "StackStatus": "CREATE_COMPLETE", "DisableRollback": false, "RollbackConfiguration": {}}, {"StackId": "arn:aws:cloudformation:us-east-1:043898046743:stack/csf-prod-security-remediate-s3-ssl-requests-only/43685340-7fff-11ea-8df0-0af77bd56d08", "DriftInformation": {"StackDriftStatus": "NOT_CHECKED"}, "Description": "Remediation for S3 buckets requiring SSL only requests", "Parameters": [{"ParameterValue": "csf-prod-runway-us-east-1", "ParameterKey": "pS3BucketName"}, {"ParameterValue": "custom-resources/lambda-RemS3SSLOnly-7d69f917677e0340a51b976919571380.zip", "ParameterKey": "pProgramBundle"}, {"ParameterValue": "True", "ParameterKey": "pEnableRemediation"}, {"ParameterValue": "S3_BUCKET_SSL_REQUESTS_ONLY", "ParameterKey": "pS3SSLOnlyConfigRuleName"}, {"ParameterValue": "AWS-Landing-Zone-Security-Notification", "ParameterKey": "pSNSTopicARN"}], "Tags": [{"Value": "csf-prod", "Key": "cfngin_namespace"}], "CreationTime": "2020-04-16T16:28:11.428000+00:00", "Capabilities": ["CAPABILITY_NAMED_IAM", "CAPABILITY_AUTO_EXPAND"], "StackName": "csf-prod-security-remediate-s3-ssl-requests-only", "NotificationARNs": [], "StackStatus": "CREATE_COMPLETE", "DisableRollback": false, "RollbackConfiguration": {}}, {"StackId": "arn:aws:cloudformation:us-east-1:043898046743:stack/csf-prod-security-remediate-managed-policies-attached-to-users/43639850-7fff-11ea-b998-0ad23187ddb2", "DriftInformation": {"StackDriftStatus": "NOT_CHECKED"}, "Description": "Remediation for Managed Policies Attached to Users", "Parameters": [{"ParameterValue": "IAM_USER_NO_POLICIES_CHECK", "ParameterKey": "pUserAttachManPolConfigRuleName"}, {"ParameterValue": "csf-prod-runway-us-east-1", "ParameterKey": "pS3BucketName"}, {"ParameterValue": "custom-resources/lambda-RemManPolUserAttach-135c756d81cdca483dc45c119812c364.zip", "ParameterKey": "pProgramBundle"}, {"ParameterValue": "True", "ParameterKey": "pEnableRemediation"}, {"ParameterValue": "AWS-Landing-Zone-Security-Notification", "ParameterKey": "pSNSTopicARN"}], "Tags": [{"Value": "csf-prod", "Key": "cfngin_namespace"}], "CreationTime": "2020-04-16T16:28:11.404000+00:00", "Capabilities": ["CAPABILITY_NAMED_IAM", "CAPABILITY_AUTO_EXPAND"], "StackName": "csf-prod-security-remediate-managed-policies-attached-to-users", "NotificationARNs": [], "StackStatus": "CREATE_COMPLETE", "DisableRollback": false, "RollbackConfiguration": {}}, {"StackId": "arn:aws:cloudformation:us-east-1:043898046743:stack/csf-prod-security-remediate-iam-admin-policies/43595f20-7fff-11ea-8581-0a59ae10838a", "DriftInformation": {"StackDriftStatus": "NOT_CHECKED"}, "Description": "Remediation for IAM Policies with Admin access", "Parameters": [{"ParameterValue": "csf-prod-runway-us-east-1", "ParameterKey": "pS3BucketName"}, {"ParameterValue": "custom-resources/lambda-RemIAMAdminPolicy-8e5e510d959a3895c6d3272d0881ba82.zip", "ParameterKey": "pProgramBundle"}, {"ParameterValue": "IAM_POLICY_NO_STATEMENTS_WITH_ADMIN_ACCESS", "ParameterKey": "pIAMAdminPolicyConfigRuleName"}, {"ParameterValue": "True", "ParameterKey": "pEnableRemediation"}, {"ParameterValue": "AWS-Landing-Zone-Security-Notification", "ParameterKey": "pSNSTopicARN"}], "Tags": [{"Value": "csf-prod", "Key": "cfngin_namespace"}], "CreationTime": "2020-04-16T16:28:11.333000+00:00", "Capabilities": ["CAPABILITY_NAMED_IAM", "CAPABILITY_AUTO_EXPAND"], "StackName": "csf-prod-security-remediate-iam-admin-policies", "NotificationARNs": [], "StackStatus": "CREATE_COMPLETE", "DisableRollback": false, "RollbackConfiguration": {}}, {"StackId": "arn:aws:cloudformation:us-east-1:043898046743:stack/csf-prod-security-remediate-database-exposed-in-public-subnet/43558e90-7fff-11ea-8077-121fa677fe9a", "DriftInformation": {"StackDriftStatus": "NOT_CHECKED"}, "Description": "Remediation for Databases Exposed in Public Subnets", "Parameters": [{"ParameterValue": "csf-prod-runway-us-east-1", "ParameterKey": "pS3BucketName"}, {"ParameterValue": "custom-resources/lambda-RemDbExposedInPublic-13314e57b553d50ed4a6a0a07794c4d9.zip", "ParameterKey": "pProgramBundle"}, {"ParameterValue": "RDS_INSTANCE_PUBLIC_ACCESS_CHECK", "ParameterKey": "pRemExposedDatabaseConfigRuleName"}, {"ParameterValue": "True", "ParameterKey": "pEnableRemediation"}, {"ParameterValue": "AWS-Landing-Zone-Security-Notification", "ParameterKey": "pSNSTopicARN"}], "Tags": [{"Value": "csf-prod", "Key": "cfngin_namespace"}], "CreationTime": "2020-04-16T16:28:11.294000+00:00", "Capabilities": ["CAPABILITY_NAMED_IAM", "CAPABILITY_AUTO_EXPAND"], "StackName": "csf-prod-security-remediate-database-exposed-in-public-subnet", "NotificationARNs": [], "StackStatus": "CREATE_COMPLETE", "DisableRollback": false, "RollbackConfiguration": {}}, {"StackId": "arn:aws:cloudformation:us-east-1:043898046743:stack/csf-prod-security-remediate-cloudtrail-without-organization/43486f30-7fff-11ea-ac9f-121b58656156", "DriftInformation": {"StackDriftStatus": "NOT_CHECKED"}, "Description": "Remediation for a Cloudtrail not bound to the organization", "Parameters": [{"ParameterValue": "CLOUD_TRAIL_ENABLED", "ParameterKey": "pCloudtrailWithoutOrganizationConfigRuleName"}, {"ParameterValue": "csf-prod-runway-us-east-1", "ParameterKey": "pS3BucketName"}, {"ParameterValue": "custom-resources/lambda-RemCloudtrailWithoutOrganization-fa53334c182a9f46e678247bd20d71f9.zip", "ParameterKey": "pProgramBundle"}, {"ParameterValue": "AWS-Landing-Zone-BaselineCloudTrail", "ParameterKey": "pDefaultCloudtrailName"}, {"ParameterValue": "True", "ParameterKey": "pEnableRemediation"}, {"ParameterValue": "AWS-Landing-Zone-Security-Notification", "ParameterKey": "pSNSTopicARN"}], "Tags": [{"Value": "csf-prod", "Key": "cfngin_namespace"}], "CreationTime": "2020-04-16T16:28:11.265000+00:00", "Capabilities": ["CAPABILITY_NAMED_IAM", "CAPABILITY_AUTO_EXPAND"], "StackName": "csf-prod-security-remediate-cloudtrail-without-organization", "NotificationARNs": [], "StackStatus": "CREATE_COMPLETE", "DisableRollback": false, "RollbackConfiguration": {}}, {"StackId": "arn:aws:cloudformation:us-east-1:043898046743:stack/csf-prod-security-remediate-cloudtrail-without-log-group/43486f30-7fff-11ea-95f2-0aa9a390fc79", "DriftInformation": {"StackDriftStatus": "NOT_CHECKED"}, "Description": "Remediation for a Cloudtrail not bound to a Cloudwatch log group", "Parameters": [{"ParameterValue": "csf-prod-runway-us-east-1", "ParameterKey": "pS3BucketName"}, {"ParameterValue": "custom-resources/lambda-RemCloudtrailWithoutLogGroup-4eb38a349698be368ecb9e57f9f0c0f0.zip", "ParameterKey": "pProgramBundle"}, {"ParameterValue": "CloudTrail/Landing-Zone-Logs", "ParameterKey": "pDefaultCloudwatchLogGroupArn"}, {"ParameterValue": "True", "ParameterKey": "pEnableRemediation"}, {"ParameterValue": "CLOUD_TRAIL_CLOUD_WATCH_LOGS_ENABLED", "ParameterKey": "pCloudTrailWithoutLogGroupConfigRuleName"}, {"ParameterValue": "AWS-Landing-Zone-Security-Notification", "ParameterKey": "pSNSTopicARN"}], "Tags": [{"Value": "csf-prod", "Key": "cfngin_namespace"}], "CreationTime": "2020-04-16T16:28:11.236000+00:00", "Capabilities": ["CAPABILITY_NAMED_IAM", "CAPABILITY_AUTO_EXPAND"], "StackName": "csf-prod-security-remediate-cloudtrail-without-log-group", "NotificationARNs": [], "StackStatus": "CREATE_COMPLETE", "DisableRollback": false, "RollbackConfiguration": {}}, {"StackId": "arn:aws:cloudformation:us-east-1:043898046743:stack/csf-prod-security-remediate-disabled-cloudtrail/433bec10-7fff-11ea-9818-0a55488d44ba", "DriftInformation": {"StackDriftStatus": "NOT_CHECKED"}, "Description": "Remediation for Disabled Cloudtrails", "Parameters": [{"ParameterValue": "CLOUD_TRAIL_ENABLED", "ParameterKey": "pDisabledCloudtrailConfigRuleName"}, {"ParameterValue": "True", "ParameterKey": "pEnforceDefaultTrailBindingToOrg"}, {"ParameterValue": "csf-prod-runway-us-east-1", "ParameterKey": "pS3BucketName"}, {"ParameterValue": "o-8baopjpjb4", "ParameterKey": "pDefaultCloudtrailS3KeyPrefix"}, {"ParameterValue": "AWS-Landing-Zone-Security-Notification", "ParameterKey": "pSNSTopicARN"}, {"ParameterValue": "True", "ParameterKey": "pEnableCloudtrailLogfileValidation"}, {"ParameterValue": "arn:aws:kms:us-east-1:478999156681:key/2410f307-a77d-4573-8b4e-b12be88a3420", "ParameterKey": "pDefaultCloudtrailKMSKeyId"}, {"ParameterValue": "custom-resources/lambda-RemDisabledCloudtrail-726c277cfde43e298a65d081831ae867.zip", "ParameterKey": "pProgramBundle"}, {"ParameterValue": "aws-landing-zone-logs-031247562193-us-east-1", "ParameterKey": "pDefaultCloudtrailS3BucketName"}, {"ParameterValue": "True", "ParameterKey": "pEnforceDefaultMultiRegionTrail"}, {"ParameterValue": "CloudTrail/Landing-Zone-Logs", "ParameterKey": "pDefaultCloudwatchLogGroupArn"}, {"ParameterValue": "AWS-Landing-Zone-BaselineCloudTrail", "ParameterKey": "pDefaultCloudtrailName"}, {"ParameterValue": "True", "ParameterKey": "pEnableRemediation"}, {"ParameterValue": "True", "ParameterKey": "pEnforceGlobalServiceEventLogging"}], "Tags": [{"Value": "csf-prod", "Key": "cfngin_namespace"}], "CreationTime": "2020-04-16T16:28:11.191000+00:00", "Capabilities": ["CAPABILITY_NAMED_IAM", "CAPABILITY_AUTO_EXPAND"], "StackName": "csf-prod-security-remediate-disabled-cloudtrail", "NotificationARNs": [], "StackStatus": "CREATE_COMPLETE", "DisableRollback": false, "RollbackConfiguration": {}}, {"StackId": "arn:aws:cloudformation:us-east-1:043898046743:stack/csf-prod-security-remediate-security-group-ingress-ssh/43433f10-7fff-11ea-8fd9-12dace8e8b83", "DriftInformation": {"StackDriftStatus": "NOT_CHECKED"}, "Description": "Remediation for SSH ingress open ports", "Parameters": [{"ParameterValue": "csf-prod-runway-us-east-1", "ParameterKey": "pS3BucketName"}, {"ParameterValue": "custom-resources/lambda-RemSGIngressSSH-6ab843ba9576cac92b1e457d007fd895.zip", "ParameterKey": "pProgramBundle"}, {"ParameterValue": "INCOMING_SSH_DISABLED", "ParameterKey": "pSecurityGroupIngressSSHConfigRuleName"}, {"ParameterValue": "True", "ParameterKey": "pEnableRemediation"}, {"ParameterValue": "AWS-Landing-Zone-Security-Notification", "ParameterKey": "pSNSTopicARN"}], "Tags": [{"Value": "csf-prod", "Key": "cfngin_namespace"}], "CreationTime": "2020-04-16T16:28:11.167000+00:00", "Capabilities": ["CAPABILITY_NAMED_IAM", "CAPABILITY_AUTO_EXPAND"], "StackName": "csf-prod-security-remediate-security-group-ingress-ssh", "NotificationARNs": [], "StackStatus": "CREATE_COMPLETE", "DisableRollback": false, "RollbackConfiguration": {}}, {"StackId": "arn:aws:cloudformation:us-east-1:043898046743:stack/csf-prod-security-remediate-s3-bucket-read-write-public-access/43327630-7fff-11ea-b327-0ee5b554e1bc", "DriftInformation": {"StackDriftStatus": "NOT_CHECKED"}, "Description": "Remediation for S3 Bucket Public Read Write Accesss", "Parameters": [{"ParameterValue": "S3_BUCKET_PUBLIC_WRITE_PROHIBITED", "ParameterKey": "pS3BucketWritePublicAccessConfigRuleName"}, {"ParameterValue": "csf-prod-runway-us-east-1", "ParameterKey": "pS3BucketName"}, {"ParameterValue": "custom-resources/lambda-RemS3PublicReadWrite-c61dba477982dff7c2de95a152bdce60.zip", "ParameterKey": "pProgramBundle"}, {"ParameterValue": "S3_BUCKET_PUBLIC_READ_PROHIBITED", "ParameterKey": "pS3BucketReadPublicAccessConfigRuleName"}, {"ParameterValue": "True", "ParameterKey": "pEnableRemediation"}, {"ParameterValue": "AWS-Landing-Zone-Security-Notification", "ParameterKey": "pSNSTopicARN"}], "Tags": [{"Value": "csf-prod", "Key": "cfngin_namespace"}], "CreationTime": "2020-04-16T16:28:11.038000+00:00", "Capabilities": ["CAPABILITY_NAMED_IAM", "CAPABILITY_AUTO_EXPAND"], "StackName": "csf-prod-security-remediate-s3-bucket-read-write-public-access", "NotificationARNs": [], "StackStatus": "CREATE_COMPLETE", "DisableRollback": false, "RollbackConfiguration": {}}, {"StackId": "arn:aws:cloudformation:us-east-1:043898046743:stack/csf-prod-security-remediate-security-group-ingress-rdp/430e4c60-7fff-11ea-be4d-1214c28caebf", "DriftInformation": {"StackDriftStatus": "NOT_CHECKED"}, "Description": "Remediation for RDP ingress open ports", "Parameters": [{"ParameterValue": "csf-prod-runway-us-east-1", "ParameterKey": "pS3BucketName"}, {"ParameterValue": "custom-resources/lambda-RemSGIngressRDP-8e80ce75e7375aca1d836f174ac76b94.zip", "ParameterKey": "pProgramBundle"}, {"ParameterValue": "RESTRICTED_INCOMING_TRAFFIC", "ParameterKey": "pSecurityGroupIngressRDPConfigRuleName"}, {"ParameterValue": "True", "ParameterKey": "pEnableRemediation"}, {"ParameterValue": "AWS-Landing-Zone-Security-Notification", "ParameterKey": "pSNSTopicARN"}], "Tags": [{"Value": "csf-prod", "Key": "cfngin_namespace"}], "CreationTime": "2020-04-16T16:28:11.032000+00:00", "Capabilities": ["CAPABILITY_NAMED_IAM", "CAPABILITY_AUTO_EXPAND"], "StackName": "csf-prod-security-remediate-security-group-ingress-rdp", "NotificationARNs": [], "StackStatus": "CREATE_COMPLETE", "DisableRollback": false, "RollbackConfiguration": {}}, {"StackId": "arn:aws:cloudformation:us-east-1:043898046743:stack/csf-prod-security-remediate-s3-bucket-server-side-encryption/4316b0d0-7fff-11ea-ba8c-0e9711d18427", "DriftInformation": {"StackDriftStatus": "NOT_CHECKED"}, "Description": "Remediation for S3 bucket SSE", "Parameters": [{"ParameterValue": "S3_BUCKET_SERVER_SIDE_ENCRYPTION_ENABLED", "ParameterKey": "pS3SSEConfigRuleName"}, {"ParameterValue": "csf-prod-runway-us-east-1", "ParameterKey": "pS3BucketName"}, {"ParameterValue": "custom-resources/lambda-RemS3SSE-37890e65e9b4e4aad14678f8030b41e3.zip", "ParameterKey": "pProgramBundle"}, {"ParameterValue": "True", "ParameterKey": "pEnableRemediation"}, {"ParameterValue": "AWS-Landing-Zone-Security-Notification", "ParameterKey": "pSNSTopicARN"}], "Tags": [{"Value": "csf-prod", "Key": "cfngin_namespace"}], "CreationTime": "2020-04-16T16:28:11.026000+00:00", "Capabilities": ["CAPABILITY_NAMED_IAM", "CAPABILITY_AUTO_EXPAND"], "StackName": "csf-prod-security-remediate-s3-bucket-server-side-encryption", "NotificationARNs": [], "StackStatus": "CREATE_COMPLETE", "DisableRollback": false, "RollbackConfiguration": {}}, {"StackId": "arn:aws:cloudformation:us-east-1:043898046743:stack/csf-prod-security-remediate-unused-iam-cred/42f434b0-7fff-11ea-a8e7-0a78092beb51", "DriftInformation": {"StackDriftStatus": "NOT_CHECKED"}, "Description": "Remediation for Unused IAM Credentials", "Parameters": [{"ParameterValue": "csf-prod-runway-us-east-1", "ParameterKey": "pS3BucketName"}, {"ParameterValue": "custom-resources/lambda-RemUnusedIAMCred-d56c4841479c42e21a5150b7d6092274.zip", "ParameterKey": "pProgramBundle"}, {"ParameterValue": "IAM_USER_UNUSED_CREDENTIALS_CHECK", "ParameterKey": "pUnusedIAMCredConfigRuleName"}, {"ParameterValue": "True", "ParameterKey": "pEnableRemediation"}, {"ParameterValue": "AWS-Landing-Zone-Security-Notification", "ParameterKey": "pSNSTopicARN"}], "Tags": [{"Value": "csf-prod", "Key": "cfngin_namespace"}], "CreationTime": "2020-04-16T16:28:10.697000+00:00", "Capabilities": ["CAPABILITY_NAMED_IAM", "CAPABILITY_AUTO_EXPAND"], "StackName": "csf-prod-security-remediate-unused-iam-cred", "NotificationARNs": [], "StackStatus": "CREATE_COMPLETE", "DisableRollback": false, "RollbackConfiguration": {}}, {"StackId": "arn:aws:cloudformation:us-east-1:043898046743:stack/csf-prod-security-remediate-vpc-default-security-group/42dbf1c0-7fff-11ea-8e27-12342204bca9", "DriftInformation": {"StackDriftStatus": "NOT_CHECKED"}, "Description": "Remediation for VPC default SG having any open ports", "Parameters": [{"ParameterValue": "VPC_DEFAULT_SECURITY_GROUP_CLOSED", "ParameterKey": "pVPCDefaultSecurityGroupConfigRuleName"}, {"ParameterValue": "csf-prod-runway-us-east-1", "ParameterKey": "pS3BucketName"}, {"ParameterValue": "custom-resources/lambda-RemVPCDefaultSG-251e9e3f1b0e8d44e00d1ce3b67bdc46.zip", "ParameterKey": "pProgramBundle"}, {"ParameterValue": "True", "ParameterKey": "pEnableRemediation"}, {"ParameterValue": "AWS-Landing-Zone-Security-Notification", "ParameterKey": "pSNSTopicARN"}], "Tags": [{"Value": "csf-prod", "Key": "cfngin_namespace"}], "CreationTime": "2020-04-16T16:28:10.646000+00:00", "Capabilities": ["CAPABILITY_NAMED_IAM", "CAPABILITY_AUTO_EXPAND"], "StackName": "csf-prod-security-remediate-vpc-default-security-group", "NotificationARNs": [], "StackStatus": "CREATE_COMPLETE", "DisableRollback": false, "RollbackConfiguration": {}}, {"StackId": "arn:aws:cloudformation:us-east-1:043898046743:stack/csf-prod-security-remediate-unencrypted-cloudtrail/42e0d3c0-7fff-11ea-b42a-0e1b8dfea4f7", "DriftInformation": {"StackDriftStatus": "NOT_CHECKED"}, "Description": "Remediation for Unencrypted Cloudtrail logfiles", "Parameters": [{"ParameterValue": "CLOUD_TRAIL_ENCRYPTION_ENABLED", "ParameterKey": "pUnencryptedCloudtrailConfigRuleName"}, {"ParameterValue": "csf-prod-runway-us-east-1", "ParameterKey": "pS3BucketName"}, {"ParameterValue": "custom-resources/lambda-RemUnencryptedCloudtrail-bd1147168cb58096cf9ad528c1cd8b1e.zip", "ParameterKey": "pProgramBundle"}, {"ParameterValue": "arn:aws:kms:us-east-1:478999156681:key/2410f307-a77d-4573-8b4e-b12be88a3420", "ParameterKey": "pKmsKeyId"}, {"ParameterValue": "True", "ParameterKey": "pEnableRemediation"}, {"ParameterValue": "AWS-Landing-Zone-Security-Notification", "ParameterKey": "pSNSTopicARN"}], "Tags": [{"Value": "csf-prod", "Key": "cfngin_namespace"}], "CreationTime": "2020-04-16T16:28:10.563000+00:00", "Capabilities": ["CAPABILITY_NAMED_IAM", "CAPABILITY_AUTO_EXPAND"], "StackName": "csf-prod-security-remediate-unencrypted-cloudtrail", "NotificationARNs": [], "StackStatus": "CREATE_COMPLETE", "DisableRollback": false, "RollbackConfiguration": {}}, {"StackId": "arn:aws:cloudformation:us-east-1:043898046743:stack/csf-prod-security-custom-config-rules/1b5932c0-7fff-11ea-8077-121fa677fe9a", "DriftInformation": {"StackDriftStatus": "NOT_CHECKED"}, "Description": "AWS Config custom rules.", "Parameters": [{"ParameterValue": "TBD", "ParameterKey": "pWAFLoggingBucket"}, {"ParameterValue": "csf-prod-runway-us-east-1", "ParameterKey": "pWAFLoggingS3BucketName"}, {"ParameterValue": "custom-resources/lambda-SupportRole-2b03a8d2262c842744e5d5cef4560f98.zip", "ParameterKey": "pSupportRoleProgramBundle"}, {"ParameterValue": "custom-resources/lambda-WAFCentralLogging-4a8c42ad7c66585eafdde07a554b0c87.zip", "ParameterKey": "pWAFLoggingProgramBundle"}, {"ParameterValue": "csf-prod-runway-us-east-1", "ParameterKey": "pSupportRoleS3BucketName"}], "Tags": [{"Value": "csf-prod", "Key": "cfngin_namespace"}], "CreationTime": "2020-04-16T16:27:04.402000+00:00", "Capabilities": ["CAPABILITY_NAMED_IAM", "CAPABILITY_AUTO_EXPAND"], "StackName": "csf-prod-security-custom-config-rules", "NotificationARNs": [], "StackStatus": "CREATE_COMPLETE", "DisableRollback": false, "RollbackConfiguration": {}}, {"StackId": "arn:aws:cloudformation:us-east-1:043898046743:stack/StackSet-CarrierSecurityDeploymentRole-dee3419b-7508-4d4d-b7b1-f928c2a3476c/f64eb950-7e96-11ea-8cef-0a726edfb5e3", "DriftInformation": {"StackDriftStatus": "NOT_CHECKED"}, "Description": "IAM role and managed policy.", "Parameters": [{"ParameterValue": "arn:aws:iam::204870073141:root", "ParameterKey": "PrincipalAwsArns"}, {"ParameterValue": "prod", "ParameterKey": "Environment"}, {"ParameterValue": "csf", "ParameterKey": "Namespace"}], "Tags": [], "Outputs": [{"Description": "Stable and unique string identifying the role.", "OutputKey": "IamRoleRoleId", "OutputValue": "AROAQUOEHBEL3T3S3LZDF"}, {"Description": "Role name.", "OutputKey": "IamRoleName", "OutputValue": "StackSet-CarrierSecurityDeploymentRole-dee-IamRole-1KOVIF1BRW02Y"}, {"Description": "Amazon Resource Name (ARN) for the role.", "OutputKey": "IamRoleArn", "OutputValue": "arn:aws:iam::043898046743:role/StackSet-CarrierSecurityDeploymentRole-dee-IamRole-1KOVIF1BRW02Y"}], "CreationTime": "2020-04-14T21:29:03.234000+00:00", "Capabilities": ["CAPABILITY_IAM"], "StackName": "StackSet-CarrierSecurityDeploymentRole-dee3419b-7508-4d4d-b7b1-f928c2a3476c", "NotificationARNs": ["arn:aws:sns:us-east-1:500917015339:StackSet-CarrierSecurityDeploymentRole-dee3419b-7508-4d4d-b7b1-f928c2a3476c"], "StackStatus": "UPDATE_COMPLETE", "DisableRollback": false, "RollbackConfiguration": {}, "LastUpdatedTime": "2020-05-11T17:14:28.108000+00:00"}, {"StackId": "arn:aws:cloudformation:us-east-1:043898046743:stack/StackSet-LambdaEncryptedAmiCopyChildAccountAssumeRole-c38eceb5-c251-4cbb-b74a-0abe1bce7da0/ad013b00-782a-11ea-a67d-0e763951b664", "DriftInformation": {"StackDriftStatus": "NOT_CHECKED"}, "Parameters": [{"ParameterValue": "043898046743", "ParameterKey": "SharedServicesAccount"}], "Tags": [], "CreationTime": "2020-04-06T17:18:47.600000+00:00", "Capabilities": ["CAPABILITY_NAMED_IAM"], "StackName": "StackSet-LambdaEncryptedAmiCopyChildAccountAssumeRole-c38eceb5-c251-4cbb-b74a-0abe1bce7da0", "NotificationARNs": ["arn:aws:sns:us-east-1:500917015339:StackSet-LambdaEncryptedAmiCopyChildAccountAssumeRole-c38eceb5-c251-4cbb-b74a-0abe1bce7da0"], "StackStatus": "CREATE_COMPLETE", "DisableRollback": false, "RollbackConfiguration": {}}, {"StackId": "arn:aws:cloudformation:us-east-1:043898046743:stack/StackSet-LambdaEncryptedAmiCopy-3d087211-feac-4263-a90e-e5b21ccc3b52/b5fb4630-7828-11ea-a466-0a4f04019892", "DriftInformation": {"StackDriftStatus": "NOT_CHECKED"}, "Description": "Creates lambda function to encrypt AMIs from Image Builder", "Parameters": [{"ParameterValue": "o-8baopjpjb4", "ParameterKey": "OrgID"}, {"ParameterValue": "ChildAccountCreateEncryptedAmiCopyRole", "ParameterKey": "AssumeRole"}], "Tags": [], "CreationTime": "2020-04-06T17:04:43.704000+00:00", "StackName": "StackSet-LambdaEncryptedAmiCopy-3d087211-feac-4263-a90e-e5b21ccc3b52", "NotificationARNs": ["arn:aws:sns:us-east-1:500917015339:StackSet-LambdaEncryptedAmiCopy-3d087211-feac-4263-a90e-e5b21ccc3b52"], "StackStatus": "CREATE_COMPLETE", "DisableRollback": false, "RollbackConfiguration": {}}, {"StackId": "arn:aws:cloudformation:us-east-1:043898046743:stack/StackSet-LambdaExecutionRoleEncrptedAmiCopy-1b62ffcf-ae41-46e6-a218-5183c05489e4/0cae35b0-7828-11ea-a67e-124c09213289", "DriftInformation": {"StackDriftStatus": "NOT_CHECKED"}, "Description": "Creates lambda function to encrypt AMIs from Image Builder", "Parameters": [{"ParameterValue": "o-8baopjpjb4", "ParameterKey": "OrgID"}, {"ParameterValue": "ChildAccountCreateEncryptedAmiCopyRole", "ParameterKey": "AssumeRole"}], "Tags": [], "CreationTime": "2020-04-06T16:59:59.634000+00:00", "Capabilities": ["CAPABILITY_NAMED_IAM"], "StackName": "StackSet-LambdaExecutionRoleEncrptedAmiCopy-1b62ffcf-ae41-46e6-a218-5183c05489e4", "NotificationARNs": ["arn:aws:sns:us-east-1:500917015339:StackSet-LambdaExecutionRoleEncrptedAmiCopy-1b62ffcf-ae41-46e6-a218-5183c05489e4"], "StackStatus": "CREATE_COMPLETE", "DisableRollback": false, "RollbackConfiguration": {}}, {"StackId": "arn:aws:cloudformation:us-east-1:043898046743:stack/StackSet-AWS-Landing-Zone-Baseline-CloudWatchRules-fb90b0d1-38f0-4561-9639-7867d2f3d658/7cea91a0-7055-11ea-aaf3-0e1ad0c392f9", "DriftInformation": {"StackDriftStatus": "NOT_CHECKED"}, "LastUpdatedTime": "2020-03-28T01:07:08.695000+00:00", "Tags": [{"Value": "LandingZoneStackSet", "Key": "AWS_Solutions"}], "CreationTime": "2020-03-27T18:05:06.018000+00:00", "Capabilities": ["CAPABILITY_NAMED_IAM"], "StackName": "StackSet-AWS-Landing-Zone-Baseline-CloudWatchRules-fb90b0d1-38f0-4561-9639-7867d2f3d658", "NotificationARNs": ["arn:aws:sns:us-east-1:500917015339:StackSet-AWS-Landing-Zone-Baseline-CloudWatchRules-fb90b0d1-38f0-4561-9639-7867d2f3d658"], "StackStatus": "UPDATE_COMPLETE", "DisableRollback": false, "RollbackConfiguration": {}}, {"StackId": "arn:aws:cloudformation:us-east-1:043898046743:stack/StackSet-AWS-Landing-Zone-Baseline-CreateNaclRole-81c9235d-31db-4ecf-a7ad-c5384b26885f/107469a0-6e5d-11ea-b8ee-0afe492705d7", "DriftInformation": {"StackDriftStatus": "NOT_CHECKED"}, "Description": "Deploy Block Ingress/Egress role for Lambda function", "Parameters": [{"ParameterValue": "478999156681", "ParameterKey": "SecurityAccountId"}, {"ParameterValue": "204870073141", "ParameterKey": "MasterAccountId"}], "Tags": [{"Value": "LandingZoneStackSet", "Key": "AWS_Solutions"}], "CreationTime": "2020-03-25T05:54:17.679000+00:00", "Capabilities": ["CAPABILITY_NAMED_IAM"], "StackName": "StackSet-AWS-Landing-Zone-Baseline-CreateNaclRole-81c9235d-31db-4ecf-a7ad-c5384b26885f", "NotificationARNs": ["arn:aws:sns:us-east-1:500917015339:StackSet-AWS-Landing-Zone-Baseline-CreateNaclRole-81c9235d-31db-4ecf-a7ad-c5384b26885f"], "StackStatus": "CREATE_COMPLETE", "DisableRollback": false, "RollbackConfiguration": {}}, {"StackId": "arn:aws:cloudformation:us-east-1:043898046743:stack/Stackset-AWS-Migration-Factory/2f20f900-6894-11ea-a01a-12e346dd5d0c", "DriftInformation": {"StackDriftStatus": "NOT_CHECKED"}, "Description": "This is a sample, non-production-ready template for building AWS environment (c) 2018 Amazon Web Services, Inc. or its affiliates. All Rights Reserved. This AWS Content is provided subject to the terms of the AWS Customer Agreement available at http://aws.amazon.com/agreement or other written agreement between Customer and Amazon Web Services, Inc.\"", "Parameters": [{"ParameterValue": "1.3", "ParameterKey": "Version"}, {"ParameterValue": "vpc-05dff179d55496415", "ParameterKey": "VPCId"}, {"ParameterValue": "test", "ParameterKey": "Environment"}, {"ParameterValue": "subnet-0efbb46377d374389", "ParameterKey": "SubnetId"}, {"ParameterValue": "sg-0b3f7cb7fc78814ff", "ParameterKey": "SecurityGroup"}, {"ParameterValue": "migration-factory", "ParameterKey": "Application"}], "Tags": [], "Outputs": [{"Description": "Migration Factory URL", "OutputKey": "MigrationFactoryURL", "OutputValue": "https://d2yxct5ftfni3h.cloudfront.net"}, {"Description": "ToolsAPI URL", "OutputKey": "ToolsAPI", "OutputValue": "https://z9gydfczeg.execute-api.us-east-1.amazonaws.com"}, {"Description": "LoginAPI URL", "OutputKey": "LoginAPI", "OutputValue": "https://8pl7cj0s09.execute-api.us-east-1.amazonaws.com"}, {"Description": "UserAPI URL", "OutputKey": "UserAPI", "OutputValue": "https://1t4th6tfme.execute-api.us-east-1.amazonaws.com"}, {"Description": "AdminAPI URL", "OutputKey": "AdminAPI", "OutputValue": "https://8sqdxmdbw5.execute-api.us-east-1.amazonaws.com"}], "CreationTime": "2020-03-17T21:13:44.774000+00:00", "Capabilities": ["CAPABILITY_NAMED_IAM"], "StackName": "Stackset-AWS-Migration-Factory", "NotificationARNs": [], "StackStatus": "CREATE_COMPLETE", "DisableRollback": false, "RollbackConfiguration": {"RollbackTriggers": []}}, {"StackId": "arn:aws:cloudformation:us-east-1:043898046743:stack/Compliance-Engine-Benchmark-DO-NOT-DELETE/d32711d0-6702-11ea-b06b-0e09773e6f3f", "DriftInformation": {"StackDriftStatus": "NOT_CHECKED"}, "Description": "AWS CloudFormation template to create custom AWS Config rules. You will be billed for the AWS resources used if you create a stack from this template.", "Parameters": [{"ParameterValue": "true", "ParameterKey": "IAMPASSWORDPOLICYRequireSymbols"}, {"ParameterValue": "90", "ParameterKey": "IAMUSERUNUSEDCREDENTIALSCHECKmaxCredentialUsageAge"}, {"ParameterValue": "60", "ParameterKey": "AMIOUTDATEDCHECKNumberOfDays"}, {"ParameterValue": "true", "ParameterKey": "IAMPASSWORDPOLICYRequireNumbers"}, {"ParameterValue": "", "ParameterKey": "IAMNOUSERWhitelistedUserList"}, {"ParameterValue": "", "ParameterKey": "ELBLOGGINGENABLEDs3BucketName"}, {"ParameterValue": "", "ParameterKey": "IAMACCESSKEYROTATEDKeyActiveTimeOutInDays"}, {"ParameterValue": "90", "ParameterKey": "DetectUnusedRolesNotUsedTimeOutInDays"}, {"ParameterValue": "", "ParameterKey": "S3BUCKETVERSIONINGENABLEDisMfaDeleteEnabled"}, {"ParameterValue": "", "ParameterKey": "IAMACCESSKEYROTATEDWhitelistedUserList"}, {"ParameterValue": "true", "ParameterKey": "IAMPASSWORDPOLICYRequireUppercaseCharacters"}, {"ParameterValue": "", "ParameterKey": "EBSENCRYPTEDVOLUMESV2SubnetExceptionList"}, {"ParameterValue": "", "ParameterKey": "DBINSTANCEBACKUPENABLEDpreferredBackupWindow"}, {"ParameterValue": "true", "ParameterKey": "IAMPASSWORDPOLICYRequireLowercaseCharacters"}, {"ParameterValue": "", "ParameterKey": "MULTIREGIONCLOUDTRAILENABLEDreadWriteType"}, {"ParameterValue": "443", "ParameterKey": "VPCSGOPENONLYTOAUTHORIZEDPORTSauthorizedTcpPorts"}, {"ParameterValue": "", "ParameterKey": "RDSSTORAGEENCRYPTEDkmsKeyId"}, {"ParameterValue": "", "ParameterKey": "DBINSTANCEBACKUPENABLEDbackupRetentionPeriod"}, {"ParameterValue": "None", "ParameterKey": "DetectUnusedRolesWhitelistedRoleList"}, {"ParameterValue": "", "ParameterKey": "VPCSGOPENONLYTOAUTHORIZEDPORTSauthorizedUdpPorts"}, {"ParameterValue": "", "ParameterKey": "MULTIREGIONCLOUDTRAILENABLEDsnsTopicArn"}, {"ParameterValue": "", "ParameterKey": "MULTIREGIONCLOUDTRAILENABLEDcloudWatchLogsLogGroupArn"}, {"ParameterValue": "", "ParameterKey": "DBINSTANCEBACKUPENABLEDcheckReadReplicas"}, {"ParameterValue": "24", "ParameterKey": "IAMPASSWORDPOLICYPasswordReusePrevention"}, {"ParameterValue": "", "ParameterKey": "GUARDDUTYENABLEDCENTRALIZEDCentralMonitoringAccount"}, {"ParameterValue": "", "ParameterKey": "MULTIREGIONCLOUDTRAILENABLEDincludeManagementEvents"}, {"ParameterValue": "14", "ParameterKey": "IAMPASSWORDPOLICYMinimumPasswordLength"}, {"ParameterValue": "90", "ParameterKey": "IAMPASSWORDPOLICYMaxPasswordAge"}, {"ParameterValue": "204870073141", "ParameterKey": "LambdaAccountId"}, {"ParameterValue": "", "ParameterKey": "IAMUSERUSEDLAST90DAYSNotUsedTimeOutInDays"}, {"ParameterValue": "90", "ParameterKey": "ACCESSKEYSROTATEDmaxAccessKeyAge"}, {"ParameterValue": "", "ParameterKey": "AMIOUTDATEDCHECKWhitelistedInstances"}, {"ParameterValue": "", "ParameterKey": "MULTIREGIONCLOUDTRAILENABLEDs3BucketName"}, {"ParameterValue": "", "ParameterKey": "IAMUSERUSEDLAST90DAYSNewUserCooldownInDays"}, {"ParameterValue": "", "ParameterKey": "EBSENCRYPTEDVOLUMESV2VolumeExceptionList"}, {"ParameterValue": "", "ParameterKey": "AMIOUTDATEDCHECKWhitelistedAmis"}, {"ParameterValue": "", "ParameterKey": "IAMUSERUSEDLAST90DAYSWhitelistedUserList"}], "Tags": [], "CreationTime": "2020-03-15T21:59:17.289000+00:00", "Capabilities": ["CAPABILITY_NAMED_IAM"], "StackName": "Compliance-Engine-Benchmark-DO-NOT-DELETE", "NotificationARNs": [], "StackStatus": "UPDATE_ROLLBACK_COMPLETE", "DisableRollback": false, "RollbackConfiguration": {}, "LastUpdatedTime": "2020-05-13T22:07:25.247000+00:00"}, {"StackId": "arn:aws:cloudformation:us-east-1:043898046743:stack/StackSet-Compliance-as-code-80967eac-2b95-4ebc-afd9-265c8a300344/a6977340-66f7-11ea-be37-0a0207fddeaf", "DriftInformation": {"StackDriftStatus": "NOT_CHECKED"}, "Description": "Initialize the Compliance-as-Code oversight in this Application Account", "Parameters": [{"ParameterValue": "AWSConfigAndComplianceAuditRole-DO-NOT-DELETE", "ParameterKey": "ConfigAndComplianceAuditRoleName"}, {"ParameterValue": "One_Hour", "ParameterKey": "RuleFrequency"}, {"ParameterValue": "false", "ParameterKey": "DeployAWSConfig"}, {"ParameterValue": "us-east-1", "ParameterKey": "MainRegion"}, {"ParameterValue": "force", "ParameterKey": "ForceDeploymentRoleInMainRegionOnly"}, {"ParameterValue": "COMPLIANCE_RULESET_LATEST_INSTALLED", "ParameterKey": "EngineComplianceRule"}, {"ParameterValue": "RDK-Rule-Function-COMPLIANCERULESETLATESTINSTALLED", "ParameterKey": "LambdaFunctionName"}, {"ParameterValue": "204870073141", "ParameterKey": "ComplianceAccountId"}, {"ParameterValue": "aws-landing-zone-logs-031247562193-us-east-1", "ParameterKey": "CentralizedS3BucketConfigFullName"}], "Tags": [{"Value": "Config", "Key": "Service"}, {"Value": "Compliance as code", "Key": "Name"}], "CreationTime": "2020-03-15T20:00:42.967000+00:00", "Capabilities": ["CAPABILITY_NAMED_IAM"], "StackName": "StackSet-Compliance-as-code-80967eac-2b95-4ebc-afd9-265c8a300344", "NotificationARNs": ["arn:aws:sns:us-east-1:500917015339:StackSet-Compliance-as-code-80967eac-2b95-4ebc-afd9-265c8a300344"], "StackStatus": "UPDATE_COMPLETE", "DisableRollback": false, "RollbackConfiguration": {}, "LastUpdatedTime": "2020-03-18T20:44:14.313000+00:00"}, {"StackId": "arn:aws:cloudformation:us-east-1:043898046743:stack/StackSet-root-1ffd7dad-3666-4790-9977-9f97d3e9c488/e0ec08a0-5804-11ea-966b-12301089d57f", "DriftInformation": {"StackDriftStatus": "NOT_CHECKED"}, "Description": "ROOT-AWS-Console-Sign-In-via-CloudTrail", "Parameters": [{"ParameterValue": "soc@carrier.com", "ParameterKey": "EmailAddress1"}, {"ParameterValue": "gcs.ops@carrier.com", "ParameterKey": "EmailAddress2"}], "Tags": [], "Outputs": [{"Description": "Event Rule ID.", "ExportName": "StackSet-root-1ffd7dad-3666-4790-9977-9f97d3e9c488-RootAPIMonitorEventsRule", "OutputKey": "EventsRule", "OutputValue": "StackSet-root-1ffd7dad-3666-4790-9977-9f97d3e9c488-Detect"}], "CreationTime": "2020-02-25T19:27:36.655000+00:00", "StackName": "StackSet-root-1ffd7dad-3666-4790-9977-9f97d3e9c488", "NotificationARNs": ["arn:aws:sns:us-east-1:500917015339:StackSet-root-1ffd7dad-3666-4790-9977-9f97d3e9c488"], "StackStatus": "UPDATE_COMPLETE", "DisableRollback": false, "RollbackConfiguration": {}, "LastUpdatedTime": "2020-05-07T19:54:12.895000+00:00"}, {"StackId": "arn:aws:cloudformation:us-east-1:043898046743:stack/ams-shared-services-vpc/3e4cb8b0-4161-11ea-96ca-0eac0ccc6c9d", "DriftInformation": {"StackDriftStatus": "NOT_CHECKED"}, "Description": "MALZ Template for creating Shared Services VPC in the Shared Services Account(core). This template should only be deployed by the Create Infrastructure CT.", "Parameters": [{"ParameterValue": "10.233.12.192/26", "ParameterKey": "CustomerBastionSubnetAZ1CIDR"}, {"ParameterValue": "10.233.13.160/27", "ParameterKey": "EndpointProtectionSecuritySubnetAZ2CIDR"}, {"ParameterValue": "10.233.13.64/26", "ParameterKey": "CustomerBastionSubnetAZ3CIDR"}, {"ParameterValue": "10.233.12.64/26", "ParameterKey": "ActiveDirectorySubnetAZ2CIDR"}, {"ParameterValue": "us-east-1a", "ParameterKey": "VPCAZ1"}, {"ParameterValue": "10.233.12.0/26", "ParameterKey": "ActiveDirectorySubnetAZ1CIDR"}, {"ParameterValue": "10.233.13.192/27", "ParameterKey": "EndpointProtectionSecuritySubnetAZ3CIDR"}, {"ParameterValue": "10.233.6.0/26", "ParameterKey": "ADConnectorVPCCidr"}, {"ParameterValue": "pcx-00a7a58010849dae4", "ParameterKey": "ADConnectorVPCPeerConnectionId"}, {"ParameterValue": "10.233.13.128/27", "ParameterKey": "EndpointProtectionSecuritySubnetAZ1CIDR"}, {"ParameterValue": "tgw-09ddb09590d439126", "ParameterKey": "TransitGatewayId"}, {"ParameterValue": "10.233.13.0/26", "ParameterKey": "CustomerBastionSubnetAZ2CIDR"}, {"ParameterValue": "10.233.12.0/23", "ParameterKey": "VPCCIDR"}, {"ParameterValue": "us-east-1d", "ParameterKey": "VPCAZ3"}, {"ParameterValue": "us-east-1b", "ParameterKey": "VPCAZ2"}, {"ParameterValue": "10.233.12.128/26", "ParameterKey": "ActiveDirectorySubnetAZ3CIDR"}, {"ParameterValue": "204870073141", "ParameterKey": "MasterAccountId"}], "Tags": [{"Value": "AMSInfrastructure", "Key": "AppId"}, {"Value": "AMSInfrastructure", "Key": "Environment"}, {"Value": "itm-s3857401000000000", "Key": "TemplateId"}, {"Value": "AMSInfrastructure", "Key": "AppName"}], "Outputs": [{"Description": "Customer Bastion AZ3 Subnet ID", "OutputKey": "CustomerBastionSubnetAZ3Id", "OutputValue": "subnet-0c86a03feb8fe7d9c"}, {"Description": "Active Directory AZ1 Subnet ID", "OutputKey": "ActiveDirectorySubnetAZ1Id", "OutputValue": "subnet-08de7da27df024286"}, {"Description": "Customer Bastion AZ1 Subnet ID", "OutputKey": "CustomerBastionSubnetAZ1Id", "OutputValue": "subnet-0c33bf6778870525d"}, {"Description": "Customer Bastion AZ2 Subnet ID", "OutputKey": "CustomerBastionSubnetAZ2Id", "OutputValue": "subnet-09e3ede0af7c715a5"}, {"Description": "EndpointProtectionSecuritySubnet AZ3 Subnet ID", "OutputKey": "EndpointProtectionSecuritySubnetAZ3Id", "OutputValue": "subnet-058b6b71e5e61488b"}, {"Description": "Shared Services VPC TGW ATtachment Id", "OutputKey": "SharedServicesVPCAttachmentId", "OutputValue": "tgw-attach-0e04f4760ae10a5fe"}, {"Description": "EndpointProtectionSecuritySubnet AZ1 Subnet ID", "OutputKey": "EndpointProtectionSecuritySubnetAZ1Id", "OutputValue": "subnet-0805baa0684c79368"}, {"Description": "EndpointProtectionSecuritySubnet AZ2 Subnet ID", "OutputKey": "EndpointProtectionSecuritySubnetAZ2Id", "OutputValue": "subnet-07d6caafccd448566"}, {"Description": "Shared Services VPC ID", "OutputKey": "VPC", "OutputValue": "vpc-0036e25ec5e7c1084"}, {"Description": "Active Directory AZ2 Subnet ID", "OutputKey": "ActiveDirectorySubnetAZ2Id", "OutputValue": "subnet-0b91804f0590d02f0"}, {"Description": "Active Directory AZ3 Subnet ID", "OutputKey": "ActiveDirectorySubnetAZ3Id", "OutputValue": "subnet-027714c1663984ef8"}], "CreationTime": "2020-01-28T00:00:50.585000+00:00", "Capabilities": ["CAPABILITY_NAMED_IAM"], "StackName": "ams-shared-services-vpc", "NotificationARNs": [], "StackStatus": "UPDATE_COMPLETE", "DisableRollback": false, "RollbackConfiguration": {}, "ChangeSetId": "arn:aws:cloudformation:us-east-1:043898046743:changeSet/UPDATE-955266f1-d4be-46be-a1eb-46907bff3e28/28061d58-49c1-4e63-9f3d-5f3145670988", "LastUpdatedTime": "2020-01-28T20:38:07.164000+00:00"}, {"StackId": "arn:aws:cloudformation:us-east-1:043898046743:stack/StackSet-ams-vpc-flowlogs-role-143bc82d-561e-4ba5-b9a1-dd914857ba42/5e2c5120-413b-11ea-be56-0e353767367b", "DriftInformation": {"StackDriftStatus": "NOT_CHECKED"}, "Description": "MALZ Template for deploying the VPC Flow Logs Role. This template should be deployed by the Put Infrastructure Stack Set Ct.", "Tags": [{"Value": "AMSInfrastructure", "Key": "AppId"}, {"Value": "AMSInfrastructure", "Key": "Environment"}, {"Value": "us-east-1", "Key": "Regions"}, {"Value": "ou-8l0s-oxk7ny4i/ou-8l0s-vnf03xld", "Key": "OrganizationalUnits"}, {"Value": "itm-sckldj01000000000", "Key": "TemplateId"}, {"Value": "AMSInfrastructure", "Key": "AppName"}], "CreationTime": "2020-01-27T19:29:42.835000+00:00", "Capabilities": ["CAPABILITY_NAMED_IAM"], "StackName": "StackSet-ams-vpc-flowlogs-role-143bc82d-561e-4ba5-b9a1-dd914857ba42", "NotificationARNs": ["arn:aws:sns:us-east-1:500917015339:StackSet-ams-vpc-flowlogs-role-143bc82d-561e-4ba5-b9a1-dd914857ba42"], "StackStatus": "CREATE_COMPLETE", "DisableRollback": false, "RollbackConfiguration": {}}, {"StackId": "arn:aws:cloudformation:us-east-1:043898046743:stack/StackSet-AWS-Landing-Zone-Baseline-EnableConfigRules-1f3dcbb2-554b-4660-85df-4d9f97d29a24/e09cf5e0-3fa8-11ea-a2bc-0e3038696552", "DriftInformation": {"StackDriftStatus": "NOT_CHECKED"}, "Description": "Enables an AWS Landing Zone account baseline AWS Config rules.", "Parameters": [{"ParameterValue": "false", "ParameterKey": "EnableRdsEncryptionRule"}, {"ParameterValue": "false", "ParameterKey": "EnableS3PublicWriteRule"}, {"ParameterValue": "", "ParameterKey": "KMSId"}, {"ParameterValue": "TwentyFour_Hours", "ParameterKey": "MaximumExecutionFrequency"}, {"ParameterValue": "false", "ParameterKey": "EnableEncryptedVolumesRule"}, {"ParameterValue": "false", "ParameterKey": "EnableRestrictedCommonPortsRule"}, {"ParameterValue": "4333", "ParameterKey": "blockedPort5"}, {"ParameterValue": "false", "ParameterKey": "EnableS3PublicReadRule"}, {"ParameterValue": "3389", "ParameterKey": "blockedPort3"}, {"ParameterValue": "3306", "ParameterKey": "blockedPort4"}, {"ParameterValue": "20", "ParameterKey": "blockedPort1"}, {"ParameterValue": "21", "ParameterKey": "blockedPort2"}, {"ParameterValue": "false", "ParameterKey": "EnableS3ServerSideEncryptionRule"}, {"ParameterValue": "false", "ParameterKey": "EnableRestrictedSshRule"}], "Tags": [{"Value": "LandingZoneStackSet", "Key": "AWS_Solutions"}, {"Value": "AMSInfrastructure", "Key": "AppId"}, {"Value": "AMSInfrastructure", "Key": "Environment"}, {"Value": "LandingZoneStackSet", "Key": "TemplateId"}, {"Value": "AMSInfrastructure", "Key": "AppName"}], "CreationTime": "2020-01-25T19:28:34.499000+00:00", "Capabilities": ["CAPABILITY_IAM", "CAPABILITY_NAMED_IAM"], "StackName": "StackSet-AWS-Landing-Zone-Baseline-EnableConfigRules-1f3dcbb2-554b-4660-85df-4d9f97d29a24", "NotificationARNs": ["arn:aws:sns:us-east-1:500917015339:StackSet-AWS-Landing-Zone-Baseline-EnableConfigRules-1f3dcbb2-554b-4660-85df-4d9f97d29a24"], "StackStatus": "UPDATE_COMPLETE", "DisableRollback": false, "RollbackConfiguration": {}, "LastUpdatedTime": "2020-01-27T20:48:51.652000+00:00"}, {"StackId": "arn:aws:cloudformation:us-east-1:043898046743:stack/StackSet-AWS-Landing-Zone-Baseline-EnableNotifications-241b36ac-1762-48a6-ac69-a323b65c5ff8/7ac6b580-3fa8-11ea-8eda-12878b97cc21", "DriftInformation": {"StackDriftStatus": "NOT_CHECKED"}, "Description": "AWS CloudTrail API Activity Alarm Template for CloudWatch Logs", "Parameters": [{"ParameterValue": "true", "ParameterKey": "EnableEc2LargeInstanceChangeAlarm"}, {"ParameterValue": "true", "ParameterKey": "EnableGatewayChangeAlarm"}, {"ParameterValue": "true", "ParameterKey": "EnableNetworkAclChangeAlarm"}, {"ParameterValue": "true", "ParameterKey": "EnableIamPolicyChangesAlarm"}, {"ParameterValue": "/org/member/local_sns_arn", "ResolvedValue": "arn:aws:sns:us-east-1:043898046743:AWS-Landing-Zone-Security-Notification", "ParameterKey": "SNSNotificationTopic"}, {"ParameterValue": "true", "ParameterKey": "EnableConsoleSignInFailureAlarm"}, {"ParameterValue": "true", "ParameterKey": "EnableAuthorizationFailureAlarm"}, {"ParameterValue": "true", "ParameterKey": "EnableEc2InstanceChangeAlarm"}, {"ParameterValue": "true", "ParameterKey": "EnableRootLoginAlarm"}, {"ParameterValue": "true", "ParameterKey": "EnableSecurityGroupChangeAlarm"}, {"ParameterValue": "CloudTrail/Landing-Zone-Logs", "ParameterKey": "LogGroupName"}, {"ParameterValue": "true", "ParameterKey": "EnableVpcChangeAlarm"}, {"ParameterValue": "true", "ParameterKey": "EnableCloudTrailChangeAlarm"}], "Tags": [{"Value": "LandingZoneStackSet", "Key": "AWS_Solutions"}, {"Value": "AMSInfrastructure", "Key": "AppId"}, {"Value": "AMSInfrastructure", "Key": "Environment"}, {"Value": "LandingZoneStackSet", "Key": "TemplateId"}, {"Value": "AMSInfrastructure", "Key": "AppName"}], "CreationTime": "2020-01-25T19:25:43.734000+00:00", "Capabilities": ["CAPABILITY_IAM", "CAPABILITY_NAMED_IAM"], "StackName": "StackSet-AWS-Landing-Zone-Baseline-EnableNotifications-241b36ac-1762-48a6-ac69-a323b65c5ff8", "NotificationARNs": ["arn:aws:sns:us-east-1:500917015339:StackSet-AWS-Landing-Zone-Baseline-EnableNotifications-241b36ac-1762-48a6-ac69-a323b65c5ff8"], "StackStatus": "UPDATE_COMPLETE", "DisableRollback": false, "RollbackConfiguration": {}, "LastUpdatedTime": "2020-01-27T20:46:23.889000+00:00"}, {"StackId": "arn:aws:cloudformation:us-east-1:043898046743:stack/StackSet-AWS-Landing-Zone-Baseline-EnableConfigRulesGlobal-60554e71-9d5b-4604-a956-9131adcf1f9b/76a08b70-3fa8-11ea-9a86-12cb3b0f9c64", "DriftInformation": {"StackDriftStatus": "NOT_CHECKED"}, "Description": "Enables an AWS Landing Zone account baseline AWS Config rules.", "Parameters": [{"ParameterValue": "12", "ParameterKey": "MinimumPasswordLength"}, {"ParameterValue": "true", "ParameterKey": "RequireLowercaseCharacters"}, {"ParameterValue": "true", "ParameterKey": "RequireNumbers"}, {"ParameterValue": "false", "ParameterKey": "EnableIamPasswordPolicyRule"}, {"ParameterValue": "6", "ParameterKey": "PasswordReusePrevention"}, {"ParameterValue": "90", "ParameterKey": "MaxPasswordAge"}, {"ParameterValue": "false", "ParameterKey": "EnableRootMfaRule"}, {"ParameterValue": "", "ParameterKey": "KMSId"}, {"ParameterValue": "true", "ParameterKey": "RequireUppercaseCharacters"}, {"ParameterValue": "TwentyFour_Hours", "ParameterKey": "MaximumExecutionFrequency"}, {"ParameterValue": "true", "ParameterKey": "RequireSymbols"}], "Tags": [{"Value": "LandingZoneStackSet", "Key": "AWS_Solutions"}, {"Value": "AMSInfrastructure", "Key": "AppId"}, {"Value": "AMSInfrastructure", "Key": "Environment"}, {"Value": "LandingZoneStackSet", "Key": "TemplateId"}, {"Value": "AMSInfrastructure", "Key": "AppName"}], "CreationTime": "2020-01-25T19:25:36.687000+00:00", "Capabilities": ["CAPABILITY_IAM", "CAPABILITY_NAMED_IAM"], "StackName": "StackSet-AWS-Landing-Zone-Baseline-EnableConfigRulesGlobal-60554e71-9d5b-4604-a956-9131adcf1f9b", "NotificationARNs": ["arn:aws:sns:us-east-1:500917015339:StackSet-AWS-Landing-Zone-Baseline-EnableConfigRulesGlobal-60554e71-9d5b-4604-a956-9131adcf1f9b"], "StackStatus": "UPDATE_COMPLETE", "DisableRollback": false, "RollbackConfiguration": {}, "LastUpdatedTime": "2020-01-27T20:45:31.324000+00:00"}, {"StackId": "arn:aws:cloudformation:us-east-1:043898046743:stack/StackSet-AWS-Landing-Zone-Baseline-EnableConfig-e3cef763-99e7-459c-bbd8-bf19074a9bc1/88506580-3fa7-11ea-90a8-0a78092beb51", "DriftInformation": {"StackDriftStatus": "NOT_CHECKED"}, "Description": "Enable AWS Config,", "Parameters": [{"ParameterValue": "true", "ParameterKey": "IncludeGlobalResourceTypes"}, {"ParameterValue": "AWS::CloudTrail::Trail", "ParameterKey": "ResourceTypes"}, {"ParameterValue": "LZNotify", "ParameterKey": "NotifyDisplayName"}, {"ParameterValue": "arn:aws:sns:ap-northeast-1:478999156681:AWS-Landing-Zone-All-Config-Notifications", "ParameterKey": "TopicArn"}, {"ParameterValue": "Landing-Zone-Delivery-Channel", "ParameterKey": "DeliveryChannelName"}, {"ParameterValue": "14", "ParameterKey": "LogsRetentionInDays"}, {"ParameterValue": "aws-landing-zone-logs-031247562193-us-east-1", "ParameterKey": "BucketName"}, {"ParameterValue": "true", "ParameterKey": "EnableConfigRuleComplianceChangeAlarm"}, {"ParameterValue": "arn:aws:sns:ap-northeast-1:478999156681:AWS-Landing-Zone-Aggregate-Security-Notifications", "ParameterKey": "SecurityNotificationTopicArn"}, {"ParameterValue": "24hours", "ParameterKey": "Frequency"}, {"ParameterValue": "AWS-Landing-Zone-Security-Notification", "ParameterKey": "NotifyTopicName"}, {"ParameterValue": "true", "ParameterKey": "AllSupported"}, {"ParameterValue": "o-8baopjpjb4", "ParameterKey": "AWSLogsS3KeyPrefix"}], "Tags": [{"Value": "LandingZoneStackSet", "Key": "AWS_Solutions"}, {"Value": "AMSInfrastructure", "Key": "AppId"}, {"Value": "AMSInfrastructure", "Key": "Environment"}, {"Value": "LandingZoneStackSet", "Key": "TemplateId"}, {"Value": "AMSInfrastructure", "Key": "AppName"}], "CreationTime": "2020-01-25T19:18:57.098000+00:00", "Capabilities": ["CAPABILITY_NAMED_IAM"], "StackName": "StackSet-AWS-Landing-Zone-Baseline-EnableConfig-e3cef763-99e7-459c-bbd8-bf19074a9bc1", "NotificationARNs": ["arn:aws:sns:us-east-1:500917015339:StackSet-AWS-Landing-Zone-Baseline-EnableConfig-e3cef763-99e7-459c-bbd8-bf19074a9bc1"], "StackStatus": "UPDATE_COMPLETE", "DisableRollback": false, "RollbackConfiguration": {}, "LastUpdatedTime": "2020-03-27T16:14:01.531000+00:00"}, {"StackId": "arn:aws:cloudformation:us-east-1:043898046743:stack/StackSet-AWS-Landing-Zone-Baseline-EnableCloudTrail-39a60c23-6819-4bc7-80f1-cf41ed38774a/0934a420-3fa5-11ea-a8e5-0ec9495d5707", "DriftInformation": {"StackDriftStatus": "NOT_CHECKED"}, "Description": "Enable AWS CloudTrail. This template creates a CloudTrail trail, an Amazon S3 bucket where logs are published, and an Amazon SNS topic where notifications are sent.", "Parameters": [{"ParameterValue": "true", "ParameterKey": "MultiRegion"}, {"ParameterValue": "true", "ParameterKey": "IncludeGlobalEvents"}, {"ParameterValue": "true", "ParameterKey": "PublishToCloudWatchLogs"}, {"ParameterValue": "CloudTrail/Landing-Zone-Logs", "ParameterKey": "CloudWatchLogsGroupName"}, {"ParameterValue": "aws-landing-zone-logs-031247562193-us-east-1", "ParameterKey": "TrailBucket"}, {"ParameterValue": "arn:aws:sns:ap-northeast-1:478999156681:AWS-Landing-Zone-All-Config-Notifications", "ParameterKey": "SNSTopic"}, {"ParameterValue": "true", "ParameterKey": "PublishToTopic"}, {"ParameterValue": "14", "ParameterKey": "LogsRetentionInDays"}, {"ParameterValue": "true", "ParameterKey": "EnableLogFileValidation"}, {"ParameterValue": "o-8baopjpjb4", "ParameterKey": "AWSLogsS3KeyPrefix"}], "Tags": [{"Value": "LandingZoneStackSet", "Key": "AWS_Solutions"}, {"Value": "AMSInfrastructure", "Key": "AppId"}, {"Value": "AMSInfrastructure", "Key": "Environment"}, {"Value": "LandingZoneStackSet", "Key": "TemplateId"}, {"Value": "AMSInfrastructure", "Key": "AppName"}], "CreationTime": "2020-01-25T19:01:04.658000+00:00", "Capabilities": ["CAPABILITY_IAM", "CAPABILITY_NAMED_IAM"], "StackName": "StackSet-AWS-Landing-Zone-Baseline-EnableCloudTrail-39a60c23-6819-4bc7-80f1-cf41ed38774a", "NotificationARNs": ["arn:aws:sns:us-east-1:500917015339:StackSet-AWS-Landing-Zone-Baseline-EnableCloudTrail-39a60c23-6819-4bc7-80f1-cf41ed38774a"], "StackStatus": "UPDATE_COMPLETE", "DisableRollback": false, "RollbackConfiguration": {}, "LastUpdatedTime": "2020-01-27T20:46:07.331000+00:00"}, {"StackId": "arn:aws:cloudformation:us-east-1:043898046743:stack/StackSet-AWS-Landing-Zone-Baseline-IamPasswordPolicy-314b1a05-c576-45a9-834f-d249711598ed/07801650-3fa5-11ea-af1f-0af77bd56d08", "DriftInformation": {"StackDriftStatus": "NOT_CHECKED"}, "Description": "Security: Account Password Policy, a cloudonaut.io template", "Parameters": [{"ParameterValue": "14", "ParameterKey": "MinimumPasswordLength"}, {"ParameterValue": "true", "ParameterKey": "RequireLowercaseCharacters"}, {"ParameterValue": "true", "ParameterKey": "RequireNumbers"}, {"ParameterValue": "90", "ParameterKey": "MaxPasswordAge"}, {"ParameterValue": "24", "ParameterKey": "PasswordReusePrevention"}, {"ParameterValue": "false", "ParameterKey": "HardExpiry"}, {"ParameterValue": "true", "ParameterKey": "RequireUppercaseCharacters"}, {"ParameterValue": "14", "ParameterKey": "LogsRetentionInDays"}, {"ParameterValue": "true", "ParameterKey": "AllowUsersToChangePassword"}, {"ParameterValue": "true", "ParameterKey": "RequireSymbols"}], "Tags": [{"Value": "LandingZoneStackSet", "Key": "AWS_Solutions"}, {"Value": "AMSInfrastructure", "Key": "AppId"}, {"Value": "AMSInfrastructure", "Key": "Environment"}, {"Value": "LandingZoneStackSet", "Key": "TemplateId"}, {"Value": "AMSInfrastructure", "Key": "AppName"}], "Outputs": [{"Description": "Stack name.", "OutputKey": "StackName", "OutputValue": "StackSet-AWS-Landing-Zone-Baseline-IamPasswordPolicy-314b1a05-c576-45a9-834f-d249711598ed"}], "CreationTime": "2020-01-25T19:01:01.808000+00:00", "Capabilities": ["CAPABILITY_NAMED_IAM"], "StackName": "StackSet-AWS-Landing-Zone-Baseline-IamPasswordPolicy-314b1a05-c576-45a9-834f-d249711598ed", "NotificationARNs": ["arn:aws:sns:us-east-1:500917015339:StackSet-AWS-Landing-Zone-Baseline-IamPasswordPolicy-314b1a05-c576-45a9-834f-d249711598ed"], "StackStatus": "UPDATE_COMPLETE", "DisableRollback": false, "RollbackConfiguration": {}, "LastUpdatedTime": "2020-03-27T15:11:31.575000+00:00"}, {"StackId": "arn:aws:cloudformation:us-east-1:043898046743:stack/StackSet-AWS-Landing-Zone-Baseline-ConfigRole-e8448fb1-915e-4653-94e4-337fe64f6eab/07091190-3fa5-11ea-94c1-0eb21ddd4aff", "DriftInformation": {"StackDriftStatus": "NOT_CHECKED"}, "Description": "Deploy AWS Config Recorder Role", "Tags": [{"Value": "LandingZoneStackSet", "Key": "AWS_Solutions"}, {"Value": "AMSInfrastructure", "Key": "AppId"}, {"Value": "AMSInfrastructure", "Key": "Environment"}, {"Value": "LandingZoneStackSet", "Key": "TemplateId"}, {"Value": "AMSInfrastructure", "Key": "AppName"}], "CreationTime": "2020-01-25T19:01:00.992000+00:00", "Capabilities": ["CAPABILITY_IAM", "CAPABILITY_NAMED_IAM"], "StackName": "StackSet-AWS-Landing-Zone-Baseline-ConfigRole-e8448fb1-915e-4653-94e4-337fe64f6eab", "NotificationARNs": ["arn:aws:sns:us-east-1:500917015339:StackSet-AWS-Landing-Zone-Baseline-ConfigRole-e8448fb1-915e-4653-94e4-337fe64f6eab"], "StackStatus": "UPDATE_COMPLETE", "LastUpdatedTime": "2020-01-27T20:45:28.708000+00:00", "DisableRollback": false, "RollbackConfiguration": {}}], "ResponseMetadata": {"RetryAttempts": 0, "HTTPStatusCode": 200, "RequestId": "410798c6-580b-4913-a9cd-384c3882a2b6", "HTTPHeaders": {"x-amzn-requestid": "410798c6-580b-4913-a9cd-384c3882a2b6", "content-type": "text/xml", "content-length": "114819", "vary": "accept-encoding", "date": "Tue, 19 May 2020 15:18:20 GMT"}}}}