{"region": "ap-southeast-2", "operation": "ListTrails", "service": "cloudtrail", "response": {"Trails": [{"TrailARN": "arn:aws:cloudtrail:us-east-1:043898046743:trail/AWS-Landing-Zone-BaselineCloudTrail", "Name": "AWS-Landing-Zone-BaselineCloudTrail", "HomeRegion": "us-east-1"}], "ResponseMetadata": {"RetryAttempts": 0, "HTTPStatusCode": 200, "RequestId": "f6bd8244-daa4-4d1a-9247-bb61a79c9b0c", "HTTPHeaders": {"x-amzn-requestid": "f6bd8244-daa4-4d1a-9247-bb61a79c9b0c", "date": "Tue, 19 May 2020 15:19:50 GMT", "content-length": "181", "content-type": "application/x-amz-json-1.1"}}}}