{"region": "us-east-1", "operation": "ListTrails", "service": "cloudtrail", "response": {"Trails": [{"TrailARN": "arn:aws:cloudtrail:us-east-1:043898046743:trail/AWS-Landing-Zone-BaselineCloudTrail", "Name": "AWS-Landing-Zone-BaselineCloudTrail", "HomeRegion": "us-east-1"}], "ResponseMetadata": {"RetryAttempts": 0, "HTTPStatusCode": 200, "RequestId": "a4a76fc0-e8fc-4fb5-87e6-c3a8f2415e47", "HTTPHeaders": {"x-amzn-requestid": "a4a76fc0-e8fc-4fb5-87e6-c3a8f2415e47", "date": "Tue, 19 May 2020 15:18:41 GMT", "content-length": "181", "content-type": "application/x-amz-json-1.1"}}}}