{"region": "us-east-1", "operation": "DescribeAlarms", "service": "cloudwatch", "response": {"CompositeAlarms": [], "ResponseMetadata": {"RetryAttempts": 0, "HTTPStatusCode": 200, "RequestId": "57b4cc09-03d6-4d7c-9f39-115bb187d1c6", "HTTPHeaders": {"x-amzn-requestid": "57b4cc09-03d6-4d7c-9f39-115bb187d1c6", "content-type": "text/xml", "content-length": "46094", "vary": "accept-encoding", "date": "Tue, 19 May 2020 15:19:48 GMT"}}, "MetricAlarms": [{"EvaluationPeriods": 1, "TreatMissingData": "notBreaching", "AlarmArn": "arn:aws:cloudwatch:us-east-1:043898046743:alarm:AWS_Config_Configuration_Change", "StateUpdatedTimestamp": "2020-05-19T15:18:58.124000+00:00", "AlarmConfigurationUpdatedTimestamp": "2020-04-16T16:34:52.836000+00:00", "ComparisonOperator": "GreaterThanOrEqualToThreshold", "AlarmActions": ["arn:aws:sns:us-east-1:043898046743:AWS-Landing-Zone-Security-Notification"], "Namespace": "CloudTrailSecurityhMetrics", "AlarmDescription": "A CloudWatch Alarm that triggers if AWS Config configuration changes", "StateReasonData": "{\"version\":\"1.0\",\"queryDate\":\"2020-05-19T15:18:58.121+0000\",\"startDate\":\"2020-05-19T15:13:00.000+0000\",\"statistic\":\"Sum\",\"period\":300,\"recentDatapoints\":[1.0],\"threshold\":1.0}", "Period": 300, "StateValue": "ALARM", "Threshold": 1.0, "AlarmName": "AWS_Config_Configuration_Change", "Dimensions": [], "Statistic": "Sum", "StateReason": "Threshold Crossed: 1 datapoint [1.0 (19/05/20 15:13:00)] was greater than or equal to the threshold (1.0).", "InsufficientDataActions": [], "OKActions": [], "ActionsEnabled": true, "MetricName": "AWSConfigMod"}, {"EvaluationPeriods": 1, "TreatMissingData": "notBreaching", "AlarmArn": "arn:aws:cloudwatch:us-east-1:043898046743:alarm:AWS_Config_Offline", "StateUpdatedTimestamp": "2020-04-29T23:14:07.815000+00:00", "AlarmConfigurationUpdatedTimestamp": "2020-04-16T16:36:00.519000+00:00", "ComparisonOperator": "GreaterThanOrEqualToThreshold", "AlarmActions": ["arn:aws:sns:us-east-1:043898046743:ConfigOfflineInternalTrigger"], "Namespace": "CloudTrailSecurityhMetrics", "AlarmDescription": "A CloudWatch Alarm that triggers if AWS Config is disabled", "StateReasonData": "{\"version\":\"1.0\",\"queryDate\":\"2020-04-29T23:14:07.810+0000\",\"statistic\":\"Sum\",\"period\":300,\"recentDatapoints\":[],\"threshold\":1.0}", "Period": 300, "StateValue": "OK", "Threshold": 1.0, "AlarmName": "AWS_Config_Offline", "Dimensions": [], "Statistic": "Sum", "StateReason": "Threshold Crossed: no datapoints were received for 1 period and 1 missing datapoint was treated as [NonBreaching].", "InsufficientDataActions": [], "OKActions": [], "ActionsEnabled": true, "MetricName": "AWSConfigOffLine"}, {"EvaluationPeriods": 1, "TreatMissingData": "notBreaching", "AlarmArn": "arn:aws:cloudwatch:us-east-1:043898046743:alarm:CMK_Disabled_or_Scheduled_Deletion", "StateUpdatedTimestamp": "2020-04-16T16:36:05.154000+00:00", "AlarmConfigurationUpdatedTimestamp": "2020-04-16T16:34:52.810000+00:00", "ComparisonOperator": "GreaterThanOrEqualToThreshold", "AlarmActions": ["arn:aws:sns:us-east-1:043898046743:AWS-Landing-Zone-Security-Notification"], "Namespace": "CloudTrailSecurityhMetrics", "AlarmDescription": "A CloudWatch Alarm that triggers if a CMK is disabled or scheduled for deletion", "StateReasonData": "{\"version\":\"1.0\",\"queryDate\":\"2020-04-16T16:36:05.152+0000\",\"statistic\":\"Sum\",\"period\":300,\"recentDatapoints\":[],\"threshold\":1.0}", "Period": 300, "StateValue": "OK", "Threshold": 1.0, "AlarmName": "CMK_Disabled_or_Scheduled_Deletion", "Dimensions": [], "Statistic": "Sum", "StateReason": "Threshold Crossed: no datapoints were received for 1 period and 1 missing datapoint was treated as [NonBreaching].", "InsufficientDataActions": [], "OKActions": [], "ActionsEnabled": true, "MetricName": "CMKDeletion"}, {"EvaluationPeriods": 1, "TreatMissingData": "notBreaching", "AlarmArn": "arn:aws:cloudwatch:us-east-1:043898046743:alarm:CloudTrailAuthorizationFailures", "StateUpdatedTimestamp": "2020-05-19T15:03:03.826000+00:00", "AlarmConfigurationUpdatedTimestamp": "2020-01-25T19:26:26.480000+00:00", "ComparisonOperator": "GreaterThanOrEqualToThreshold", "AlarmActions": ["arn:aws:sns:us-east-1:043898046743:AWS-Landing-Zone-Security-Notification"], "Namespace": "CloudTrailMetrics", "AlarmDescription": "Alarms when an unauthorized API call is made.", "StateReasonData": "{\"version\":\"1.0\",\"queryDate\":\"2020-05-19T15:03:03.823+0000\",\"statistic\":\"Sum\",\"period\":300,\"recentDatapoints\":[],\"threshold\":1.0}", "Period": 300, "StateValue": "OK", "Threshold": 1.0, "AlarmName": "CloudTrailAuthorizationFailures", "Dimensions": [], "Statistic": "Sum", "StateReason": "Threshold Crossed: no datapoints were received for 1 period and 1 missing datapoint was treated as [NonBreaching].", "InsufficientDataActions": [], "OKActions": [], "ActionsEnabled": true, "MetricName": "AuthorizationFailureCount"}, {"EvaluationPeriods": 1, "TreatMissingData": "notBreaching", "AlarmArn": "arn:aws:cloudwatch:us-east-1:043898046743:alarm:CloudTrailChanges", "StateUpdatedTimestamp": "2020-03-05T16:22:47.351000+00:00", "AlarmConfigurationUpdatedTimestamp": "2020-01-25T19:26:16.209000+00:00", "ComparisonOperator": "GreaterThanOrEqualToThreshold", "AlarmActions": ["arn:aws:sns:us-east-1:043898046743:AWS-Landing-Zone-Security-Notification"], "Namespace": "CloudTrailMetrics", "AlarmDescription": "Alarms when an API call is made to create, update or delete a CloudTrail trail, or to start or stop logging to a trail.", "StateReasonData": "{\"version\":\"1.0\",\"queryDate\":\"2020-03-05T16:22:47.347+0000\",\"statistic\":\"Sum\",\"period\":300,\"recentDatapoints\":[],\"threshold\":1.0}", "Period": 300, "StateValue": "OK", "Threshold": 1.0, "AlarmName": "CloudTrailChanges", "Dimensions": [], "Statistic": "Sum", "StateReason": "Threshold Crossed: no datapoints were received for 1 period and 1 missing datapoint was treated as [NonBreaching].", "InsufficientDataActions": [], "OKActions": [], "ActionsEnabled": true, "MetricName": "CloudTrailEventCount"}, {"EvaluationPeriods": 1, "TreatMissingData": "notBreaching", "AlarmArn": "arn:aws:cloudwatch:us-east-1:043898046743:alarm:CloudTrailConsoleSignInFailures", "StateUpdatedTimestamp": "2020-01-29T20:38:55.897000+00:00", "AlarmConfigurationUpdatedTimestamp": "2020-01-25T19:26:21.236000+00:00", "ComparisonOperator": "GreaterThanOrEqualToThreshold", "AlarmActions": ["arn:aws:sns:us-east-1:043898046743:AWS-Landing-Zone-Security-Notification"], "Namespace": "CloudTrailMetrics", "AlarmDescription": "Alarms when an unauthenticated API call is made to sign into the console.", "StateReasonData": "{\"version\":\"1.0\",\"queryDate\":\"2020-01-29T20:38:55.884+0000\",\"statistic\":\"Sum\",\"period\":300,\"recentDatapoints\":[],\"threshold\":3.0}", "Period": 300, "StateValue": "OK", "Threshold": 3.0, "AlarmName": "CloudTrailConsoleSignInFailures", "Dimensions": [], "Statistic": "Sum", "StateReason": "Threshold Crossed: no datapoints were received for 1 period and 1 missing datapoint was treated as [NonBreaching].", "InsufficientDataActions": [], "OKActions": [], "ActionsEnabled": true, "MetricName": "ConsoleSignInFailureCount"}, {"EvaluationPeriods": 1, "TreatMissingData": "notBreaching", "AlarmArn": "arn:aws:cloudwatch:us-east-1:043898046743:alarm:CloudTrailEC2InstanceChanges", "StateUpdatedTimestamp": "2020-05-19T15:18:59.821000+00:00", "AlarmConfigurationUpdatedTimestamp": "2020-01-25T19:26:06.736000+00:00", "ComparisonOperator": "GreaterThanOrEqualToThreshold", "AlarmActions": ["arn:aws:sns:us-east-1:043898046743:AWS-Landing-Zone-Security-Notification"], "Namespace": "CloudTrailMetrics", "AlarmDescription": "Alarms when an API call is made to create, terminate, start, stop or reboot an EC2 instance.", "StateReasonData": "{\"version\":\"1.0\",\"queryDate\":\"2020-05-19T15:18:59.819+0000\",\"startDate\":\"2020-05-19T15:13:00.000+0000\",\"statistic\":\"Sum\",\"period\":300,\"recentDatapoints\":[1.0],\"threshold\":1.0}", "Period": 300, "StateValue": "ALARM", "Threshold": 1.0, "AlarmName": "CloudTrailEC2InstanceChanges", "Dimensions": [], "Statistic": "Sum", "StateReason": "Threshold Crossed: 1 datapoint [1.0 (19/05/20 15:13:00)] was greater than or equal to the threshold (1.0).", "InsufficientDataActions": [], "OKActions": [], "ActionsEnabled": true, "MetricName": "EC2InstanceEventCount"}, {"EvaluationPeriods": 1, "TreatMissingData": "notBreaching", "AlarmArn": "arn:aws:cloudwatch:us-east-1:043898046743:alarm:CloudTrailEC2LargeInstanceChanges", "StateUpdatedTimestamp": "2020-04-29T15:38:12.954000+00:00", "AlarmConfigurationUpdatedTimestamp": "2020-01-25T19:26:11.813000+00:00", "ComparisonOperator": "GreaterThanOrEqualToThreshold", "AlarmActions": ["arn:aws:sns:us-east-1:043898046743:AWS-Landing-Zone-Security-Notification"], "Namespace": "CloudTrailMetrics", "AlarmDescription": "Alarms when an API call is made to create, terminate, start, stop or reboot a 4x, 8x, 9x, 10x, 12x, 16x, 18x, 24x, 32x-large EC2 instance.", "StateReasonData": "{\"version\":\"1.0\",\"queryDate\":\"2020-04-29T15:38:12.930+0000\",\"statistic\":\"Sum\",\"period\":300,\"recentDatapoints\":[],\"threshold\":1.0}", "Period": 300, "StateValue": "OK", "Threshold": 1.0, "AlarmName": "CloudTrailEC2LargeInstanceChanges", "Dimensions": [], "Statistic": "Sum", "StateReason": "Threshold Crossed: no datapoints were received for 1 period and 1 missing datapoint was treated as [NonBreaching].", "InsufficientDataActions": [], "OKActions": [], "ActionsEnabled": true, "MetricName": "EC2LargeInstanceEventCount"}, {"EvaluationPeriods": 1, "TreatMissingData": "notBreaching", "AlarmArn": "arn:aws:cloudwatch:us-east-1:043898046743:alarm:CloudTrailGatewayChanges", "StateUpdatedTimestamp": "2020-03-17T22:27:23.720000+00:00", "AlarmConfigurationUpdatedTimestamp": "2020-01-25T19:25:56.562000+00:00", "ComparisonOperator": "GreaterThanOrEqualToThreshold", "AlarmActions": ["arn:aws:sns:us-east-1:043898046743:AWS-Landing-Zone-Security-Notification"], "Namespace": "CloudTrailMetrics", "AlarmDescription": "Alarms when an API call is made to create, update or delete a Customer or Internet Gateway.", "StateReasonData": "{\"version\":\"1.0\",\"queryDate\":\"2020-03-17T22:27:23.716+0000\",\"statistic\":\"Sum\",\"period\":300,\"recentDatapoints\":[],\"threshold\":1.0}", "Period": 300, "StateValue": "OK", "Threshold": 1.0, "AlarmName": "CloudTrailGatewayChanges", "Dimensions": [], "Statistic": "Sum", "StateReason": "Threshold Crossed: no datapoints were received for 1 period and 1 missing datapoint was treated as [NonBreaching].", "InsufficientDataActions": [], "OKActions": [], "ActionsEnabled": true, "MetricName": "GatewayEventCount"}, {"EvaluationPeriods": 1, "TreatMissingData": "notBreaching", "AlarmArn": "arn:aws:cloudwatch:us-east-1:043898046743:alarm:CloudTrailNetworkAclChanges", "StateUpdatedTimestamp": "2020-01-25T19:26:40.102000+00:00", "AlarmConfigurationUpdatedTimestamp": "2020-01-25T19:25:52.536000+00:00", "ComparisonOperator": "GreaterThanOrEqualToThreshold", "AlarmActions": ["arn:aws:sns:us-east-1:043898046743:AWS-Landing-Zone-Security-Notification"], "Namespace": "CloudTrailMetrics", "AlarmDescription": "Alarms when an API call is made to create, update or delete a Network ACL.", "StateReasonData": "{\"version\":\"1.0\",\"queryDate\":\"2020-01-25T19:26:40.099+0000\",\"statistic\":\"Sum\",\"period\":300,\"recentDatapoints\":[],\"threshold\":1.0}", "Period": 300, "StateValue": "OK", "Threshold": 1.0, "AlarmName": "CloudTrailNetworkAclChanges", "Dimensions": [], "Statistic": "Sum", "StateReason": "Threshold Crossed: no datapoints were received for 1 period and 1 missing datapoint was treated as [NonBreaching].", "InsufficientDataActions": [], "OKActions": [], "ActionsEnabled": true, "MetricName": "NetworkAclEventCount"}, {"EvaluationPeriods": 1, "TreatMissingData": "notBreaching", "AlarmArn": "arn:aws:cloudwatch:us-east-1:043898046743:alarm:CloudTrailSecurityGroupChanges", "StateUpdatedTimestamp": "2020-05-18T19:39:27.864000+00:00", "AlarmConfigurationUpdatedTimestamp": "2020-01-25T19:25:49.092000+00:00", "ComparisonOperator": "GreaterThanOrEqualToThreshold", "AlarmActions": ["arn:aws:sns:us-east-1:043898046743:AWS-Landing-Zone-Security-Notification"], "Namespace": "CloudTrailMetrics", "AlarmDescription": "Alarms when an API call is made to create, update or delete a Security Group.", "StateReasonData": "{\"version\":\"1.0\",\"queryDate\":\"2020-05-18T19:39:27.863+0000\",\"statistic\":\"Sum\",\"period\":300,\"recentDatapoints\":[],\"threshold\":1.0}", "Period": 300, "StateValue": "OK", "Threshold": 1.0, "AlarmName": "CloudTrailSecurityGroupChanges", "Dimensions": [], "Statistic": "Sum", "StateReason": "Threshold Crossed: no datapoints were received for 1 period and 1 missing datapoint was treated as [NonBreaching].", "InsufficientDataActions": [], "OKActions": [], "ActionsEnabled": true, "MetricName": "SecurityGroupEventCount"}, {"EvaluationPeriods": 1, "TreatMissingData": "notBreaching", "AlarmArn": "arn:aws:cloudwatch:us-east-1:043898046743:alarm:CloudTrailVpcChanges", "StateUpdatedTimestamp": "2020-03-10T20:40:12.899000+00:00", "AlarmConfigurationUpdatedTimestamp": "2020-01-25T19:26:01.564000+00:00", "ComparisonOperator": "GreaterThanOrEqualToThreshold", "AlarmActions": ["arn:aws:sns:us-east-1:043898046743:AWS-Landing-Zone-Security-Notification"], "Namespace": "CloudTrailMetrics", "AlarmDescription": "Alarms when an API call is made to create, update or delete a VPC, VPC peering connection or VPC connection to classic.", "StateReasonData": "{\"version\":\"1.0\",\"queryDate\":\"2020-03-10T20:40:12.897+0000\",\"statistic\":\"Sum\",\"period\":300,\"recentDatapoints\":[],\"threshold\":1.0}", "Period": 300, "StateValue": "OK", "Threshold": 1.0, "AlarmName": "CloudTrailVpcChanges", "Dimensions": [], "Statistic": "Sum", "StateReason": "Threshold Crossed: no datapoints were received for 1 period and 1 missing datapoint was treated as [NonBreaching].", "InsufficientDataActions": [], "OKActions": [], "ActionsEnabled": true, "MetricName": "VpcEventCount"}, {"EvaluationPeriods": 1, "TreatMissingData": "notBreaching", "AlarmArn": "arn:aws:cloudwatch:us-east-1:043898046743:alarm:CloudTrail_Configuration_Change", "StateUpdatedTimestamp": "2020-04-16T16:35:46.990000+00:00", "AlarmConfigurationUpdatedTimestamp": "2020-04-16T16:34:52.857000+00:00", "ComparisonOperator": "GreaterThanOrEqualToThreshold", "AlarmActions": ["arn:aws:sns:us-east-1:043898046743:AWS-Landing-Zone-Security-Notification"], "Namespace": "CloudTrailSecurityhMetrics", "AlarmDescription": "A CloudWatch Alarm that triggers if any CloudTrail configuration changes", "StateReasonData": "{\"version\":\"1.0\",\"queryDate\":\"2020-04-16T16:35:46.975+0000\",\"statistic\":\"Sum\",\"period\":300,\"recentDatapoints\":[],\"threshold\":1.0}", "Period": 300, "StateValue": "OK", "Threshold": 1.0, "AlarmName": "CloudTrail_Configuration_Change", "Dimensions": [], "Statistic": "Sum", "StateReason": "Threshold Crossed: no datapoints were received for 1 period and 1 missing datapoint was treated as [NonBreaching].", "InsufficientDataActions": [], "OKActions": [], "ActionsEnabled": true, "MetricName": "CloudTrailMod"}, {"EvaluationPeriods": 1, "TreatMissingData": "notBreaching", "AlarmArn": "arn:aws:cloudwatch:us-east-1:043898046743:alarm:Console_Login_With_No_MFA", "StateUpdatedTimestamp": "2020-05-19T15:09:06.615000+00:00", "AlarmConfigurationUpdatedTimestamp": "2020-04-16T16:34:52.968000+00:00", "ComparisonOperator": "GreaterThanOrEqualToThreshold", "AlarmActions": ["arn:aws:sns:us-east-1:043898046743:AWS-Landing-Zone-Security-Notification"], "Namespace": "CloudTrailSecurityhMetrics", "AlarmDescription": "A CloudWatch Alarm that triggers if the AWS Console is logged into without MFA enabled", "StateReasonData": "{\"version\":\"1.0\",\"queryDate\":\"2020-05-19T15:09:06.612+0000\",\"statistic\":\"Sum\",\"period\":300,\"recentDatapoints\":[],\"threshold\":1.0}", "Period": 300, "StateValue": "OK", "Threshold": 1.0, "AlarmName": "Console_Login_With_No_MFA", "Dimensions": [], "Statistic": "Sum", "StateReason": "Threshold Crossed: no datapoints were received for 1 period and 1 missing datapoint was treated as [NonBreaching].", "InsufficientDataActions": [], "OKActions": [], "ActionsEnabled": true, "MetricName": "ConsoleNoMFA"}, {"EvaluationPeriods": 1, "TreatMissingData": "notBreaching", "AlarmArn": "arn:aws:cloudwatch:us-east-1:043898046743:alarm:IAMPolicyChanges", "StateUpdatedTimestamp": "2020-05-19T14:25:44.881000+00:00", "AlarmConfigurationUpdatedTimestamp": "2020-01-25T19:26:31.465000+00:00", "ComparisonOperator": "GreaterThanOrEqualToThreshold", "AlarmActions": ["arn:aws:sns:us-east-1:043898046743:AWS-Landing-Zone-Security-Notification"], "Namespace": "CloudTrailMetrics", "AlarmDescription": "Alarms when IAM policy changs are made.", "StateReasonData": "{\"version\":\"1.0\",\"queryDate\":\"2020-05-19T14:25:44.878+0000\",\"statistic\":\"Sum\",\"period\":300,\"recentDatapoints\":[],\"threshold\":1.0}", "Period": 300, "StateValue": "OK", "Threshold": 1.0, "AlarmName": "IAMPolicyChanges", "Dimensions": [], "Statistic": "Sum", "StateReason": "Threshold Crossed: no datapoints were received for 1 period and 1 missing datapoint was treated as [NonBreaching].", "InsufficientDataActions": [], "OKActions": [], "ActionsEnabled": true, "MetricName": "IAMPolicyEventCount"}, {"EvaluationPeriods": 1, "TreatMissingData": "notBreaching", "AlarmArn": "arn:aws:cloudwatch:us-east-1:043898046743:alarm:IAM_Policy_attachements", "StateUpdatedTimestamp": "2020-05-19T14:25:54.711000+00:00", "AlarmConfigurationUpdatedTimestamp": "2020-04-16T16:34:52.969000+00:00", "ComparisonOperator": "GreaterThanOrEqualToThreshold", "AlarmActions": ["arn:aws:sns:us-east-1:043898046743:AWS-Landing-Zone-Security-Notification"], "Namespace": "CloudTrailSecurityhMetrics", "AlarmDescription": "A CloudWatch Alarm that triggers if any IAM Policies are attached to any User, Group, or Roles", "StateReasonData": "{\"version\":\"1.0\",\"queryDate\":\"2020-05-19T14:25:54.711+0000\",\"statistic\":\"Sum\",\"period\":300,\"recentDatapoints\":[],\"threshold\":1.0}", "Period": 300, "StateValue": "OK", "Threshold": 1.0, "AlarmName": "IAM_Policy_attachements", "Dimensions": [], "Statistic": "Sum", "StateReason": "Threshold Crossed: no datapoints were received for 1 period and 1 missing datapoint was treated as [NonBreaching].", "InsufficientDataActions": [], "OKActions": [], "ActionsEnabled": true, "MetricName": "IAMPoliciesAttach"}, {"EvaluationPeriods": 1, "TreatMissingData": "notBreaching", "AlarmArn": "arn:aws:cloudwatch:us-east-1:043898046743:alarm:IAM_Policy_change", "StateUpdatedTimestamp": "2020-05-15T22:10:32.323000+00:00", "AlarmConfigurationUpdatedTimestamp": "2020-04-16T16:34:52.755000+00:00", "ComparisonOperator": "GreaterThanOrEqualToThreshold", "AlarmActions": ["arn:aws:sns:us-east-1:043898046743:AWS-Landing-Zone-Security-Notification"], "Namespace": "CloudTrailSecurityhMetrics", "AlarmDescription": "A CloudWatch Alarm that triggers if any IAM Policies are modified", "StateReasonData": "{\"version\":\"1.0\",\"queryDate\":\"2020-05-15T22:10:32.321+0000\",\"statistic\":\"Sum\",\"period\":300,\"recentDatapoints\":[],\"threshold\":1.0}", "Period": 300, "StateValue": "OK", "Threshold": 1.0, "AlarmName": "IAM_Policy_change", "Dimensions": [], "Statistic": "Sum", "StateReason": "Threshold Crossed: no datapoints were received for 1 period and 1 missing datapoint was treated as [NonBreaching].", "InsufficientDataActions": [], "OKActions": [], "ActionsEnabled": true, "MetricName": "IAMPolicyMod"}, {"EvaluationPeriods": 1, "TreatMissingData": "notBreaching", "AlarmArn": "arn:aws:cloudwatch:us-east-1:043898046743:alarm:NACL_Configuration_Change", "StateUpdatedTimestamp": "2020-04-16T16:35:46.816000+00:00", "AlarmConfigurationUpdatedTimestamp": "2020-04-16T16:34:53.063000+00:00", "ComparisonOperator": "GreaterThanOrEqualToThreshold", "AlarmActions": ["arn:aws:sns:us-east-1:043898046743:AWS-Landing-Zone-Security-Notification"], "Namespace": "CloudTrailSecurityhMetrics", "AlarmDescription": "A CloudWatch Alarm that triggers if any NACL's change", "StateReasonData": "{\"version\":\"1.0\",\"queryDate\":\"2020-04-16T16:35:46.812+0000\",\"statistic\":\"Sum\",\"period\":300,\"recentDatapoints\":[],\"threshold\":1.0}", "Period": 300, "StateValue": "OK", "Threshold": 1.0, "AlarmName": "NACL_Configuration_Change", "Dimensions": [], "Statistic": "Sum", "StateReason": "Threshold Crossed: no datapoints were received for 1 period and 1 missing datapoint was treated as [NonBreaching].", "InsufficientDataActions": [], "OKActions": [], "ActionsEnabled": true, "MetricName": "NACLMod"}, {"EvaluationPeriods": 1, "TreatMissingData": "notBreaching", "AlarmArn": "arn:aws:cloudwatch:us-east-1:043898046743:alarm:Network_Gateway_Changes", "StateUpdatedTimestamp": "2020-04-16T16:35:30.989000+00:00", "AlarmConfigurationUpdatedTimestamp": "2020-04-16T16:34:52.862000+00:00", "ComparisonOperator": "GreaterThanOrEqualToThreshold", "AlarmActions": ["arn:aws:sns:us-east-1:043898046743:AWS-Landing-Zone-Security-Notification"], "Namespace": "CloudTrailSecurityhMetrics", "AlarmDescription": "A CloudWatch Alarm that triggers if there are any Network Gateway changes", "StateReasonData": "{\"version\":\"1.0\",\"queryDate\":\"2020-04-16T16:35:30.982+0000\",\"statistic\":\"Sum\",\"period\":300,\"recentDatapoints\":[],\"threshold\":1.0}", "Period": 300, "StateValue": "OK", "Threshold": 1.0, "AlarmName": "Network_Gateway_Changes", "Dimensions": [], "Statistic": "Sum", "StateReason": "Threshold Crossed: no datapoints were received for 1 period and 1 missing datapoint was treated as [NonBreaching].", "InsufficientDataActions": [], "OKActions": [], "ActionsEnabled": true, "MetricName": "NetworkGatewayChange"}, {"EvaluationPeriods": 1, "TreatMissingData": "notBreaching", "AlarmArn": "arn:aws:cloudwatch:us-east-1:043898046743:alarm:RootLogin", "StateUpdatedTimestamp": "2020-04-29T15:35:32.753000+00:00", "AlarmConfigurationUpdatedTimestamp": "2020-01-25T19:26:36.471000+00:00", "ComparisonOperator": "GreaterThanOrEqualToThreshold", "AlarmActions": ["arn:aws:sns:us-east-1:043898046743:AWS-Landing-Zone-Security-Notification"], "Namespace": "CloudTrailMetrics", "AlarmDescription": "Alarms when the root user logs in.", "StateReasonData": "{\"version\":\"1.0\",\"queryDate\":\"2020-04-29T15:35:32.752+0000\",\"statistic\":\"Sum\",\"period\":300,\"recentDatapoints\":[],\"threshold\":1.0}", "Period": 300, "StateValue": "OK", "Threshold": 1.0, "AlarmName": "RootLogin", "Dimensions": [], "Statistic": "Sum", "StateReason": "Threshold Crossed: no datapoints were received for 1 period and 1 missing datapoint was treated as [NonBreaching].", "InsufficientDataActions": [], "OKActions": [], "ActionsEnabled": true, "MetricName": "RootLoginEventCount"}, {"EvaluationPeriods": 1, "TreatMissingData": "notBreaching", "AlarmArn": "arn:aws:cloudwatch:us-east-1:043898046743:alarm:Root_Account_Usage", "StateUpdatedTimestamp": "2020-04-29T15:35:48.736000+00:00", "AlarmConfigurationUpdatedTimestamp": "2020-04-16T16:34:52.846000+00:00", "ComparisonOperator": "GreaterThanOrEqualToThreshold", "AlarmActions": ["arn:aws:sns:us-east-1:043898046743:AWS-Landing-Zone-Security-Notification"], "Namespace": "CloudTrailSecurityhMetrics", "AlarmDescription": "A CloudWatch Alarm that triggers if the root account is used", "StateReasonData": "{\"version\":\"1.0\",\"queryDate\":\"2020-04-29T15:35:48.727+0000\",\"statistic\":\"Sum\",\"period\":300,\"recentDatapoints\":[],\"threshold\":1.0}", "Period": 300, "StateValue": "OK", "Threshold": 1.0, "AlarmName": "Root_Account_Usage", "Dimensions": [], "Statistic": "Sum", "StateReason": "Threshold Crossed: no datapoints were received for 1 period and 1 missing datapoint was treated as [NonBreaching].", "InsufficientDataActions": [], "OKActions": [], "ActionsEnabled": true, "MetricName": "RootUsage"}, {"EvaluationPeriods": 1, "TreatMissingData": "notBreaching", "AlarmArn": "arn:aws:cloudwatch:us-east-1:043898046743:alarm:Route_Table_Change", "StateUpdatedTimestamp": "2020-04-16T16:36:50.974000+00:00", "AlarmConfigurationUpdatedTimestamp": "2020-04-16T16:34:53.010000+00:00", "ComparisonOperator": "GreaterThanOrEqualToThreshold", "AlarmActions": ["arn:aws:sns:us-east-1:043898046743:AWS-Landing-Zone-Security-Notification"], "Namespace": "CloudTrailSecurityhMetrics", "AlarmDescription": "A CloudWatch Alarm that triggers if a Route Table is changed", "StateReasonData": "{\"version\":\"1.0\",\"queryDate\":\"2020-04-16T16:36:50.969+0000\",\"statistic\":\"Sum\",\"period\":300,\"recentDatapoints\":[],\"threshold\":1.0}", "Period": 300, "StateValue": "OK", "Threshold": 1.0, "AlarmName": "Route_Table_Change", "Dimensions": [], "Statistic": "Sum", "StateReason": "Threshold Crossed: no datapoints were received for 1 period and 1 missing datapoint was treated as [NonBreaching].", "InsufficientDataActions": [], "OKActions": [], "ActionsEnabled": true, "MetricName": "RouteTableChange"}, {"EvaluationPeriods": 1, "TreatMissingData": "notBreaching", "AlarmArn": "arn:aws:cloudwatch:us-east-1:043898046743:alarm:S3Bucket_policy_change", "StateUpdatedTimestamp": "2020-05-13T18:09:48.670000+00:00", "AlarmConfigurationUpdatedTimestamp": "2020-04-16T16:34:53.097000+00:00", "ComparisonOperator": "GreaterThanOrEqualToThreshold", "AlarmActions": ["arn:aws:sns:us-east-1:043898046743:AWS-Landing-Zone-Security-Notification"], "Namespace": "CloudTrailSecurityhMetrics", "AlarmDescription": "A CloudWatch Alarm that triggers if an S3 bucket policy is changed", "StateReasonData": "{\"version\":\"1.0\",\"queryDate\":\"2020-05-13T18:09:48.667+0000\",\"statistic\":\"Sum\",\"period\":300,\"recentDatapoints\":[],\"threshold\":1.0}", "Period": 300, "StateValue": "OK", "Threshold": 1.0, "AlarmName": "S3Bucket_policy_change", "Dimensions": [], "Statistic": "Sum", "StateReason": "Threshold Crossed: no datapoints were received for 1 period and 1 missing datapoint was treated as [NonBreaching].", "InsufficientDataActions": [], "OKActions": [], "ActionsEnabled": true, "MetricName": "S3BucketPolicyChanges"}, {"EvaluationPeriods": 1, "TreatMissingData": "notBreaching", "AlarmArn": "arn:aws:cloudwatch:us-east-1:043898046743:alarm:Security_Group_Configuration_Change", "StateUpdatedTimestamp": "2020-05-18T19:39:42.067000+00:00", "AlarmConfigurationUpdatedTimestamp": "2020-04-16T16:34:52.639000+00:00", "ComparisonOperator": "GreaterThanOrEqualToThreshold", "AlarmActions": ["arn:aws:sns:us-east-1:043898046743:AWS-Landing-Zone-Security-Notification"], "Namespace": "CloudTrailSecurityhMetrics", "AlarmDescription": "A CloudWatch Alarm that triggers if any Security Groups change", "StateReasonData": "{\"version\":\"1.0\",\"queryDate\":\"2020-05-18T19:39:42.065+0000\",\"statistic\":\"Sum\",\"period\":300,\"recentDatapoints\":[],\"threshold\":1.0}", "Period": 300, "StateValue": "OK", "Threshold": 1.0, "AlarmName": "Security_Group_Configuration_Change", "Dimensions": [], "Statistic": "Sum", "StateReason": "Threshold Crossed: no datapoints were received for 1 period and 1 missing datapoint was treated as [NonBreaching].", "InsufficientDataActions": [], "OKActions": [], "ActionsEnabled": true, "MetricName": "SecurityGroupMod"}, {"EvaluationPeriods": 1, "TreatMissingData": "notBreaching", "AlarmArn": "arn:aws:cloudwatch:us-east-1:043898046743:alarm:Unauthorized_AWS_API_Calls", "StateUpdatedTimestamp": "2020-05-19T15:03:38.667000+00:00", "AlarmConfigurationUpdatedTimestamp": "2020-04-16T16:34:53.112000+00:00", "ComparisonOperator": "GreaterThanOrEqualToThreshold", "AlarmActions": ["arn:aws:sns:us-east-1:043898046743:AWS-Landing-Zone-Security-Notification"], "Namespace": "CloudTrailSecurityhMetrics", "AlarmDescription": "A CloudWatch Alarm that triggers if Unauthorized AWS API Calls are made", "StateReasonData": "{\"version\":\"1.0\",\"queryDate\":\"2020-05-19T15:03:38.663+0000\",\"statistic\":\"Sum\",\"period\":300,\"recentDatapoints\":[],\"threshold\":1.0}", "Period": 300, "StateValue": "OK", "Threshold": 1.0, "AlarmName": "Unauthorized_AWS_API_Calls", "Dimensions": [], "Statistic": "Sum", "StateReason": "Threshold Crossed: no datapoints were received for 1 period and 1 missing datapoint was treated as [NonBreaching].", "InsufficientDataActions": [], "OKActions": [], "ActionsEnabled": true, "MetricName": "UnauthorizedAPICalls"}, {"EvaluationPeriods": 1, "TreatMissingData": "notBreaching", "AlarmArn": "arn:aws:cloudwatch:us-east-1:043898046743:alarm:VPC_Changes", "StateUpdatedTimestamp": "2020-04-16T16:36:12.420000+00:00", "AlarmConfigurationUpdatedTimestamp": "2020-04-16T16:34:52.856000+00:00", "ComparisonOperator": "GreaterThanOrEqualToThreshold", "AlarmActions": ["arn:aws:sns:us-east-1:043898046743:AWS-Landing-Zone-Security-Notification"], "Namespace": "CloudTrailSecurityhMetrics", "AlarmDescription": "A CloudWatch Alarm that triggers if there are any VPC changes", "StateReasonData": "{\"version\":\"1.0\",\"queryDate\":\"2020-04-16T16:36:12.416+0000\",\"statistic\":\"Sum\",\"period\":300,\"recentDatapoints\":[],\"threshold\":1.0}", "Period": 300, "StateValue": "OK", "Threshold": 1.0, "AlarmName": "VPC_Changes", "Dimensions": [], "Statistic": "Sum", "StateReason": "Threshold Crossed: no datapoints were received for 1 period and 1 missing datapoint was treated as [NonBreaching].", "InsufficientDataActions": [], "OKActions": [], "ActionsEnabled": true, "MetricName": "VPCChange"}, {"EvaluationPeriods": 1, "TreatMissingData": "notBreaching", "AlarmArn": "arn:aws:cloudwatch:us-east-1:043898046743:alarm:failed_console_logins", "StateUpdatedTimestamp": "2020-04-16T16:36:21.360000+00:00", "AlarmConfigurationUpdatedTimestamp": "2020-04-16T16:34:52.591000+00:00", "ComparisonOperator": "GreaterThanOrEqualToThreshold", "AlarmActions": ["arn:aws:sns:us-east-1:043898046743:AWS-Landing-Zone-Security-Notification"], "Namespace": "CloudTrailSecurityhMetrics", "AlarmDescription": "A CloudWatch Alarm that triggers if there are AWS Management Console authentication failures.", "StateReasonData": "{\"version\":\"1.0\",\"queryDate\":\"2020-04-16T16:36:21.354+0000\",\"statistic\":\"Sum\",\"period\":300,\"recentDatapoints\":[],\"threshold\":1.0}", "Period": 300, "StateValue": "OK", "Threshold": 1.0, "AlarmName": "failed_console_logins", "Dimensions": [], "Statistic": "Sum", "StateReason": "Threshold Crossed: no datapoints were received for 1 period and 1 missing datapoint was treated as [NonBreaching].", "InsufficientDataActions": [], "OKActions": [], "ActionsEnabled": true, "MetricName": "ConsoleLoginFailures"}]}}