{"region": "ca-central-1", "operation": "ListTrails", "service": "cloudtrail", "response": {"Trails": [{"TrailARN": "arn:aws:cloudtrail:us-east-1:043898046743:trail/AWS-Landing-Zone-BaselineCloudTrail", "Name": "AWS-Landing-Zone-BaselineCloudTrail", "HomeRegion": "us-east-1"}], "ResponseMetadata": {"RetryAttempts": 0, "HTTPStatusCode": 200, "RequestId": "68026dff-399e-437c-9bd9-5c055c430f2d", "HTTPHeaders": {"x-amzn-requestid": "68026dff-399e-437c-9bd9-5c055c430f2d", "date": "Tue, 19 May 2020 15:20:20 GMT", "content-length": "181", "content-type": "application/x-amz-json-1.1"}}}}