{"region": "us-east-2", "operation": "ListStacks", "service": "cloudformation", "response": {"StackSummaries": [{"StackId": "arn:aws:cloudformation:us-east-2:043898046743:stack/StackSet-FlowLogGroup-acda4357-37b6-4b48-aa07-c8084d035e66/5c012df0-94a4-11ea-a932-02ae28e83a86", "StackName": "StackSet-FlowLogGroup-acda4357-37b6-4b48-aa07-c8084d035e66", "CreationTime": "2020-05-12T23:00:22.895000+00:00", "StackStatus": "CREATE_COMPLETE", "DriftInformation": {"StackDriftStatus": "NOT_CHECKED"}}, {"StackId": "arn:aws:cloudformation:us-east-2:043898046743:stack/VpcFlowLogs-vpc-0a2672b859b60b366/294e6550-8bb0-11ea-bb92-06faea3c34dc", "DriftInformation": {"StackDriftStatus": "NOT_CHECKED"}, "TemplateDescription": "VPC flow logs IAM policy and role.", "CreationTime": "2020-05-01T13:32:11.219000+00:00", "StackName": "VpcFlowLogs-vpc-0a2672b859b60b366", "StackStatus": "CREATE_COMPLETE"}, {"StackId": "arn:aws:cloudformation:us-east-2:043898046743:stack/csf-prod-security-remediate-unused-iam-cred/b59c2a40-7fff-11ea-9ba8-027927fac094", "DriftInformation": {"StackDriftStatus": "NOT_CHECKED"}, "TemplateDescription": "Remediation for Unused IAM Credentials", "CreationTime": "2020-04-16T16:31:22.990000+00:00", "StackName": "csf-prod-security-remediate-unused-iam-cred", "StackStatus": "CREATE_COMPLETE"}, {"StackId": "arn:aws:cloudformation:us-east-2:043898046743:stack/csf-prod-security-remediate-s3-ssl-requests-only/b596fa20-7fff-11ea-b62f-0af17cbfa87c", "DriftInformation": {"StackDriftStatus": "NOT_CHECKED"}, "TemplateDescription": "Remediation for S3 buckets requiring SSL only requests", "CreationTime": "2020-04-16T16:31:22.988000+00:00", "StackName": "csf-prod-security-remediate-s3-ssl-requests-only", "StackStatus": "CREATE_COMPLETE"}, {"StackId": "arn:aws:cloudformation:us-east-2:043898046743:stack/csf-prod-security-remediate-unencrypted-cloudtrail/b59b3fe0-7fff-11ea-96b9-0a76b6c12f42", "DriftInformation": {"StackDriftStatus": "NOT_CHECKED"}, "TemplateDescription": "Remediation for Unencrypted Cloudtrail logfiles", "CreationTime": "2020-04-16T16:31:22.988000+00:00", "StackName": "csf-prod-security-remediate-unencrypted-cloudtrail", "StackStatus": "CREATE_COMPLETE"}, {"StackId": "arn:aws:cloudformation:us-east-2:043898046743:stack/csf-prod-security-remediate-password-policy/b594d740-7fff-11ea-acb6-0a18862e0c0c", "DriftInformation": {"StackDriftStatus": "NOT_CHECKED"}, "TemplateDescription": "Remediation for Password Policy", "CreationTime": "2020-04-16T16:31:22.944000+00:00", "StackName": "csf-prod-security-remediate-password-policy", "StackStatus": "CREATE_COMPLETE"}, {"StackId": "arn:aws:cloudformation:us-east-2:043898046743:stack/csf-prod-security-remediate-s3-bucket-access-logging/b586a670-7fff-11ea-aabf-026789fff09e", "DriftInformation": {"StackDriftStatus": "NOT_CHECKED"}, "TemplateDescription": "Remediation S3 Bucket Access Log Enabling", "CreationTime": "2020-04-16T16:31:22.887000+00:00", "StackName": "csf-prod-security-remediate-s3-bucket-access-logging", "StackStatus": "CREATE_COMPLETE"}, {"StackId": "arn:aws:cloudformation:us-east-2:043898046743:stack/csf-prod-security-remediate-s3-bucket-read-write-public-access/b58a01d0-7fff-11ea-9588-0a3121d24df0", "DriftInformation": {"StackDriftStatus": "NOT_CHECKED"}, "TemplateDescription": "Remediation for S3 Bucket Public Read Write Accesss", "CreationTime": "2020-04-16T16:31:22.884000+00:00", "StackName": "csf-prod-security-remediate-s3-bucket-read-write-public-access", "StackStatus": "CREATE_COMPLETE"}, {"StackId": "arn:aws:cloudformation:us-east-2:043898046743:stack/csf-prod-security-remediate-iam-key-rotation/b5789cb0-7fff-11ea-ba69-0a0a04c5437c", "DriftInformation": {"StackDriftStatus": "NOT_CHECKED"}, "TemplateDescription": "Remediation for Unused IAM Credentials", "CreationTime": "2020-04-16T16:31:22.767000+00:00", "StackName": "csf-prod-security-remediate-iam-key-rotation", "StackStatus": "CREATE_COMPLETE"}, {"StackId": "arn:aws:cloudformation:us-east-2:043898046743:stack/csf-prod-security-remediate-iam-admin-policies/b576c7f0-7fff-11ea-8769-0a9fef599330", "DriftInformation": {"StackDriftStatus": "NOT_CHECKED"}, "TemplateDescription": "Remediation for IAM Policies with Admin access", "CreationTime": "2020-04-16T16:31:22.750000+00:00", "StackName": "csf-prod-security-remediate-iam-admin-policies", "StackStatus": "CREATE_COMPLETE"}, {"StackId": "arn:aws:cloudformation:us-east-2:043898046743:stack/csf-prod-security-remediate-kms-custom-cmk-key-rotation/b5734580-7fff-11ea-9fc5-02402ec64522", "DriftInformation": {"StackDriftStatus": "NOT_CHECKED"}, "TemplateDescription": "Remediation for KMS Key rotation being disabled", "CreationTime": "2020-04-16T16:31:22.739000+00:00", "StackName": "csf-prod-security-remediate-kms-custom-cmk-key-rotation", "StackStatus": "CREATE_COMPLETE"}, {"StackId": "arn:aws:cloudformation:us-east-2:043898046743:stack/csf-prod-security-remediate-s3-bucket-server-side-encryption/b576a0e0-7fff-11ea-96b9-0a76b6c12f42", "DriftInformation": {"StackDriftStatus": "NOT_CHECKED"}, "TemplateDescription": "Remediation for S3 bucket SSE", "CreationTime": "2020-04-16T16:31:22.727000+00:00", "StackName": "csf-prod-security-remediate-s3-bucket-server-side-encryption", "StackStatus": "CREATE_COMPLETE"}, {"StackId": "arn:aws:cloudformation:us-east-2:043898046743:stack/csf-prod-security-remediate-vpc-flow-log-enable/b571bee0-7fff-11ea-bfa9-02848c93abf4", "DriftInformation": {"StackDriftStatus": "NOT_CHECKED"}, "TemplateDescription": "Remediation for VPC Flow Log Enable", "CreationTime": "2020-04-16T16:31:22.712000+00:00", "StackName": "csf-prod-security-remediate-vpc-flow-log-enable", "StackStatus": "CREATE_COMPLETE"}, {"StackId": "arn:aws:cloudformation:us-east-2:043898046743:stack/csf-prod-security-remediate-unvalidated-cloudtrail-logging/b56b0820-7fff-11ea-b41f-068deee6a6ae", "DriftInformation": {"StackDriftStatus": "NOT_CHECKED"}, "TemplateDescription": "Remediation for unvalidated Cloudtrail logfiles", "CreationTime": "2020-04-16T16:31:22.695000+00:00", "StackName": "csf-prod-security-remediate-unvalidated-cloudtrail-logging", "StackStatus": "CREATE_COMPLETE"}, {"StackId": "arn:aws:cloudformation:us-east-2:043898046743:stack/csf-prod-security-remediate-security-group-ingress-rdp/b56a92f0-7fff-11ea-abd2-023006f8d510", "DriftInformation": {"StackDriftStatus": "NOT_CHECKED"}, "TemplateDescription": "Remediation for RDP ingress open ports", "CreationTime": "2020-04-16T16:31:22.682000+00:00", "StackName": "csf-prod-security-remediate-security-group-ingress-rdp", "StackStatus": "CREATE_COMPLETE"}, {"StackId": "arn:aws:cloudformation:us-east-2:043898046743:stack/csf-prod-security-remediate-database-exposed-in-public-subnet/b5698180-7fff-11ea-96eb-0672668ff2ce", "DriftInformation": {"StackDriftStatus": "NOT_CHECKED"}, "TemplateDescription": "Remediation for Databases Exposed in Public Subnets", "CreationTime": "2020-04-16T16:31:22.655000+00:00", "StackName": "csf-prod-security-remediate-database-exposed-in-public-subnet", "StackStatus": "CREATE_COMPLETE"}, {"StackId": "arn:aws:cloudformation:us-east-2:043898046743:stack/csf-prod-security-remediate-vpc-default-security-group/b555f980-7fff-11ea-88c9-0ad7a569cb8c", "DriftInformation": {"StackDriftStatus": "NOT_CHECKED"}, "TemplateDescription": "Remediation for VPC default SG having any open ports", "CreationTime": "2020-04-16T16:31:22.552000+00:00", "StackName": "csf-prod-security-remediate-vpc-default-security-group", "StackStatus": "CREATE_COMPLETE"}, {"StackId": "arn:aws:cloudformation:us-east-2:043898046743:stack/csf-prod-security-remediate-iam-user-console-access-no-mfa/b54b4b20-7fff-11ea-8110-060a55e3d44e", "DriftInformation": {"StackDriftStatus": "NOT_CHECKED"}, "TemplateDescription": "Remediation for IAM Users with Console Access and NO MFA Enabled", "CreationTime": "2020-04-16T16:31:22.463000+00:00", "StackName": "csf-prod-security-remediate-iam-user-console-access-no-mfa", "StackStatus": "CREATE_COMPLETE"}, {"StackId": "arn:aws:cloudformation:us-east-2:043898046743:stack/csf-prod-security-remediate-disabled-cloudtrail/b53ec800-7fff-11ea-8c78-063c30684966", "DriftInformation": {"StackDriftStatus": "NOT_CHECKED"}, "TemplateDescription": "Remediation for Disabled Cloudtrails", "CreationTime": "2020-04-16T16:31:22.397000+00:00", "StackName": "csf-prod-security-remediate-disabled-cloudtrail", "StackStatus": "CREATE_COMPLETE"}, {"StackId": "arn:aws:cloudformation:us-east-2:043898046743:stack/csf-prod-security-remediate-security-group-ingress-ssh/b5422360-7fff-11ea-96b9-0a76b6c12f42", "DriftInformation": {"StackDriftStatus": "NOT_CHECKED"}, "TemplateDescription": "Remediation for SSH ingress open ports", "CreationTime": "2020-04-16T16:31:22.379000+00:00", "StackName": "csf-prod-security-remediate-security-group-ingress-ssh", "StackStatus": "CREATE_COMPLETE"}, {"StackId": "arn:aws:cloudformation:us-east-2:043898046743:stack/csf-prod-security-remediate-cloudtrail-without-log-group/b512fd10-7fff-11ea-9db2-06faea3c34dc", "DriftInformation": {"StackDriftStatus": "NOT_CHECKED"}, "TemplateDescription": "Remediation for a Cloudtrail not bound to a Cloudwatch log group", "CreationTime": "2020-04-16T16:31:22.121000+00:00", "StackName": "csf-prod-security-remediate-cloudtrail-without-log-group", "StackStatus": "CREATE_COMPLETE"}, {"StackId": "arn:aws:cloudformation:us-east-2:043898046743:stack/csf-prod-security-remediate-managed-policies-attached-to-users/b50b5bf0-7fff-11ea-87ba-0681d34c9248", "DriftInformation": {"StackDriftStatus": "NOT_CHECKED"}, "TemplateDescription": "Remediation for Managed Policies Attached to Users", "CreationTime": "2020-04-16T16:31:22.050000+00:00", "StackName": "csf-prod-security-remediate-managed-policies-attached-to-users", "StackStatus": "CREATE_COMPLETE"}, {"StackId": "arn:aws:cloudformation:us-east-2:043898046743:stack/csf-prod-security-remediate-cloudtrail-without-organization/b4f93380-7fff-11ea-97d1-064ea827a74e", "DriftInformation": {"StackDriftStatus": "NOT_CHECKED"}, "TemplateDescription": "Remediation for a Cloudtrail not bound to the organization", "CreationTime": "2020-04-16T16:31:21.930000+00:00", "StackName": "csf-prod-security-remediate-cloudtrail-without-organization", "StackStatus": "CREATE_COMPLETE"}, {"StackId": "arn:aws:cloudformation:us-east-2:043898046743:stack/csf-prod-security-custom-config-rules/8debf2a0-7fff-11ea-96b9-0a76b6c12f42", "DriftInformation": {"StackDriftStatus": "NOT_CHECKED"}, "TemplateDescription": "AWS Config custom rules.", "CreationTime": "2020-04-16T16:30:16.418000+00:00", "StackName": "csf-prod-security-custom-config-rules", "StackStatus": "CREATE_COMPLETE"}, {"StackId": "arn:aws:cloudformation:us-east-2:043898046743:stack/StackSet-LambdaEncryptedAmiCopy-f584af84-70b1-4d71-9004-f1bee802376b/47dc3eb0-7829-11ea-bfa9-02848c93abf4", "DriftInformation": {"StackDriftStatus": "NOT_CHECKED"}, "TemplateDescription": "Creates lambda function to encrypt AMIs from Image Builder", "CreationTime": "2020-04-06T17:08:48.491000+00:00", "StackName": "StackSet-LambdaEncryptedAmiCopy-f584af84-70b1-4d71-9004-f1bee802376b", "StackStatus": "CREATE_COMPLETE"}, {"StackId": "arn:aws:cloudformation:us-east-2:043898046743:stack/StackSet-AWS-Landing-Zone-Baseline-CloudWatchRules-9db29f2a-f6b8-4aec-bb2d-180ca332300b/6a3097c0-709c-11ea-96b9-0a76b6c12f42", "StackName": "StackSet-AWS-Landing-Zone-Baseline-CloudWatchRules-9db29f2a-f6b8-4aec-bb2d-180ca332300b", "CreationTime": "2020-03-28T02:32:48.829000+00:00", "StackStatus": "CREATE_COMPLETE", "DriftInformation": {"StackDriftStatus": "NOT_CHECKED"}}, {"StackId": "arn:aws:cloudformation:us-east-2:043898046743:stack/StackSet-Compliance-as-code-697c1092-ec99-4511-9cc5-37819974eb46/cba95c80-66fb-11ea-9636-026789fff09e", "LastUpdatedTime": "2020-03-18T20:55:18.959000+00:00", "TemplateDescription": "Initialize the Compliance-as-Code oversight in this Application Account", "CreationTime": "2020-03-15T20:30:23.014000+00:00", "StackName": "StackSet-Compliance-as-code-697c1092-ec99-4511-9cc5-37819974eb46", "StackStatus": "UPDATE_COMPLETE", "DriftInformation": {"StackDriftStatus": "NOT_CHECKED"}}, {"StackId": "arn:aws:cloudformation:us-east-2:043898046743:stack/SharedServices-VPC/a97cb7d0-62e4-11ea-8488-0213e0bd929e", "StackName": "SharedServices-VPC", "CreationTime": "2020-03-10T15:34:42.545000+00:00", "StackStatus": "CREATE_COMPLETE", "DriftInformation": {"StackDriftStatus": "NOT_CHECKED"}}, {"StackId": "arn:aws:cloudformation:us-east-2:043898046743:stack/Compliance-Engine-Benchmark-DO-NOT-DELETE/140c1470-62da-11ea-bf6d-0247ef85be9c", "LastUpdatedTime": "2020-05-05T23:35:23.496000+00:00", "TemplateDescription": "AWS CloudFormation template to create custom AWS Config rules. You will be billed for the AWS resources used if you create a stack from this template.", "CreationTime": "2020-03-10T14:18:56.727000+00:00", "StackName": "Compliance-Engine-Benchmark-DO-NOT-DELETE", "StackStatus": "UPDATE_COMPLETE", "DriftInformation": {"StackDriftStatus": "NOT_CHECKED"}}, {"StackId": "arn:aws:cloudformation:us-east-2:043898046743:stack/StackSet-AWS-Landing-Zone-Baseline-EnableConfigRules-336dac12-578f-4fc8-ba45-6ffab5203068/e87ec860-3fa8-11ea-b4f6-0a0a04c5437c", "LastUpdatedTime": "2020-01-27T20:47:05.310000+00:00", "TemplateDescription": "Enables an AWS Landing Zone account baseline AWS Config rules.", "CreationTime": "2020-01-25T19:28:47.699000+00:00", "StackName": "StackSet-AWS-Landing-Zone-Baseline-EnableConfigRules-336dac12-578f-4fc8-ba45-6ffab5203068", "StackStatus": "UPDATE_COMPLETE", "DriftInformation": {"StackDriftStatus": "NOT_CHECKED"}}, {"StackId": "arn:aws:cloudformation:us-east-2:043898046743:stack/StackSet-AWS-Landing-Zone-Baseline-EnableConfig-a850976b-4e4f-40bb-a482-126f5fa8692e/c3711d80-3fa7-11ea-b686-060a435a9e52", "LastUpdatedTime": "2020-03-27T16:17:28.324000+00:00", "TemplateDescription": "Enable AWS Config,", "CreationTime": "2020-01-25T19:20:36.180000+00:00", "StackName": "StackSet-AWS-Landing-Zone-Baseline-EnableConfig-a850976b-4e4f-40bb-a482-126f5fa8692e", "StackStatus": "UPDATE_COMPLETE", "DriftInformation": {"StackDriftStatus": "NOT_CHECKED"}}], "ResponseMetadata": {"RetryAttempts": 0, "HTTPStatusCode": 200, "RequestId": "2162f5a8-1be4-4371-bd67-6844c9024b35", "HTTPHeaders": {"x-amzn-requestid": "2162f5a8-1be4-4371-bd67-6844c9024b35", "content-type": "text/xml", "content-length": "19397", "vary": "accept-encoding", "date": "Tue, 19 May 2020 15:19:06 GMT"}}}}