{"region": "ap-southeast-1", "operation": "ListStacks", "service": "cloudformation", "response": {"StackSummaries": [{"StackId": "arn:aws:cloudformation:ap-southeast-1:043898046743:stack/csf-prod-security-remediate-kms-custom-cmk-key-rotation/6746ad40-7ffd-11ea-85ea-02d60855aea4", "DriftInformation": {"StackDriftStatus": "NOT_CHECKED"}, "TemplateDescription": "Remediation for KMS Key rotation being disabled", "CreationTime": "2020-04-16T16:14:52.634000+00:00", "StackName": "csf-prod-security-remediate-kms-custom-cmk-key-rotation", "StackStatus": "CREATE_COMPLETE"}, {"StackId": "arn:aws:cloudformation:ap-southeast-1:043898046743:stack/csf-prod-security-remediate-iam-key-rotation/6747beb0-7ffd-11ea-8531-0a58c7c408be", "DriftInformation": {"StackDriftStatus": "NOT_CHECKED"}, "TemplateDescription": "Remediation for Unused IAM Credentials", "CreationTime": "2020-04-16T16:14:52.618000+00:00", "StackName": "csf-prod-security-remediate-iam-key-rotation", "StackStatus": "CREATE_COMPLETE"}, {"StackId": "arn:aws:cloudformation:ap-southeast-1:043898046743:stack/csf-prod-security-remediate-cloudtrail-without-log-group/67472270-7ffd-11ea-a2ca-06abab1199f8", "DriftInformation": {"StackDriftStatus": "NOT_CHECKED"}, "TemplateDescription": "Remediation for a Cloudtrail not bound to a Cloudwatch log group", "CreationTime": "2020-04-16T16:14:52.583000+00:00", "StackName": "csf-prod-security-remediate-cloudtrail-without-log-group", "StackStatus": "CREATE_COMPLETE"}, {"StackId": "arn:aws:cloudformation:ap-southeast-1:043898046743:stack/csf-prod-security-remediate-unused-iam-cred/67412f00-7ffd-11ea-9e4a-028a077ce4f4", "DriftInformation": {"StackDriftStatus": "NOT_CHECKED"}, "TemplateDescription": "Remediation for Unused IAM Credentials", "CreationTime": "2020-04-16T16:14:52.537000+00:00", "StackName": "csf-prod-security-remediate-unused-iam-cred", "StackStatus": "CREATE_COMPLETE"}, {"StackId": "arn:aws:cloudformation:ap-southeast-1:043898046743:stack/csf-prod-security-remediate-disabled-cloudtrail/673bfee0-7ffd-11ea-8531-0a58c7c408be", "DriftInformation": {"StackDriftStatus": "NOT_CHECKED"}, "TemplateDescription": "Remediation for Disabled Cloudtrails", "CreationTime": "2020-04-16T16:14:52.516000+00:00", "StackName": "csf-prod-security-remediate-disabled-cloudtrail", "StackStatus": "CREATE_COMPLETE"}, {"StackId": "arn:aws:cloudformation:ap-southeast-1:043898046743:stack/csf-prod-security-remediate-s3-bucket-server-side-encryption/6735e460-7ffd-11ea-994a-02da6099db56", "DriftInformation": {"StackDriftStatus": "NOT_CHECKED"}, "TemplateDescription": "Remediation for S3 bucket SSE", "CreationTime": "2020-04-16T16:14:52.490000+00:00", "StackName": "csf-prod-security-remediate-s3-bucket-server-side-encryption", "StackStatus": "CREATE_COMPLETE"}, {"StackId": "arn:aws:cloudformation:ap-southeast-1:043898046743:stack/csf-prod-security-remediate-s3-bucket-access-logging/672605e0-7ffd-11ea-a61c-02f584878410", "DriftInformation": {"StackDriftStatus": "NOT_CHECKED"}, "TemplateDescription": "Remediation S3 Bucket Access Log Enabling", "CreationTime": "2020-04-16T16:14:52.381000+00:00", "StackName": "csf-prod-security-remediate-s3-bucket-access-logging", "StackStatus": "CREATE_COMPLETE"}, {"StackId": "arn:aws:cloudformation:ap-southeast-1:043898046743:stack/csf-prod-security-remediate-cloudtrail-without-organization/6722d190-7ffd-11ea-a65c-065c8b35d570", "DriftInformation": {"StackDriftStatus": "NOT_CHECKED"}, "TemplateDescription": "Remediation for a Cloudtrail not bound to the organization", "CreationTime": "2020-04-16T16:14:52.356000+00:00", "StackName": "csf-prod-security-remediate-cloudtrail-without-organization", "StackStatus": "CREATE_COMPLETE"}, {"StackId": "arn:aws:cloudformation:ap-southeast-1:043898046743:stack/csf-prod-security-remediate-database-exposed-in-public-subnet/6720fcd0-7ffd-11ea-8531-0a58c7c408be", "DriftInformation": {"StackDriftStatus": "NOT_CHECKED"}, "TemplateDescription": "Remediation for Databases Exposed in Public Subnets", "CreationTime": "2020-04-16T16:14:52.339000+00:00", "StackName": "csf-prod-security-remediate-database-exposed-in-public-subnet", "StackStatus": "CREATE_COMPLETE"}, {"StackId": "arn:aws:cloudformation:ap-southeast-1:043898046743:stack/csf-prod-security-remediate-unvalidated-cloudtrail-logging/67184a40-7ffd-11ea-8892-021581161e74", "DriftInformation": {"StackDriftStatus": "NOT_CHECKED"}, "TemplateDescription": "Remediation for unvalidated Cloudtrail logfiles", "CreationTime": "2020-04-16T16:14:52.285000+00:00", "StackName": "csf-prod-security-remediate-unvalidated-cloudtrail-logging", "StackStatus": "CREATE_COMPLETE"}, {"StackId": "arn:aws:cloudformation:ap-southeast-1:043898046743:stack/csf-prod-security-remediate-managed-policies-attached-to-users/67189860-7ffd-11ea-b29e-02b1023f6966", "DriftInformation": {"StackDriftStatus": "NOT_CHECKED"}, "TemplateDescription": "Remediation for Managed Policies Attached to Users", "CreationTime": "2020-04-16T16:14:52.284000+00:00", "StackName": "csf-prod-security-remediate-managed-policies-attached-to-users", "StackStatus": "CREATE_COMPLETE"}, {"StackId": "arn:aws:cloudformation:ap-southeast-1:043898046743:stack/csf-prod-security-remediate-unencrypted-cloudtrail/67160050-7ffd-11ea-998b-0a0613236510", "DriftInformation": {"StackDriftStatus": "NOT_CHECKED"}, "TemplateDescription": "Remediation for Unencrypted Cloudtrail logfiles", "CreationTime": "2020-04-16T16:14:52.284000+00:00", "StackName": "csf-prod-security-remediate-unencrypted-cloudtrail", "StackStatus": "CREATE_COMPLETE"}, {"StackId": "arn:aws:cloudformation:ap-southeast-1:043898046743:stack/csf-prod-security-remediate-vpc-default-security-group/67184a40-7ffd-11ea-92d4-0642812278ba", "DriftInformation": {"StackDriftStatus": "NOT_CHECKED"}, "TemplateDescription": "Remediation for VPC default SG having any open ports", "CreationTime": "2020-04-16T16:14:52.278000+00:00", "StackName": "csf-prod-security-remediate-vpc-default-security-group", "StackStatus": "CREATE_COMPLETE"}, {"StackId": "arn:aws:cloudformation:ap-southeast-1:043898046743:stack/csf-prod-security-remediate-vpc-flow-log-enable/671738d0-7ffd-11ea-8e9a-068c48abfc3a", "DriftInformation": {"StackDriftStatus": "NOT_CHECKED"}, "TemplateDescription": "Remediation for VPC Flow Log Enable", "CreationTime": "2020-04-16T16:14:52.275000+00:00", "StackName": "csf-prod-security-remediate-vpc-flow-log-enable", "StackStatus": "CREATE_COMPLETE"}, {"StackId": "arn:aws:cloudformation:ap-southeast-1:043898046743:stack/csf-prod-security-remediate-iam-admin-policies/671515f0-7ffd-11ea-bc54-062b7ab1ef08", "DriftInformation": {"StackDriftStatus": "NOT_CHECKED"}, "TemplateDescription": "Remediation for IAM Policies with Admin access", "CreationTime": "2020-04-16T16:14:52.275000+00:00", "StackName": "csf-prod-security-remediate-iam-admin-policies", "StackStatus": "CREATE_COMPLETE"}, {"StackId": "arn:aws:cloudformation:ap-southeast-1:043898046743:stack/csf-prod-security-remediate-security-group-ingress-rdp/6712cc00-7ffd-11ea-85ea-02d60855aea4", "DriftInformation": {"StackDriftStatus": "NOT_CHECKED"}, "TemplateDescription": "Remediation for RDP ingress open ports", "CreationTime": "2020-04-16T16:14:52.242000+00:00", "StackName": "csf-prod-security-remediate-security-group-ingress-rdp", "StackStatus": "CREATE_COMPLETE"}, {"StackId": "arn:aws:cloudformation:ap-southeast-1:043898046743:stack/csf-prod-security-remediate-s3-bucket-read-write-public-access/670efb70-7ffd-11ea-8e58-0a59ed61233a", "DriftInformation": {"StackDriftStatus": "NOT_CHECKED"}, "TemplateDescription": "Remediation for S3 Bucket Public Read Write Accesss", "CreationTime": "2020-04-16T16:14:52.208000+00:00", "StackName": "csf-prod-security-remediate-s3-bucket-read-write-public-access", "StackStatus": "CREATE_COMPLETE"}, {"StackId": "arn:aws:cloudformation:ap-southeast-1:043898046743:stack/csf-prod-security-remediate-password-policy/6700caa0-7ffd-11ea-8907-02e842d24598", "DriftInformation": {"StackDriftStatus": "NOT_CHECKED"}, "TemplateDescription": "Remediation for Password Policy", "CreationTime": "2020-04-16T16:14:52.158000+00:00", "StackName": "csf-prod-security-remediate-password-policy", "StackStatus": "CREATE_COMPLETE"}, {"StackId": "arn:aws:cloudformation:ap-southeast-1:043898046743:stack/csf-prod-security-remediate-security-group-ingress-ssh/66f3f960-7ffd-11ea-998b-0a0613236510", "DriftInformation": {"StackDriftStatus": "NOT_CHECKED"}, "TemplateDescription": "Remediation for SSH ingress open ports", "CreationTime": "2020-04-16T16:14:52.049000+00:00", "StackName": "csf-prod-security-remediate-security-group-ingress-ssh", "StackStatus": "CREATE_COMPLETE"}, {"StackId": "arn:aws:cloudformation:ap-southeast-1:043898046743:stack/csf-prod-security-remediate-s3-ssl-requests-only/66f38430-7ffd-11ea-afea-02c6c7bea9ac", "DriftInformation": {"StackDriftStatus": "NOT_CHECKED"}, "TemplateDescription": "Remediation for S3 buckets requiring SSL only requests", "CreationTime": "2020-04-16T16:14:52.037000+00:00", "StackName": "csf-prod-security-remediate-s3-ssl-requests-only", "StackStatus": "CREATE_COMPLETE"}, {"StackId": "arn:aws:cloudformation:ap-southeast-1:043898046743:stack/csf-prod-security-remediate-iam-user-console-access-no-mfa/66e07160-7ffd-11ea-9e4a-028a077ce4f4", "DriftInformation": {"StackDriftStatus": "NOT_CHECKED"}, "TemplateDescription": "Remediation for IAM Users with Console Access and NO MFA Enabled", "CreationTime": "2020-04-16T16:14:51.912000+00:00", "StackName": "csf-prod-security-remediate-iam-user-console-access-no-mfa", "StackStatus": "CREATE_COMPLETE"}, {"StackId": "arn:aws:cloudformation:ap-southeast-1:043898046743:stack/csf-prod-security-custom-config-rules/3b3fc5b0-7ffd-11ea-b29e-02b1023f6966", "DriftInformation": {"StackDriftStatus": "NOT_CHECKED"}, "TemplateDescription": "AWS Config custom rules.", "CreationTime": "2020-04-16T16:13:38.717000+00:00", "StackName": "csf-prod-security-custom-config-rules", "StackStatus": "CREATE_COMPLETE"}, {"StackId": "arn:aws:cloudformation:ap-southeast-1:043898046743:stack/StackSet-LambdaEncryptedAmiCopy-33573540-ea14-4795-a318-6056fd0783fd/178dc260-7829-11ea-891e-0ad08b3552b8", "DriftInformation": {"StackDriftStatus": "NOT_CHECKED"}, "TemplateDescription": "Creates lambda function to encrypt AMIs from Image Builder", "CreationTime": "2020-04-06T17:07:27.361000+00:00", "StackName": "StackSet-LambdaEncryptedAmiCopy-33573540-ea14-4795-a318-6056fd0783fd", "StackStatus": "CREATE_COMPLETE"}, {"StackId": "arn:aws:cloudformation:ap-southeast-1:043898046743:stack/StackSet-AWS-Landing-Zone-Baseline-CloudWatchRules-96dc2ddf-0b1d-413f-bb1c-2a1da0e96242/093ec860-709c-11ea-8163-0a0613236510", "StackName": "StackSet-AWS-Landing-Zone-Baseline-CloudWatchRules-96dc2ddf-0b1d-413f-bb1c-2a1da0e96242", "CreationTime": "2020-03-28T02:30:06.325000+00:00", "StackStatus": "CREATE_COMPLETE", "DriftInformation": {"StackDriftStatus": "NOT_CHECKED"}}, {"StackId": "arn:aws:cloudformation:ap-southeast-1:043898046743:stack/StackSet-Compliance-as-code-3335d2ec-69f7-46e8-bcb5-d5b252beb539/10f75310-66fb-11ea-82a3-0a8ba21bc988", "LastUpdatedTime": "2020-03-18T20:51:35.015000+00:00", "TemplateDescription": "Initialize the Compliance-as-Code oversight in this Application Account", "CreationTime": "2020-03-15T20:25:09.750000+00:00", "StackName": "StackSet-Compliance-as-code-3335d2ec-69f7-46e8-bcb5-d5b252beb539", "StackStatus": "UPDATE_COMPLETE", "DriftInformation": {"StackDriftStatus": "NOT_CHECKED"}}, {"StackId": "arn:aws:cloudformation:ap-southeast-1:043898046743:stack/Compliance-Engine-Benchmark-DO-NOT-DELETE/69b79270-5f1d-11ea-a3df-0a58c7c408be", "LastUpdatedTime": "2020-05-05T23:37:46.072000+00:00", "TemplateDescription": "AWS CloudFormation template to create custom AWS Config rules. You will be billed for the AWS resources used if you create a stack from this template.", "CreationTime": "2020-03-05T20:10:52.091000+00:00", "StackName": "Compliance-Engine-Benchmark-DO-NOT-DELETE", "StackStatus": "UPDATE_COMPLETE", "DriftInformation": {"StackDriftStatus": "NOT_CHECKED"}}, {"StackId": "arn:aws:cloudformation:ap-southeast-1:043898046743:stack/StackSet-AWS-Landing-Zone-Baseline-EnableConfigRules-e7cc7bfe-fad6-4d7e-82aa-a38bd9e85b4d/9aaebd20-3fa8-11ea-8086-0a43e1cd1fda", "LastUpdatedTime": "2020-01-27T21:04:08.074000+00:00", "TemplateDescription": "Enables an AWS Landing Zone account baseline AWS Config rules.", "CreationTime": "2020-01-25T19:26:37.161000+00:00", "StackName": "StackSet-AWS-Landing-Zone-Baseline-EnableConfigRules-e7cc7bfe-fad6-4d7e-82aa-a38bd9e85b4d", "StackStatus": "UPDATE_COMPLETE", "DriftInformation": {"StackDriftStatus": "NOT_CHECKED"}}, {"StackId": "arn:aws:cloudformation:ap-southeast-1:043898046743:stack/StackSet-AWS-Landing-Zone-Baseline-EnableConfig-a431cf98-b76d-406c-8d58-0037ac3d6c14/cfd7c6c0-3fa5-11ea-8237-065c8b35d570", "LastUpdatedTime": "2020-03-27T16:17:48.371000+00:00", "TemplateDescription": "Enable AWS Config,", "CreationTime": "2020-01-25T19:06:38.078000+00:00", "StackName": "StackSet-AWS-Landing-Zone-Baseline-EnableConfig-a431cf98-b76d-406c-8d58-0037ac3d6c14", "StackStatus": "UPDATE_COMPLETE", "DriftInformation": {"StackDriftStatus": "NOT_CHECKED"}}], "ResponseMetadata": {"RetryAttempts": 0, "HTTPStatusCode": 200, "RequestId": "2c83bf23-be49-4714-85c3-5b8fae40b518", "HTTPHeaders": {"x-amzn-requestid": "2c83bf23-be49-4714-85c3-5b8fae40b518", "content-type": "text/xml", "content-length": "18012", "vary": "accept-encoding", "date": "Tue, 19 May 2020 15:18:21 GMT"}}}}