{"region": "sa-east-1", "operation": "ListTrails", "service": "cloudtrail", "response": {"Trails": [{"TrailARN": "arn:aws:cloudtrail:us-east-1:043898046743:trail/AWS-Landing-Zone-BaselineCloudTrail", "Name": "AWS-Landing-Zone-BaselineCloudTrail", "HomeRegion": "us-east-1"}], "ResponseMetadata": {"RetryAttempts": 0, "HTTPStatusCode": 200, "RequestId": "5dc7a9f1-7c62-46d8-89be-4501bc0e53fb", "HTTPHeaders": {"x-amzn-requestid": "5dc7a9f1-7c62-46d8-89be-4501bc0e53fb", "date": "Tue, 19 May 2020 15:19:03 GMT", "content-length": "181", "content-type": "application/x-amz-json-1.1"}}}}