{"region": null, "operation": "ListCloudFrontOriginAccessIdentities", "service": "cloudfront", "response": {"CloudFrontOriginAccessIdentityList": {"Items": [{"Comment": "access-identity-migration-factory-test-043898046743-front-end.s3.amazonaws.com", "S3CanonicalUserId": "b79b55f9e3d3bb8b1ae386c396148212e39e9f7cc5ce505cea26a9782239a05c76dd193d6e42b4d052d6d9734f0d3a54", "Id": "E2OCX73J73JX08"}], "CloudFrontOriginAccessIdentity": [{"Comment": "access-identity-migration-factory-test-043898046743-front-end.s3.amazonaws.com", "S3CanonicalUserId": "b79b55f9e3d3bb8b1ae386c396148212e39e9f7cc5ce505cea26a9782239a05c76dd193d6e42b4d052d6d9734f0d3a54", "Id": "E2OCX73J73JX08"}]}, "ResponseMetadata": {"RetryAttempts": 0, "HTTPStatusCode": 200, "RequestId": "57e99e3c-a03e-4439-9d47-a4d82a06b116", "HTTPHeaders": {"x-amzn-requestid": "57e99e3c-a03e-4439-9d47-a4d82a06b116", "date": "Tue, 19 May 2020 15:18:17 GMT", "content-length": "595", "content-type": "text/xml"}}}}