{"region": "us-west-1", "operation": "ListTrails", "service": "cloudtrail", "response": {"Trails": [{"TrailARN": "arn:aws:cloudtrail:us-east-1:043898046743:trail/AWS-Landing-Zone-BaselineCloudTrail", "Name": "AWS-Landing-Zone-BaselineCloudTrail", "HomeRegion": "us-east-1"}], "ResponseMetadata": {"RetryAttempts": 0, "HTTPStatusCode": 200, "RequestId": "ea0f37c4-49ee-4ecd-afb9-181e70330855", "HTTPHeaders": {"x-amzn-requestid": "ea0f37c4-49ee-4ecd-afb9-181e70330855", "date": "Tue, 19 May 2020 15:20:03 GMT", "content-length": "181", "content-type": "application/x-amz-json-1.1"}}}}