{"region": "us-east-2", "operation": "DescribeStacks", "service": "cloudformation", "response": {"Stacks": [{"StackId": "arn:aws:cloudformation:us-east-2:043898046743:stack/StackSet-FlowLogGroup-acda4357-37b6-4b48-aa07-c8084d035e66/5c012df0-94a4-11ea-a932-02ae28e83a86", "DriftInformation": {"StackDriftStatus": "NOT_CHECKED"}, "Tags": [], "CreationTime": "2020-05-12T23:00:22.895000+00:00", "StackName": "StackSet-FlowLogGroup-acda4357-37b6-4b48-aa07-c8084d035e66", "NotificationARNs": ["arn:aws:sns:us-east-2:461081853313:StackSet-FlowLogGroup-acda4357-37b6-4b48-aa07-c8084d035e66"], "StackStatus": "CREATE_COMPLETE", "DisableRollback": false, "RollbackConfiguration": {}}, {"StackId": "arn:aws:cloudformation:us-east-2:043898046743:stack/VpcFlowLogs-vpc-0a2672b859b60b366/294e6550-8bb0-11ea-bb92-06faea3c34dc", "DriftInformation": {"StackDriftStatus": "NOT_CHECKED"}, "Description": "VPC flow logs IAM policy and role.", "Parameters": [{"ParameterValue": "vpc-0a2672b859b60b366", "ParameterKey": "VpcId"}, {"ParameterValue": "arn:aws:iam::043898046743:role/VpcFlowLogsRole", "ParameterKey": "DeliverLogsPermissionArn"}], "Tags": [], "CreationTime": "2020-05-01T13:32:11.219000+00:00", "StackName": "VpcFlowLogs-vpc-0a2672b859b60b366", "NotificationARNs": [], "StackStatus": "CREATE_COMPLETE", "DisableRollback": false, "RollbackConfiguration": {}}, {"StackId": "arn:aws:cloudformation:us-east-2:043898046743:stack/csf-prod-security-remediate-unused-iam-cred/b59c2a40-7fff-11ea-9ba8-027927fac094", "DriftInformation": {"StackDriftStatus": "NOT_CHECKED"}, "Description": "Remediation for Unused IAM Credentials", "Parameters": [{"ParameterValue": "csf-prod-runway-us-east-2", "ParameterKey": "pS3BucketName"}, {"ParameterValue": "custom-resources/lambda-RemUnusedIAMCred-d56c4841479c42e21a5150b7d6092274.zip", "ParameterKey": "pProgramBundle"}, {"ParameterValue": "IAM_USER_UNUSED_CREDENTIALS_CHECK", "ParameterKey": "pUnusedIAMCredConfigRuleName"}, {"ParameterValue": "True", "ParameterKey": "pEnableRemediation"}, {"ParameterValue": "AWS-Landing-Zone-Security-Notification", "ParameterKey": "pSNSTopicARN"}], "Tags": [{"Value": "csf-prod", "Key": "cfngin_namespace"}], "CreationTime": "2020-04-16T16:31:22.990000+00:00", "Capabilities": ["CAPABILITY_NAMED_IAM", "CAPABILITY_AUTO_EXPAND"], "StackName": "csf-prod-security-remediate-unused-iam-cred", "NotificationARNs": [], "StackStatus": "CREATE_COMPLETE", "DisableRollback": false, "RollbackConfiguration": {}}, {"StackId": "arn:aws:cloudformation:us-east-2:043898046743:stack/csf-prod-security-remediate-s3-ssl-requests-only/b596fa20-7fff-11ea-b62f-0af17cbfa87c", "DriftInformation": {"StackDriftStatus": "NOT_CHECKED"}, "Description": "Remediation for S3 buckets requiring SSL only requests", "Parameters": [{"ParameterValue": "csf-prod-runway-us-east-2", "ParameterKey": "pS3BucketName"}, {"ParameterValue": "custom-resources/lambda-RemS3SSLOnly-7d69f917677e0340a51b976919571380.zip", "ParameterKey": "pProgramBundle"}, {"ParameterValue": "True", "ParameterKey": "pEnableRemediation"}, {"ParameterValue": "S3_BUCKET_SSL_REQUESTS_ONLY", "ParameterKey": "pS3SSLOnlyConfigRuleName"}, {"ParameterValue": "AWS-Landing-Zone-Security-Notification", "ParameterKey": "pSNSTopicARN"}], "Tags": [{"Value": "csf-prod", "Key": "cfngin_namespace"}], "CreationTime": "2020-04-16T16:31:22.988000+00:00", "Capabilities": ["CAPABILITY_NAMED_IAM", "CAPABILITY_AUTO_EXPAND"], "StackName": "csf-prod-security-remediate-s3-ssl-requests-only", "NotificationARNs": [], "StackStatus": "CREATE_COMPLETE", "DisableRollback": false, "RollbackConfiguration": {}}, {"StackId": "arn:aws:cloudformation:us-east-2:043898046743:stack/csf-prod-security-remediate-unencrypted-cloudtrail/b59b3fe0-7fff-11ea-96b9-0a76b6c12f42", "DriftInformation": {"StackDriftStatus": "NOT_CHECKED"}, "Description": "Remediation for Unencrypted Cloudtrail logfiles", "Parameters": [{"ParameterValue": "CLOUD_TRAIL_ENCRYPTION_ENABLED", "ParameterKey": "pUnencryptedCloudtrailConfigRuleName"}, {"ParameterValue": "csf-prod-runway-us-east-2", "ParameterKey": "pS3BucketName"}, {"ParameterValue": "custom-resources/lambda-RemUnencryptedCloudtrail-bd1147168cb58096cf9ad528c1cd8b1e.zip", "ParameterKey": "pProgramBundle"}, {"ParameterValue": "arn:aws:kms:us-east-1:478999156681:key/2410f307-a77d-4573-8b4e-b12be88a3420", "ParameterKey": "pKmsKeyId"}, {"ParameterValue": "True", "ParameterKey": "pEnableRemediation"}, {"ParameterValue": "AWS-Landing-Zone-Security-Notification", "ParameterKey": "pSNSTopicARN"}], "Tags": [{"Value": "csf-prod", "Key": "cfngin_namespace"}], "CreationTime": "2020-04-16T16:31:22.988000+00:00", "Capabilities": ["CAPABILITY_NAMED_IAM", "CAPABILITY_AUTO_EXPAND"], "StackName": "csf-prod-security-remediate-unencrypted-cloudtrail", "NotificationARNs": [], "StackStatus": "CREATE_COMPLETE", "DisableRollback": false, "RollbackConfiguration": {}}, {"StackId": "arn:aws:cloudformation:us-east-2:043898046743:stack/csf-prod-security-remediate-password-policy/b594d740-7fff-11ea-acb6-0a18862e0c0c", "DriftInformation": {"StackDriftStatus": "NOT_CHECKED"}, "Description": "Remediation for Password Policy", "Parameters": [{"ParameterValue": "csf-prod-runway-us-east-2", "ParameterKey": "pS3BucketName"}, {"ParameterValue": "custom-resources/lambda-RemPassPolicy-357341f2e0e2d6854bcc17604729371c.zip", "ParameterKey": "pProgramBundle"}, {"ParameterValue": "IAM_PASSWORD_POLICY", "ParameterKey": "pPasswordPolicyConfigRuleName"}, {"ParameterValue": "True", "ParameterKey": "pEnableRemediation"}, {"ParameterValue": "AWS-Landing-Zone-Security-Notification", "ParameterKey": "pSNSTopicARN"}], "Tags": [{"Value": "csf-prod", "Key": "cfngin_namespace"}], "CreationTime": "2020-04-16T16:31:22.944000+00:00", "Capabilities": ["CAPABILITY_NAMED_IAM", "CAPABILITY_AUTO_EXPAND"], "StackName": "csf-prod-security-remediate-password-policy", "NotificationARNs": [], "StackStatus": "CREATE_COMPLETE", "DisableRollback": false, "RollbackConfiguration": {}}, {"StackId": "arn:aws:cloudformation:us-east-2:043898046743:stack/csf-prod-security-remediate-s3-bucket-access-logging/b586a670-7fff-11ea-aabf-026789fff09e", "DriftInformation": {"StackDriftStatus": "NOT_CHECKED"}, "Description": "Remediation S3 Bucket Access Log Enabling", "Parameters": [{"ParameterValue": "csf-prod-runway-us-east-2", "ParameterKey": "pS3BucketName"}, {"ParameterValue": "custom-resources/lambda-RemS3AccessLog-c3b635a9121a82d0fdce89bef945509b.zip", "ParameterKey": "pProgramBundle"}, {"ParameterValue": "TBD", "ParameterKey": "pS3BucketForAccessLogs"}, {"ParameterValue": "S3_BUCKET_LOGGING_ENABLED", "ParameterKey": "pS3BucketAccessLogConfigRuleName"}, {"ParameterValue": "True", "ParameterKey": "pEnableRemediation"}, {"ParameterValue": "AWS-Landing-Zone-Security-Notification", "ParameterKey": "pSNSTopicARN"}], "Tags": [{"Value": "csf-prod", "Key": "cfngin_namespace"}], "CreationTime": "2020-04-16T16:31:22.887000+00:00", "Capabilities": ["CAPABILITY_NAMED_IAM", "CAPABILITY_AUTO_EXPAND"], "StackName": "csf-prod-security-remediate-s3-bucket-access-logging", "NotificationARNs": [], "StackStatus": "CREATE_COMPLETE", "DisableRollback": false, "RollbackConfiguration": {}}, {"StackId": "arn:aws:cloudformation:us-east-2:043898046743:stack/csf-prod-security-remediate-s3-bucket-read-write-public-access/b58a01d0-7fff-11ea-9588-0a3121d24df0", "DriftInformation": {"StackDriftStatus": "NOT_CHECKED"}, "Description": "Remediation for S3 Bucket Public Read Write Accesss", "Parameters": [{"ParameterValue": "S3_BUCKET_PUBLIC_WRITE_PROHIBITED", "ParameterKey": "pS3BucketWritePublicAccessConfigRuleName"}, {"ParameterValue": "csf-prod-runway-us-east-2", "ParameterKey": "pS3BucketName"}, {"ParameterValue": "custom-resources/lambda-RemS3PublicReadWrite-c61dba477982dff7c2de95a152bdce60.zip", "ParameterKey": "pProgramBundle"}, {"ParameterValue": "S3_BUCKET_PUBLIC_READ_PROHIBITED", "ParameterKey": "pS3BucketReadPublicAccessConfigRuleName"}, {"ParameterValue": "True", "ParameterKey": "pEnableRemediation"}, {"ParameterValue": "AWS-Landing-Zone-Security-Notification", "ParameterKey": "pSNSTopicARN"}], "Tags": [{"Value": "csf-prod", "Key": "cfngin_namespace"}], "CreationTime": "2020-04-16T16:31:22.884000+00:00", "Capabilities": ["CAPABILITY_NAMED_IAM", "CAPABILITY_AUTO_EXPAND"], "StackName": "csf-prod-security-remediate-s3-bucket-read-write-public-access", "NotificationARNs": [], "StackStatus": "CREATE_COMPLETE", "DisableRollback": false, "RollbackConfiguration": {}}, {"StackId": "arn:aws:cloudformation:us-east-2:043898046743:stack/csf-prod-security-remediate-iam-key-rotation/b5789cb0-7fff-11ea-ba69-0a0a04c5437c", "DriftInformation": {"StackDriftStatus": "NOT_CHECKED"}, "Description": "Remediation for Unused IAM Credentials", "Parameters": [{"ParameterValue": "ACCESS_KEYS_ROTATED", "ParameterKey": "pIAMKeyRotationConfigRuleName"}, {"ParameterValue": "csf-prod-runway-us-east-2", "ParameterKey": "pS3BucketName"}, {"ParameterValue": "custom-resources/lambda-RemIAMKeyRotation-cc3fa403544acb748a3da1ed01bdf941.zip", "ParameterKey": "pProgramBundle"}, {"ParameterValue": "90", "ParameterKey": "pDaysToRotate"}, {"ParameterValue": "True", "ParameterKey": "pEnableRemediation"}, {"ParameterValue": "AWS-Landing-Zone-Security-Notification", "ParameterKey": "pSNSTopicARN"}], "Tags": [{"Value": "csf-prod", "Key": "cfngin_namespace"}], "CreationTime": "2020-04-16T16:31:22.767000+00:00", "Capabilities": ["CAPABILITY_NAMED_IAM", "CAPABILITY_AUTO_EXPAND"], "StackName": "csf-prod-security-remediate-iam-key-rotation", "NotificationARNs": [], "StackStatus": "CREATE_COMPLETE", "DisableRollback": false, "RollbackConfiguration": {}}, {"StackId": "arn:aws:cloudformation:us-east-2:043898046743:stack/csf-prod-security-remediate-iam-admin-policies/b576c7f0-7fff-11ea-8769-0a9fef599330", "DriftInformation": {"StackDriftStatus": "NOT_CHECKED"}, "Description": "Remediation for IAM Policies with Admin access", "Parameters": [{"ParameterValue": "csf-prod-runway-us-east-2", "ParameterKey": "pS3BucketName"}, {"ParameterValue": "custom-resources/lambda-RemIAMAdminPolicy-8e5e510d959a3895c6d3272d0881ba82.zip", "ParameterKey": "pProgramBundle"}, {"ParameterValue": "IAM_POLICY_NO_STATEMENTS_WITH_ADMIN_ACCESS", "ParameterKey": "pIAMAdminPolicyConfigRuleName"}, {"ParameterValue": "True", "ParameterKey": "pEnableRemediation"}, {"ParameterValue": "AWS-Landing-Zone-Security-Notification", "ParameterKey": "pSNSTopicARN"}], "Tags": [{"Value": "csf-prod", "Key": "cfngin_namespace"}], "CreationTime": "2020-04-16T16:31:22.750000+00:00", "Capabilities": ["CAPABILITY_NAMED_IAM", "CAPABILITY_AUTO_EXPAND"], "StackName": "csf-prod-security-remediate-iam-admin-policies", "NotificationARNs": [], "StackStatus": "CREATE_COMPLETE", "DisableRollback": false, "RollbackConfiguration": {}}, {"StackId": "arn:aws:cloudformation:us-east-2:043898046743:stack/csf-prod-security-remediate-kms-custom-cmk-key-rotation/b5734580-7fff-11ea-9fc5-02402ec64522", "DriftInformation": {"StackDriftStatus": "NOT_CHECKED"}, "Description": "Remediation for KMS Key rotation being disabled", "Parameters": [{"ParameterValue": "csf-prod-runway-us-east-2", "ParameterKey": "pS3BucketName"}, {"ParameterValue": "custom-resources/lambda-RemKMSKeyRotation-e8bcb9d7e8148dec1009f3e46eb306da.zip", "ParameterKey": "pProgramBundle"}, {"ParameterValue": "CMK_BACKING_KEY_ROTATION_ENABLED", "ParameterKey": "pKMSKeyRotationConfigRuleName"}, {"ParameterValue": "True", "ParameterKey": "pEnableRemediation"}, {"ParameterValue": "AWS-Landing-Zone-Security-Notification", "ParameterKey": "pSNSTopicARN"}], "Tags": [{"Value": "csf-prod", "Key": "cfngin_namespace"}], "CreationTime": "2020-04-16T16:31:22.739000+00:00", "Capabilities": ["CAPABILITY_NAMED_IAM", "CAPABILITY_AUTO_EXPAND"], "StackName": "csf-prod-security-remediate-kms-custom-cmk-key-rotation", "NotificationARNs": [], "StackStatus": "CREATE_COMPLETE", "DisableRollback": false, "RollbackConfiguration": {}}, {"StackId": "arn:aws:cloudformation:us-east-2:043898046743:stack/csf-prod-security-remediate-s3-bucket-server-side-encryption/b576a0e0-7fff-11ea-96b9-0a76b6c12f42", "DriftInformation": {"StackDriftStatus": "NOT_CHECKED"}, "Description": "Remediation for S3 bucket SSE", "Parameters": [{"ParameterValue": "S3_BUCKET_SERVER_SIDE_ENCRYPTION_ENABLED", "ParameterKey": "pS3SSEConfigRuleName"}, {"ParameterValue": "csf-prod-runway-us-east-2", "ParameterKey": "pS3BucketName"}, {"ParameterValue": "custom-resources/lambda-RemS3SSE-37890e65e9b4e4aad14678f8030b41e3.zip", "ParameterKey": "pProgramBundle"}, {"ParameterValue": "True", "ParameterKey": "pEnableRemediation"}, {"ParameterValue": "AWS-Landing-Zone-Security-Notification", "ParameterKey": "pSNSTopicARN"}], "Tags": [{"Value": "csf-prod", "Key": "cfngin_namespace"}], "CreationTime": "2020-04-16T16:31:22.727000+00:00", "Capabilities": ["CAPABILITY_NAMED_IAM", "CAPABILITY_AUTO_EXPAND"], "StackName": "csf-prod-security-remediate-s3-bucket-server-side-encryption", "NotificationARNs": [], "StackStatus": "CREATE_COMPLETE", "DisableRollback": false, "RollbackConfiguration": {}}, {"StackId": "arn:aws:cloudformation:us-east-2:043898046743:stack/csf-prod-security-remediate-vpc-flow-log-enable/b571bee0-7fff-11ea-bfa9-02848c93abf4", "DriftInformation": {"StackDriftStatus": "NOT_CHECKED"}, "Description": "Remediation for VPC Flow Log Enable", "Parameters": [{"ParameterValue": "VPC_FLOW_LOGS_ENABLED", "ParameterKey": "pVPCFlowLogConfigRuleName"}, {"ParameterValue": "csf-prod-runway-us-east-2", "ParameterKey": "pS3BucketName"}, {"ParameterValue": "custom-resources/lambda-RemVPCFlowLog-022918bc50e01503259d3cabf4abc0d0.zip", "ParameterKey": "pProgramBundle"}, {"ParameterValue": "True", "ParameterKey": "pEnableRemediation"}, {"ParameterValue": "AWS-Landing-Zone-Security-Notification", "ParameterKey": "pSNSTopicARN"}], "Tags": [{"Value": "csf-prod", "Key": "cfngin_namespace"}], "CreationTime": "2020-04-16T16:31:22.712000+00:00", "Capabilities": ["CAPABILITY_NAMED_IAM", "CAPABILITY_AUTO_EXPAND"], "StackName": "csf-prod-security-remediate-vpc-flow-log-enable", "NotificationARNs": [], "StackStatus": "CREATE_COMPLETE", "DisableRollback": false, "RollbackConfiguration": {}}, {"StackId": "arn:aws:cloudformation:us-east-2:043898046743:stack/csf-prod-security-remediate-unvalidated-cloudtrail-logging/b56b0820-7fff-11ea-b41f-068deee6a6ae", "DriftInformation": {"StackDriftStatus": "NOT_CHECKED"}, "Description": "Remediation for unvalidated Cloudtrail logfiles", "Parameters": [{"ParameterValue": "CLOUD_TRAIL_LOG_FILE_VALIDATION_ENABLED", "ParameterKey": "pUnvalidatedCloudtrailLogfileConfigRuleName"}, {"ParameterValue": "csf-prod-runway-us-east-2", "ParameterKey": "pS3BucketName"}, {"ParameterValue": "custom-resources/lambda-RemUnvalidatedCloudtrailLogging-2e7348474843bb4e67192f4af10e64b7.zip", "ParameterKey": "pProgramBundle"}, {"ParameterValue": "True", "ParameterKey": "pEnableRemediation"}, {"ParameterValue": "AWS-Landing-Zone-Security-Notification", "ParameterKey": "pSNSTopicARN"}], "Tags": [{"Value": "csf-prod", "Key": "cfngin_namespace"}], "CreationTime": "2020-04-16T16:31:22.695000+00:00", "Capabilities": ["CAPABILITY_NAMED_IAM", "CAPABILITY_AUTO_EXPAND"], "StackName": "csf-prod-security-remediate-unvalidated-cloudtrail-logging", "NotificationARNs": [], "StackStatus": "CREATE_COMPLETE", "DisableRollback": false, "RollbackConfiguration": {}}, {"StackId": "arn:aws:cloudformation:us-east-2:043898046743:stack/csf-prod-security-remediate-security-group-ingress-rdp/b56a92f0-7fff-11ea-abd2-023006f8d510", "DriftInformation": {"StackDriftStatus": "NOT_CHECKED"}, "Description": "Remediation for RDP ingress open ports", "Parameters": [{"ParameterValue": "csf-prod-runway-us-east-2", "ParameterKey": "pS3BucketName"}, {"ParameterValue": "custom-resources/lambda-RemSGIngressRDP-8e80ce75e7375aca1d836f174ac76b94.zip", "ParameterKey": "pProgramBundle"}, {"ParameterValue": "RESTRICTED_INCOMING_TRAFFIC", "ParameterKey": "pSecurityGroupIngressRDPConfigRuleName"}, {"ParameterValue": "True", "ParameterKey": "pEnableRemediation"}, {"ParameterValue": "AWS-Landing-Zone-Security-Notification", "ParameterKey": "pSNSTopicARN"}], "Tags": [{"Value": "csf-prod", "Key": "cfngin_namespace"}], "CreationTime": "2020-04-16T16:31:22.682000+00:00", "Capabilities": ["CAPABILITY_NAMED_IAM", "CAPABILITY_AUTO_EXPAND"], "StackName": "csf-prod-security-remediate-security-group-ingress-rdp", "NotificationARNs": [], "StackStatus": "CREATE_COMPLETE", "DisableRollback": false, "RollbackConfiguration": {}}, {"StackId": "arn:aws:cloudformation:us-east-2:043898046743:stack/csf-prod-security-remediate-database-exposed-in-public-subnet/b5698180-7fff-11ea-96eb-0672668ff2ce", "DriftInformation": {"StackDriftStatus": "NOT_CHECKED"}, "Description": "Remediation for Databases Exposed in Public Subnets", "Parameters": [{"ParameterValue": "csf-prod-runway-us-east-2", "ParameterKey": "pS3BucketName"}, {"ParameterValue": "custom-resources/lambda-RemDbExposedInPublic-13314e57b553d50ed4a6a0a07794c4d9.zip", "ParameterKey": "pProgramBundle"}, {"ParameterValue": "RDS_INSTANCE_PUBLIC_ACCESS_CHECK", "ParameterKey": "pRemExposedDatabaseConfigRuleName"}, {"ParameterValue": "True", "ParameterKey": "pEnableRemediation"}, {"ParameterValue": "AWS-Landing-Zone-Security-Notification", "ParameterKey": "pSNSTopicARN"}], "Tags": [{"Value": "csf-prod", "Key": "cfngin_namespace"}], "CreationTime": "2020-04-16T16:31:22.655000+00:00", "Capabilities": ["CAPABILITY_NAMED_IAM", "CAPABILITY_AUTO_EXPAND"], "StackName": "csf-prod-security-remediate-database-exposed-in-public-subnet", "NotificationARNs": [], "StackStatus": "CREATE_COMPLETE", "DisableRollback": false, "RollbackConfiguration": {}}, {"StackId": "arn:aws:cloudformation:us-east-2:043898046743:stack/csf-prod-security-remediate-vpc-default-security-group/b555f980-7fff-11ea-88c9-0ad7a569cb8c", "DriftInformation": {"StackDriftStatus": "NOT_CHECKED"}, "Description": "Remediation for VPC default SG having any open ports", "Parameters": [{"ParameterValue": "VPC_DEFAULT_SECURITY_GROUP_CLOSED", "ParameterKey": "pVPCDefaultSecurityGroupConfigRuleName"}, {"ParameterValue": "csf-prod-runway-us-east-2", "ParameterKey": "pS3BucketName"}, {"ParameterValue": "custom-resources/lambda-RemVPCDefaultSG-251e9e3f1b0e8d44e00d1ce3b67bdc46.zip", "ParameterKey": "pProgramBundle"}, {"ParameterValue": "True", "ParameterKey": "pEnableRemediation"}, {"ParameterValue": "AWS-Landing-Zone-Security-Notification", "ParameterKey": "pSNSTopicARN"}], "Tags": [{"Value": "csf-prod", "Key": "cfngin_namespace"}], "CreationTime": "2020-04-16T16:31:22.552000+00:00", "Capabilities": ["CAPABILITY_NAMED_IAM", "CAPABILITY_AUTO_EXPAND"], "StackName": "csf-prod-security-remediate-vpc-default-security-group", "NotificationARNs": [], "StackStatus": "CREATE_COMPLETE", "DisableRollback": false, "RollbackConfiguration": {}}, {"StackId": "arn:aws:cloudformation:us-east-2:043898046743:stack/csf-prod-security-remediate-iam-user-console-access-no-mfa/b54b4b20-7fff-11ea-8110-060a55e3d44e", "DriftInformation": {"StackDriftStatus": "NOT_CHECKED"}, "Description": "Remediation for IAM Users with Console Access and NO MFA Enabled", "Parameters": [{"ParameterValue": "csf-prod-runway-us-east-2", "ParameterKey": "pS3BucketName"}, {"ParameterValue": "custom-resources/lambda-RemIAMUserConsoleMFA-85fdce489beb7955c9e94a3296d1f125.zip", "ParameterKey": "pProgramBundle"}, {"ParameterValue": "MFA_ENABLED_FOR_IAM_CONSOLE_ACCESS", "ParameterKey": "pIAMUserConsoleNoFMAConfigRuleName"}, {"ParameterValue": "True", "ParameterKey": "pEnableRemediation"}, {"ParameterValue": "AWS-Landing-Zone-Security-Notification", "ParameterKey": "pSNSTopicARN"}], "Tags": [{"Value": "csf-prod", "Key": "cfngin_namespace"}], "CreationTime": "2020-04-16T16:31:22.463000+00:00", "Capabilities": ["CAPABILITY_NAMED_IAM", "CAPABILITY_AUTO_EXPAND"], "StackName": "csf-prod-security-remediate-iam-user-console-access-no-mfa", "NotificationARNs": [], "StackStatus": "CREATE_COMPLETE", "DisableRollback": false, "RollbackConfiguration": {}}, {"StackId": "arn:aws:cloudformation:us-east-2:043898046743:stack/csf-prod-security-remediate-disabled-cloudtrail/b53ec800-7fff-11ea-8c78-063c30684966", "DriftInformation": {"StackDriftStatus": "NOT_CHECKED"}, "Description": "Remediation for Disabled Cloudtrails", "Parameters": [{"ParameterValue": "CLOUD_TRAIL_ENABLED", "ParameterKey": "pDisabledCloudtrailConfigRuleName"}, {"ParameterValue": "True", "ParameterKey": "pEnforceDefaultTrailBindingToOrg"}, {"ParameterValue": "csf-prod-runway-us-east-2", "ParameterKey": "pS3BucketName"}, {"ParameterValue": "o-8baopjpjb4", "ParameterKey": "pDefaultCloudtrailS3KeyPrefix"}, {"ParameterValue": "AWS-Landing-Zone-Security-Notification", "ParameterKey": "pSNSTopicARN"}, {"ParameterValue": "True", "ParameterKey": "pEnableCloudtrailLogfileValidation"}, {"ParameterValue": "arn:aws:kms:us-east-1:478999156681:key/2410f307-a77d-4573-8b4e-b12be88a3420", "ParameterKey": "pDefaultCloudtrailKMSKeyId"}, {"ParameterValue": "custom-resources/lambda-RemDisabledCloudtrail-726c277cfde43e298a65d081831ae867.zip", "ParameterKey": "pProgramBundle"}, {"ParameterValue": "aws-landing-zone-logs-031247562193-us-east-1", "ParameterKey": "pDefaultCloudtrailS3BucketName"}, {"ParameterValue": "True", "ParameterKey": "pEnforceDefaultMultiRegionTrail"}, {"ParameterValue": "CloudTrail/Landing-Zone-Logs", "ParameterKey": "pDefaultCloudwatchLogGroupArn"}, {"ParameterValue": "AWS-Landing-Zone-BaselineCloudTrail", "ParameterKey": "pDefaultCloudtrailName"}, {"ParameterValue": "True", "ParameterKey": "pEnableRemediation"}, {"ParameterValue": "True", "ParameterKey": "pEnforceGlobalServiceEventLogging"}], "Tags": [{"Value": "csf-prod", "Key": "cfngin_namespace"}], "CreationTime": "2020-04-16T16:31:22.397000+00:00", "Capabilities": ["CAPABILITY_NAMED_IAM", "CAPABILITY_AUTO_EXPAND"], "StackName": "csf-prod-security-remediate-disabled-cloudtrail", "NotificationARNs": [], "StackStatus": "CREATE_COMPLETE", "DisableRollback": false, "RollbackConfiguration": {}}, {"StackId": "arn:aws:cloudformation:us-east-2:043898046743:stack/csf-prod-security-remediate-security-group-ingress-ssh/b5422360-7fff-11ea-96b9-0a76b6c12f42", "DriftInformation": {"StackDriftStatus": "NOT_CHECKED"}, "Description": "Remediation for SSH ingress open ports", "Parameters": [{"ParameterValue": "csf-prod-runway-us-east-2", "ParameterKey": "pS3BucketName"}, {"ParameterValue": "custom-resources/lambda-RemSGIngressSSH-6ab843ba9576cac92b1e457d007fd895.zip", "ParameterKey": "pProgramBundle"}, {"ParameterValue": "INCOMING_SSH_DISABLED", "ParameterKey": "pSecurityGroupIngressSSHConfigRuleName"}, {"ParameterValue": "True", "ParameterKey": "pEnableRemediation"}, {"ParameterValue": "AWS-Landing-Zone-Security-Notification", "ParameterKey": "pSNSTopicARN"}], "Tags": [{"Value": "csf-prod", "Key": "cfngin_namespace"}], "CreationTime": "2020-04-16T16:31:22.379000+00:00", "Capabilities": ["CAPABILITY_NAMED_IAM", "CAPABILITY_AUTO_EXPAND"], "StackName": "csf-prod-security-remediate-security-group-ingress-ssh", "NotificationARNs": [], "StackStatus": "CREATE_COMPLETE", "DisableRollback": false, "RollbackConfiguration": {}}, {"StackId": "arn:aws:cloudformation:us-east-2:043898046743:stack/csf-prod-security-remediate-cloudtrail-without-log-group/b512fd10-7fff-11ea-9db2-06faea3c34dc", "DriftInformation": {"StackDriftStatus": "NOT_CHECKED"}, "Description": "Remediation for a Cloudtrail not bound to a Cloudwatch log group", "Parameters": [{"ParameterValue": "csf-prod-runway-us-east-2", "ParameterKey": "pS3BucketName"}, {"ParameterValue": "custom-resources/lambda-RemCloudtrailWithoutLogGroup-4eb38a349698be368ecb9e57f9f0c0f0.zip", "ParameterKey": "pProgramBundle"}, {"ParameterValue": "CloudTrail/Landing-Zone-Logs", "ParameterKey": "pDefaultCloudwatchLogGroupArn"}, {"ParameterValue": "True", "ParameterKey": "pEnableRemediation"}, {"ParameterValue": "CLOUD_TRAIL_CLOUD_WATCH_LOGS_ENABLED", "ParameterKey": "pCloudTrailWithoutLogGroupConfigRuleName"}, {"ParameterValue": "AWS-Landing-Zone-Security-Notification", "ParameterKey": "pSNSTopicARN"}], "Tags": [{"Value": "csf-prod", "Key": "cfngin_namespace"}], "CreationTime": "2020-04-16T16:31:22.121000+00:00", "Capabilities": ["CAPABILITY_NAMED_IAM", "CAPABILITY_AUTO_EXPAND"], "StackName": "csf-prod-security-remediate-cloudtrail-without-log-group", "NotificationARNs": [], "StackStatus": "CREATE_COMPLETE", "DisableRollback": false, "RollbackConfiguration": {}}, {"StackId": "arn:aws:cloudformation:us-east-2:043898046743:stack/csf-prod-security-remediate-managed-policies-attached-to-users/b50b5bf0-7fff-11ea-87ba-0681d34c9248", "DriftInformation": {"StackDriftStatus": "NOT_CHECKED"}, "Description": "Remediation for Managed Policies Attached to Users", "Parameters": [{"ParameterValue": "IAM_USER_NO_POLICIES_CHECK", "ParameterKey": "pUserAttachManPolConfigRuleName"}, {"ParameterValue": "csf-prod-runway-us-east-2", "ParameterKey": "pS3BucketName"}, {"ParameterValue": "custom-resources/lambda-RemManPolUserAttach-135c756d81cdca483dc45c119812c364.zip", "ParameterKey": "pProgramBundle"}, {"ParameterValue": "True", "ParameterKey": "pEnableRemediation"}, {"ParameterValue": "AWS-Landing-Zone-Security-Notification", "ParameterKey": "pSNSTopicARN"}], "Tags": [{"Value": "csf-prod", "Key": "cfngin_namespace"}], "CreationTime": "2020-04-16T16:31:22.050000+00:00", "Capabilities": ["CAPABILITY_NAMED_IAM", "CAPABILITY_AUTO_EXPAND"], "StackName": "csf-prod-security-remediate-managed-policies-attached-to-users", "NotificationARNs": [], "StackStatus": "CREATE_COMPLETE", "DisableRollback": false, "RollbackConfiguration": {}}, {"StackId": "arn:aws:cloudformation:us-east-2:043898046743:stack/csf-prod-security-remediate-cloudtrail-without-organization/b4f93380-7fff-11ea-97d1-064ea827a74e", "DriftInformation": {"StackDriftStatus": "NOT_CHECKED"}, "Description": "Remediation for a Cloudtrail not bound to the organization", "Parameters": [{"ParameterValue": "CLOUD_TRAIL_ENABLED", "ParameterKey": "pCloudtrailWithoutOrganizationConfigRuleName"}, {"ParameterValue": "csf-prod-runway-us-east-2", "ParameterKey": "pS3BucketName"}, {"ParameterValue": "custom-resources/lambda-RemCloudtrailWithoutOrganization-fa53334c182a9f46e678247bd20d71f9.zip", "ParameterKey": "pProgramBundle"}, {"ParameterValue": "AWS-Landing-Zone-BaselineCloudTrail", "ParameterKey": "pDefaultCloudtrailName"}, {"ParameterValue": "True", "ParameterKey": "pEnableRemediation"}, {"ParameterValue": "AWS-Landing-Zone-Security-Notification", "ParameterKey": "pSNSTopicARN"}], "Tags": [{"Value": "csf-prod", "Key": "cfngin_namespace"}], "CreationTime": "2020-04-16T16:31:21.930000+00:00", "Capabilities": ["CAPABILITY_NAMED_IAM", "CAPABILITY_AUTO_EXPAND"], "StackName": "csf-prod-security-remediate-cloudtrail-without-organization", "NotificationARNs": [], "StackStatus": "CREATE_COMPLETE", "DisableRollback": false, "RollbackConfiguration": {}}, {"StackId": "arn:aws:cloudformation:us-east-2:043898046743:stack/csf-prod-security-custom-config-rules/8debf2a0-7fff-11ea-96b9-0a76b6c12f42", "DriftInformation": {"StackDriftStatus": "NOT_CHECKED"}, "Description": "AWS Config custom rules.", "Parameters": [{"ParameterValue": "TBD", "ParameterKey": "pWAFLoggingBucket"}, {"ParameterValue": "csf-prod-runway-us-east-2", "ParameterKey": "pWAFLoggingS3BucketName"}, {"ParameterValue": "custom-resources/lambda-SupportRole-2b03a8d2262c842744e5d5cef4560f98.zip", "ParameterKey": "pSupportRoleProgramBundle"}, {"ParameterValue": "custom-resources/lambda-WAFCentralLogging-4a8c42ad7c66585eafdde07a554b0c87.zip", "ParameterKey": "pWAFLoggingProgramBundle"}, {"ParameterValue": "csf-prod-runway-us-east-2", "ParameterKey": "pSupportRoleS3BucketName"}], "Tags": [{"Value": "csf-prod", "Key": "cfngin_namespace"}], "CreationTime": "2020-04-16T16:30:16.418000+00:00", "Capabilities": ["CAPABILITY_NAMED_IAM", "CAPABILITY_AUTO_EXPAND"], "StackName": "csf-prod-security-custom-config-rules", "NotificationARNs": [], "StackStatus": "CREATE_COMPLETE", "DisableRollback": false, "RollbackConfiguration": {}}, {"StackId": "arn:aws:cloudformation:us-east-2:043898046743:stack/StackSet-LambdaEncryptedAmiCopy-f584af84-70b1-4d71-9004-f1bee802376b/47dc3eb0-7829-11ea-bfa9-02848c93abf4", "DriftInformation": {"StackDriftStatus": "NOT_CHECKED"}, "Description": "Creates lambda function to encrypt AMIs from Image Builder", "Parameters": [{"ParameterValue": "o-8baopjpjb4", "ParameterKey": "OrgID"}, {"ParameterValue": "ChildAccountCreateEncryptedAmiCopyRole", "ParameterKey": "AssumeRole"}], "Tags": [], "CreationTime": "2020-04-06T17:08:48.491000+00:00", "StackName": "StackSet-LambdaEncryptedAmiCopy-f584af84-70b1-4d71-9004-f1bee802376b", "NotificationARNs": ["arn:aws:sns:us-east-2:461081853313:StackSet-LambdaEncryptedAmiCopy-f584af84-70b1-4d71-9004-f1bee802376b"], "StackStatus": "CREATE_COMPLETE", "DisableRollback": false, "RollbackConfiguration": {}}, {"StackId": "arn:aws:cloudformation:us-east-2:043898046743:stack/StackSet-AWS-Landing-Zone-Baseline-CloudWatchRules-9db29f2a-f6b8-4aec-bb2d-180ca332300b/6a3097c0-709c-11ea-96b9-0a76b6c12f42", "DriftInformation": {"StackDriftStatus": "NOT_CHECKED"}, "Tags": [{"Value": "LandingZoneStackSet", "Key": "AWS_Solutions"}], "CreationTime": "2020-03-28T02:32:48.829000+00:00", "Capabilities": ["CAPABILITY_NAMED_IAM"], "StackName": "StackSet-AWS-Landing-Zone-Baseline-CloudWatchRules-9db29f2a-f6b8-4aec-bb2d-180ca332300b", "NotificationARNs": ["arn:aws:sns:us-east-2:461081853313:StackSet-AWS-Landing-Zone-Baseline-CloudWatchRules-9db29f2a-f6b8-4aec-bb2d-180ca332300b"], "StackStatus": "CREATE_COMPLETE", "DisableRollback": false, "RollbackConfiguration": {}}, {"StackId": "arn:aws:cloudformation:us-east-2:043898046743:stack/StackSet-Compliance-as-code-697c1092-ec99-4511-9cc5-37819974eb46/cba95c80-66fb-11ea-9636-026789fff09e", "DriftInformation": {"StackDriftStatus": "NOT_CHECKED"}, "Description": "Initialize the Compliance-as-Code oversight in this Application Account", "Parameters": [{"ParameterValue": "AWSConfigAndComplianceAuditRole-DO-NOT-DELETE", "ParameterKey": "ConfigAndComplianceAuditRoleName"}, {"ParameterValue": "One_Hour", "ParameterKey": "RuleFrequency"}, {"ParameterValue": "false", "ParameterKey": "DeployAWSConfig"}, {"ParameterValue": "us-east-1", "ParameterKey": "MainRegion"}, {"ParameterValue": "force", "ParameterKey": "ForceDeploymentRoleInMainRegionOnly"}, {"ParameterValue": "COMPLIANCE_RULESET_LATEST_INSTALLED", "ParameterKey": "EngineComplianceRule"}, {"ParameterValue": "RDK-Rule-Function-COMPLIANCERULESETLATESTINSTALLED", "ParameterKey": "LambdaFunctionName"}, {"ParameterValue": "204870073141", "ParameterKey": "ComplianceAccountId"}, {"ParameterValue": "aws-landing-zone-logs-031247562193-us-east-1", "ParameterKey": "CentralizedS3BucketConfigFullName"}], "Tags": [{"Value": "Config", "Key": "Service"}, {"Value": "Compliance as code", "Key": "Name"}], "CreationTime": "2020-03-15T20:30:23.014000+00:00", "Capabilities": ["CAPABILITY_NAMED_IAM"], "StackName": "StackSet-Compliance-as-code-697c1092-ec99-4511-9cc5-37819974eb46", "NotificationARNs": ["arn:aws:sns:us-east-2:461081853313:StackSet-Compliance-as-code-697c1092-ec99-4511-9cc5-37819974eb46"], "StackStatus": "UPDATE_COMPLETE", "DisableRollback": false, "RollbackConfiguration": {}, "LastUpdatedTime": "2020-03-18T20:55:18.959000+00:00"}, {"StackId": "arn:aws:cloudformation:us-east-2:043898046743:stack/SharedServices-VPC/a97cb7d0-62e4-11ea-8488-0213e0bd929e", "DriftInformation": {"StackDriftStatus": "NOT_CHECKED"}, "Parameters": [{"ParameterValue": "10.233.75.128/25", "ParameterKey": "Subnet8CidrBlock"}, {"ParameterValue": "10.233.72.128/25", "ParameterKey": "Subnet2CidrBlock"}, {"ParameterValue": "10.233.74.0/25", "ParameterKey": "Subnet5CidrBlock"}, {"ParameterValue": "PRI1-AZ1", "ParameterKey": "Subnet5Name"}, {"ParameterValue": "10.233.72.0/22", "ParameterKey": "VpcCidrBlock"}, {"ParameterValue": "1", "ParameterKey": "Subnet6AzNum"}, {"ParameterValue": "PRI2-AZ2", "ParameterKey": "Subnet6Name"}, {"ParameterValue": "0", "ParameterKey": "Subnet9AzNum"}, {"ParameterValue": "1", "ParameterKey": "Subnet2AzNum"}, {"ParameterValue": "false", "ParameterKey": "CreateInternetGateway"}, {"ParameterValue": "10.99.99.99/28", "ParameterKey": "Subnet9CidrBlock"}, {"ParameterValue": "PUB2-AZ2", "ParameterKey": "Subnet2Name"}, {"ParameterValue": "10.233.72.0/25", "ParameterKey": "Subnet1CidrBlock"}, {"ParameterValue": "PRI3-AZ3", "ParameterKey": "Subnet7Name"}, {"ParameterValue": "0", "ParameterKey": "Subnet8AzNum"}, {"ParameterValue": "10.233.73.128/25", "ParameterKey": "Subnet4CidrBlock"}, {"ParameterValue": "0", "ParameterKey": "Subnet5AzNum"}, {"ParameterValue": "false", "ParameterKey": "NTier"}, {"ParameterValue": "0", "ParameterKey": "Subnet4AzNum"}, {"ParameterValue": "PUB3-AZ3", "ParameterKey": "Subnet3Name"}, {"ParameterValue": "2", "ParameterKey": "Subnet7AzNum"}, {"ParameterValue": "10.233.75.0/25", "ParameterKey": "Subnet7CidrBlock"}, {"ParameterValue": "PRI4-AZ1", "ParameterKey": "Subnet8Name"}, {"ParameterValue": "10.233.74.128/25", "ParameterKey": "Subnet6CidrBlock"}, {"ParameterValue": "0", "ParameterKey": "Subnet1AzNum"}, {"ParameterValue": "PUB4-AZ1", "ParameterKey": "Subnet4Name"}, {"ParameterValue": "10.233.73.0/25", "ParameterKey": "Subnet3CidrBlock"}, {"ParameterValue": "PUB1-AZ1", "ParameterKey": "Subnet1Name"}, {"ParameterValue": "2", "ParameterKey": "Subnet3AzNum"}, {"ParameterValue": "PRI6-AZ1", "ParameterKey": "Subnet9Name"}], "Tags": [], "Outputs": [{"Description": "Subnet ID for Subnet1", "OutputKey": "SubnetID1PUB", "OutputValue": "subnet-011654cbd06480e6a"}, {"Description": "Subnet ID for Subnet8", "OutputKey": "SubnetID8PRI", "OutputValue": "subnet-0270d9dd401f3c7ee"}, {"Description": "Subnet ID for Subnet4", "OutputKey": "SubnetID4PUB", "OutputValue": "subnet-040cd0db0de0f40bb"}, {"Description": "Subnet ID for Subnet2", "OutputKey": "SubnetID2PUB", "OutputValue": "subnet-06f0e93db7902b3fb"}, {"Description": "Subnet ID for Subnet3", "OutputKey": "SubnetID3PUB", "OutputValue": "subnet-0b6d68599591570ec"}, {"Description": "Subnet ID for Subnet5", "OutputKey": "SubnetID5PRI", "OutputValue": "subnet-03da7c3b78d2da7ad"}, {"Description": "Subnet ID for Subnet6", "OutputKey": "SubnetID6PRI", "OutputValue": "subnet-006149bc560fc8ecb"}, {"Description": "Subnet ID for Subnet7", "OutputKey": "SubnetID7PRI", "OutputValue": "subnet-0262c354b7e7875db"}], "CreationTime": "2020-03-10T15:34:42.545000+00:00", "StackName": "SharedServices-VPC", "NotificationARNs": [], "StackStatus": "CREATE_COMPLETE", "DisableRollback": false, "RollbackConfiguration": {}}, {"StackId": "arn:aws:cloudformation:us-east-2:043898046743:stack/Compliance-Engine-Benchmark-DO-NOT-DELETE/140c1470-62da-11ea-bf6d-0247ef85be9c", "DriftInformation": {"StackDriftStatus": "NOT_CHECKED"}, "Description": "AWS CloudFormation template to create custom AWS Config rules. You will be billed for the AWS resources used if you create a stack from this template.", "Parameters": [{"ParameterValue": "", "ParameterKey": "VPCSGOPENONLYTOAUTHORIZEDPORTSauthorizedUdpPorts"}, {"ParameterValue": "60", "ParameterKey": "AMIOUTDATEDCHECKNumberOfDays"}, {"ParameterValue": "", "ParameterKey": "ELBLOGGINGENABLEDs3BucketName"}, {"ParameterValue": "", "ParameterKey": "MULTIREGIONCLOUDTRAILENABLEDsnsTopicArn"}, {"ParameterValue": "", "ParameterKey": "MULTIREGIONCLOUDTRAILENABLEDcloudWatchLogsLogGroupArn"}, {"ParameterValue": "", "ParameterKey": "DBINSTANCEBACKUPENABLEDcheckReadReplicas"}, {"ParameterValue": "", "ParameterKey": "MULTIREGIONCLOUDTRAILENABLEDincludeManagementEvents"}, {"ParameterValue": "", "ParameterKey": "EC2VOLUMEINUSECHECKdeleteOnTermination"}, {"ParameterValue": "", "ParameterKey": "S3BUCKETVERSIONINGENABLEDisMfaDeleteEnabled"}, {"ParameterValue": "204870073141", "ParameterKey": "LambdaAccountId"}, {"ParameterValue": "", "ParameterKey": "EBSENCRYPTEDVOLUMESV2SubnetExceptionList"}, {"ParameterValue": "", "ParameterKey": "DBINSTANCEBACKUPENABLEDpreferredBackupWindow"}, {"ParameterValue": "", "ParameterKey": "AMIOUTDATEDCHECKWhitelistedInstances"}, {"ParameterValue": "", "ParameterKey": "ACMCERTIFICATEEXPIRATIONCHECKdaysToExpiration"}, {"ParameterValue": "", "ParameterKey": "MULTIREGIONCLOUDTRAILENABLEDs3BucketName"}, {"ParameterValue": "", "ParameterKey": "MULTIREGIONCLOUDTRAILENABLEDreadWriteType"}, {"ParameterValue": "443", "ParameterKey": "VPCSGOPENONLYTOAUTHORIZEDPORTSauthorizedTcpPorts"}, {"ParameterValue": "", "ParameterKey": "RDSSTORAGEENCRYPTEDkmsKeyId"}, {"ParameterValue": "", "ParameterKey": "EBSENCRYPTEDVOLUMESV2VolumeExceptionList"}, {"ParameterValue": "", "ParameterKey": "AMIOUTDATEDCHECKWhitelistedAmis"}, {"ParameterValue": "", "ParameterKey": "DBINSTANCEBACKUPENABLEDbackupRetentionPeriod"}, {"ParameterValue": "carrier.com", "ParameterKey": "SNSTOPICEMAILSUBINDOMAINSdomainNames"}], "Tags": [], "CreationTime": "2020-03-10T14:18:56.727000+00:00", "Capabilities": ["CAPABILITY_NAMED_IAM"], "StackName": "Compliance-Engine-Benchmark-DO-NOT-DELETE", "NotificationARNs": [], "StackStatus": "UPDATE_COMPLETE", "DisableRollback": false, "RollbackConfiguration": {}, "LastUpdatedTime": "2020-05-05T23:35:23.496000+00:00"}, {"StackId": "arn:aws:cloudformation:us-east-2:043898046743:stack/StackSet-AWS-Landing-Zone-Baseline-EnableConfigRules-336dac12-578f-4fc8-ba45-6ffab5203068/e87ec860-3fa8-11ea-b4f6-0a0a04c5437c", "DriftInformation": {"StackDriftStatus": "NOT_CHECKED"}, "Description": "Enables an AWS Landing Zone account baseline AWS Config rules.", "Parameters": [{"ParameterValue": "false", "ParameterKey": "EnableRdsEncryptionRule"}, {"ParameterValue": "false", "ParameterKey": "EnableS3PublicWriteRule"}, {"ParameterValue": "", "ParameterKey": "KMSId"}, {"ParameterValue": "TwentyFour_Hours", "ParameterKey": "MaximumExecutionFrequency"}, {"ParameterValue": "false", "ParameterKey": "EnableEncryptedVolumesRule"}, {"ParameterValue": "false", "ParameterKey": "EnableRestrictedCommonPortsRule"}, {"ParameterValue": "4333", "ParameterKey": "blockedPort5"}, {"ParameterValue": "false", "ParameterKey": "EnableS3PublicReadRule"}, {"ParameterValue": "3389", "ParameterKey": "blockedPort3"}, {"ParameterValue": "3306", "ParameterKey": "blockedPort4"}, {"ParameterValue": "20", "ParameterKey": "blockedPort1"}, {"ParameterValue": "21", "ParameterKey": "blockedPort2"}, {"ParameterValue": "false", "ParameterKey": "EnableS3ServerSideEncryptionRule"}, {"ParameterValue": "false", "ParameterKey": "EnableRestrictedSshRule"}], "Tags": [{"Value": "LandingZoneStackSet", "Key": "AWS_Solutions"}, {"Value": "AMSInfrastructure", "Key": "AppId"}, {"Value": "AMSInfrastructure", "Key": "Environment"}, {"Value": "LandingZoneStackSet", "Key": "TemplateId"}, {"Value": "AMSInfrastructure", "Key": "AppName"}], "CreationTime": "2020-01-25T19:28:47.699000+00:00", "Capabilities": ["CAPABILITY_IAM", "CAPABILITY_NAMED_IAM"], "StackName": "StackSet-AWS-Landing-Zone-Baseline-EnableConfigRules-336dac12-578f-4fc8-ba45-6ffab5203068", "NotificationARNs": ["arn:aws:sns:us-east-2:461081853313:StackSet-AWS-Landing-Zone-Baseline-EnableConfigRules-336dac12-578f-4fc8-ba45-6ffab5203068"], "StackStatus": "UPDATE_COMPLETE", "DisableRollback": false, "RollbackConfiguration": {}, "LastUpdatedTime": "2020-01-27T20:47:05.310000+00:00"}, {"StackId": "arn:aws:cloudformation:us-east-2:043898046743:stack/StackSet-AWS-Landing-Zone-Baseline-EnableConfig-a850976b-4e4f-40bb-a482-126f5fa8692e/c3711d80-3fa7-11ea-b686-060a435a9e52", "DriftInformation": {"StackDriftStatus": "NOT_CHECKED"}, "Description": "Enable AWS Config,", "Parameters": [{"ParameterValue": "true", "ParameterKey": "IncludeGlobalResourceTypes"}, {"ParameterValue": "AWS::CloudTrail::Trail", "ParameterKey": "ResourceTypes"}, {"ParameterValue": "LZNotify", "ParameterKey": "NotifyDisplayName"}, {"ParameterValue": "arn:aws:sns:ap-northeast-1:478999156681:AWS-Landing-Zone-All-Config-Notifications", "ParameterKey": "TopicArn"}, {"ParameterValue": "Landing-Zone-Delivery-Channel", "ParameterKey": "DeliveryChannelName"}, {"ParameterValue": "14", "ParameterKey": "LogsRetentionInDays"}, {"ParameterValue": "aws-landing-zone-logs-031247562193-us-east-1", "ParameterKey": "BucketName"}, {"ParameterValue": "true", "ParameterKey": "EnableConfigRuleComplianceChangeAlarm"}, {"ParameterValue": "arn:aws:sns:ap-northeast-1:478999156681:AWS-Landing-Zone-Aggregate-Security-Notifications", "ParameterKey": "SecurityNotificationTopicArn"}, {"ParameterValue": "24hours", "ParameterKey": "Frequency"}, {"ParameterValue": "AWS-Landing-Zone-Security-Notification", "ParameterKey": "NotifyTopicName"}, {"ParameterValue": "true", "ParameterKey": "AllSupported"}, {"ParameterValue": "o-8baopjpjb4", "ParameterKey": "AWSLogsS3KeyPrefix"}], "Tags": [{"Value": "LandingZoneStackSet", "Key": "AWS_Solutions"}, {"Value": "AMSInfrastructure", "Key": "AppId"}, {"Value": "AMSInfrastructure", "Key": "Environment"}, {"Value": "LandingZoneStackSet", "Key": "TemplateId"}, {"Value": "AMSInfrastructure", "Key": "AppName"}], "CreationTime": "2020-01-25T19:20:36.180000+00:00", "Capabilities": ["CAPABILITY_NAMED_IAM"], "StackName": "StackSet-AWS-Landing-Zone-Baseline-EnableConfig-a850976b-4e4f-40bb-a482-126f5fa8692e", "NotificationARNs": ["arn:aws:sns:us-east-2:461081853313:StackSet-AWS-Landing-Zone-Baseline-EnableConfig-a850976b-4e4f-40bb-a482-126f5fa8692e"], "StackStatus": "UPDATE_COMPLETE", "DisableRollback": false, "RollbackConfiguration": {}, "LastUpdatedTime": "2020-03-27T16:17:28.324000+00:00"}], "ResponseMetadata": {"RetryAttempts": 0, "HTTPStatusCode": 200, "RequestId": "c63fd358-4628-4cdb-ba6d-b94fb25a7034", "HTTPHeaders": {"x-amzn-requestid": "c63fd358-4628-4cdb-ba6d-b94fb25a7034", "content-type": "text/xml", "content-length": "71893", "vary": "accept-encoding", "date": "Tue, 19 May 2020 15:18:12 GMT"}}}}