{"region": "us-east-2", "operation": "ListTrails", "service": "cloudtrail", "response": {"Trails": [{"TrailARN": "arn:aws:cloudtrail:us-east-1:043898046743:trail/AWS-Landing-Zone-BaselineCloudTrail", "Name": "AWS-Landing-Zone-BaselineCloudTrail", "HomeRegion": "us-east-1"}], "ResponseMetadata": {"RetryAttempts": 0, "HTTPStatusCode": 200, "RequestId": "dd74de9c-6a43-41a1-96a0-ae3167014305", "HTTPHeaders": {"x-amzn-requestid": "dd74de9c-6a43-41a1-96a0-ae3167014305", "date": "Tue, 19 May 2020 15:19:33 GMT", "content-length": "181", "content-type": "application/x-amz-json-1.1"}}}}