{"region": "ap-east-1", "operation": "ListTrails", "service": "cloudtrail", "response": {"Trails": [{"TrailARN": "arn:aws:cloudtrail:us-east-1:043898046743:trail/AWS-Landing-Zone-BaselineCloudTrail", "Name": "AWS-Landing-Zone-BaselineCloudTrail", "HomeRegion": "us-east-1"}], "ResponseMetadata": {"RetryAttempts": 0, "HTTPStatusCode": 200, "RequestId": "c7841099-2b41-4a0a-bf18-7808095f76b2", "HTTPHeaders": {"x-amzn-requestid": "c7841099-2b41-4a0a-bf18-7808095f76b2", "date": "Tue, 19 May 2020 15:20:09 GMT", "content-length": "181", "content-type": "application/x-amz-json-1.1"}}}}