{"region": "us-west-2", "operation": "ListTrails", "service": "cloudtrail", "response": {"Trails": [{"TrailARN": "arn:aws:cloudtrail:us-east-1:043898046743:trail/AWS-Landing-Zone-BaselineCloudTrail", "Name": "AWS-Landing-Zone-BaselineCloudTrail", "HomeRegion": "us-east-1"}], "ResponseMetadata": {"RetryAttempts": 0, "HTTPStatusCode": 200, "RequestId": "3b4355f0-3b09-48bc-917e-6b2b59483b74", "HTTPHeaders": {"x-amzn-requestid": "3b4355f0-3b09-48bc-917e-6b2b59483b74", "date": "Tue, 19 May 2020 15:17:56 GMT", "content-length": "181", "content-type": "application/x-amz-json-1.1"}}}}