{"region": "eu-central-1", "operation": "ListTrails", "service": "cloudtrail", "response": {"Trails": [{"TrailARN": "arn:aws:cloudtrail:us-east-1:043898046743:trail/AWS-Landing-Zone-BaselineCloudTrail", "Name": "AWS-Landing-Zone-BaselineCloudTrail", "HomeRegion": "us-east-1"}], "ResponseMetadata": {"RetryAttempts": 0, "HTTPStatusCode": 200, "RequestId": "8b881597-2f31-4c89-b151-8cf5ad2c85dd", "HTTPHeaders": {"x-amzn-requestid": "8b881597-2f31-4c89-b151-8cf5ad2c85dd", "date": "Tue, 19 May 2020 15:20:19 GMT", "content-length": "181", "content-type": "application/x-amz-json-1.1"}}}}