{"region": "ap-south-1", "operation": "ListTrails", "service": "cloudtrail", "response": {"Trails": [{"TrailARN": "arn:aws:cloudtrail:us-east-1:043898046743:trail/AWS-Landing-Zone-BaselineCloudTrail", "Name": "AWS-Landing-Zone-BaselineCloudTrail", "HomeRegion": "us-east-1"}], "ResponseMetadata": {"RetryAttempts": 0, "HTTPStatusCode": 200, "RequestId": "0781bc5f-ac05-4ceb-8568-da41e32a720c", "HTTPHeaders": {"x-amzn-requestid": "0781bc5f-ac05-4ceb-8568-da41e32a720c", "date": "Tue, 19 May 2020 15:19:59 GMT", "content-length": "181", "content-type": "application/x-amz-json-1.1"}}}}