{"region": "eu-central-1", "operation": "ListStacks", "service": "cloudformation", "response": {"StackSummaries": [{"StackId": "arn:aws:cloudformation:eu-central-1:043898046743:stack/csf-prod-security-remediate-kms-custom-cmk-key-rotation/5a390b10-7ffe-11ea-82c0-0ac5bdeb388c", "DriftInformation": {"StackDriftStatus": "NOT_CHECKED"}, "TemplateDescription": "Remediation for KMS Key rotation being disabled", "CreationTime": "2020-04-16T16:21:40.171000+00:00", "StackName": "csf-prod-security-remediate-kms-custom-cmk-key-rotation", "StackStatus": "CREATE_COMPLETE"}, {"StackId": "arn:aws:cloudformation:eu-central-1:043898046743:stack/csf-prod-security-remediate-security-group-ingress-rdp/5a2e83c0-7ffe-11ea-a9df-06a85d409ac4", "DriftInformation": {"StackDriftStatus": "NOT_CHECKED"}, "TemplateDescription": "Remediation for RDP ingress open ports", "CreationTime": "2020-04-16T16:21:40.102000+00:00", "StackName": "csf-prod-security-remediate-security-group-ingress-rdp", "StackStatus": "CREATE_COMPLETE"}, {"StackId": "arn:aws:cloudformation:eu-central-1:043898046743:stack/csf-prod-security-remediate-iam-admin-policies/5a2ef8f0-7ffe-11ea-bfc3-02946ff1a870", "DriftInformation": {"StackDriftStatus": "NOT_CHECKED"}, "TemplateDescription": "Remediation for IAM Policies with Admin access", "CreationTime": "2020-04-16T16:21:40.097000+00:00", "StackName": "csf-prod-security-remediate-iam-admin-policies", "StackStatus": "CREATE_COMPLETE"}, {"StackId": "arn:aws:cloudformation:eu-central-1:043898046743:stack/csf-prod-security-remediate-database-exposed-in-public-subnet/5a22c3f0-7ffe-11ea-a4c6-0a0c9a06689c", "DriftInformation": {"StackDriftStatus": "NOT_CHECKED"}, "TemplateDescription": "Remediation for Databases Exposed in Public Subnets", "CreationTime": "2020-04-16T16:21:40.078000+00:00", "StackName": "csf-prod-security-remediate-database-exposed-in-public-subnet", "StackStatus": "CREATE_COMPLETE"}, {"StackId": "arn:aws:cloudformation:eu-central-1:043898046743:stack/csf-prod-security-remediate-s3-bucket-access-logging/5a20a110-7ffe-11ea-a65d-0a3f04c080ce", "DriftInformation": {"StackDriftStatus": "NOT_CHECKED"}, "TemplateDescription": "Remediation S3 Bucket Access Log Enabling", "CreationTime": "2020-04-16T16:21:40.076000+00:00", "StackName": "csf-prod-security-remediate-s3-bucket-access-logging", "StackStatus": "CREATE_COMPLETE"}, {"StackId": "arn:aws:cloudformation:eu-central-1:043898046743:stack/csf-prod-security-remediate-s3-bucket-read-write-public-access/5a22c3f0-7ffe-11ea-9d2e-06dd2d585442", "DriftInformation": {"StackDriftStatus": "NOT_CHECKED"}, "TemplateDescription": "Remediation for S3 Bucket Public Read Write Accesss", "CreationTime": "2020-04-16T16:21:40.038000+00:00", "StackName": "csf-prod-security-remediate-s3-bucket-read-write-public-access", "StackStatus": "CREATE_COMPLETE"}, {"StackId": "arn:aws:cloudformation:eu-central-1:043898046743:stack/csf-prod-security-remediate-cloudtrail-without-log-group/5a17c770-7ffe-11ea-b268-0647b6afc3d8", "DriftInformation": {"StackDriftStatus": "NOT_CHECKED"}, "TemplateDescription": "Remediation for a Cloudtrail not bound to a Cloudwatch log group", "CreationTime": "2020-04-16T16:21:39.951000+00:00", "StackName": "csf-prod-security-remediate-cloudtrail-without-log-group", "StackStatus": "CREATE_COMPLETE"}, {"StackId": "arn:aws:cloudformation:eu-central-1:043898046743:stack/csf-prod-security-remediate-s3-ssl-requests-only/5a0b1d40-7ffe-11ea-9d2e-06dd2d585442", "DriftInformation": {"StackDriftStatus": "NOT_CHECKED"}, "TemplateDescription": "Remediation for S3 buckets requiring SSL only requests", "CreationTime": "2020-04-16T16:21:39.868000+00:00", "StackName": "csf-prod-security-remediate-s3-ssl-requests-only", "StackStatus": "CREATE_COMPLETE"}, {"StackId": "arn:aws:cloudformation:eu-central-1:043898046743:stack/csf-prod-security-remediate-cloudtrail-without-organization/5a066250-7ffe-11ea-8d1e-0a233b5d9d4c", "DriftInformation": {"StackDriftStatus": "NOT_CHECKED"}, "TemplateDescription": "Remediation for a Cloudtrail not bound to the organization", "CreationTime": "2020-04-16T16:21:39.861000+00:00", "StackName": "csf-prod-security-remediate-cloudtrail-without-organization", "StackStatus": "CREATE_COMPLETE"}, {"StackId": "arn:aws:cloudformation:eu-central-1:043898046743:stack/csf-prod-security-remediate-password-policy/5a085e20-7ffe-11ea-a132-02b8022d5b40", "DriftInformation": {"StackDriftStatus": "NOT_CHECKED"}, "TemplateDescription": "Remediation for Password Policy", "CreationTime": "2020-04-16T16:21:39.852000+00:00", "StackName": "csf-prod-security-remediate-password-policy", "StackStatus": "CREATE_COMPLETE"}, {"StackId": "arn:aws:cloudformation:eu-central-1:043898046743:stack/csf-prod-security-remediate-iam-user-console-access-no-mfa/5a06fe90-7ffe-11ea-9194-0a64b3109ac6", "DriftInformation": {"StackDriftStatus": "NOT_CHECKED"}, "TemplateDescription": "Remediation for IAM Users with Console Access and NO MFA Enabled", "CreationTime": "2020-04-16T16:21:39.836000+00:00", "StackName": "csf-prod-security-remediate-iam-user-console-access-no-mfa", "StackStatus": "CREATE_COMPLETE"}, {"StackId": "arn:aws:cloudformation:eu-central-1:043898046743:stack/csf-prod-security-remediate-vpc-default-security-group/59fcec70-7ffe-11ea-8d1e-0a233b5d9d4c", "DriftInformation": {"StackDriftStatus": "NOT_CHECKED"}, "TemplateDescription": "Remediation for VPC default SG having any open ports", "CreationTime": "2020-04-16T16:21:39.806000+00:00", "StackName": "csf-prod-security-remediate-vpc-default-security-group", "StackStatus": "CREATE_COMPLETE"}, {"StackId": "arn:aws:cloudformation:eu-central-1:043898046743:stack/csf-prod-security-remediate-s3-bucket-server-side-encryption/5a0306f0-7ffe-11ea-9ae5-02205d104246", "DriftInformation": {"StackDriftStatus": "NOT_CHECKED"}, "TemplateDescription": "Remediation for S3 bucket SSE", "CreationTime": "2020-04-16T16:21:39.806000+00:00", "StackName": "csf-prod-security-remediate-s3-bucket-server-side-encryption", "StackStatus": "CREATE_COMPLETE"}, {"StackId": "arn:aws:cloudformation:eu-central-1:043898046743:stack/csf-prod-security-remediate-disabled-cloudtrail/59f96a00-7ffe-11ea-b849-0a0e69a2b94e", "DriftInformation": {"StackDriftStatus": "NOT_CHECKED"}, "TemplateDescription": "Remediation for Disabled Cloudtrails", "CreationTime": "2020-04-16T16:21:39.752000+00:00", "StackName": "csf-prod-security-remediate-disabled-cloudtrail", "StackStatus": "CREATE_COMPLETE"}, {"StackId": "arn:aws:cloudformation:eu-central-1:043898046743:stack/csf-prod-security-remediate-managed-policies-attached-to-users/59f10590-7ffe-11ea-a2eb-06d8413a1460", "DriftInformation": {"StackDriftStatus": "NOT_CHECKED"}, "TemplateDescription": "Remediation for Managed Policies Attached to Users", "CreationTime": "2020-04-16T16:21:39.725000+00:00", "StackName": "csf-prod-security-remediate-managed-policies-attached-to-users", "StackStatus": "CREATE_COMPLETE"}, {"StackId": "arn:aws:cloudformation:eu-central-1:043898046743:stack/csf-prod-security-remediate-unvalidated-cloudtrail-logging/59f0de80-7ffe-11ea-97bd-069442661d72", "DriftInformation": {"StackDriftStatus": "NOT_CHECKED"}, "TemplateDescription": "Remediation for unvalidated Cloudtrail logfiles", "CreationTime": "2020-04-16T16:21:39.713000+00:00", "StackName": "csf-prod-security-remediate-unvalidated-cloudtrail-logging", "StackStatus": "CREATE_COMPLETE"}, {"StackId": "arn:aws:cloudformation:eu-central-1:043898046743:stack/csf-prod-security-remediate-security-group-ingress-ssh/59edaa30-7ffe-11ea-9194-0a64b3109ac6", "DriftInformation": {"StackDriftStatus": "NOT_CHECKED"}, "TemplateDescription": "Remediation for SSH ingress open ports", "CreationTime": "2020-04-16T16:21:39.679000+00:00", "StackName": "csf-prod-security-remediate-security-group-ingress-ssh", "StackStatus": "CREATE_COMPLETE"}, {"StackId": "arn:aws:cloudformation:eu-central-1:043898046743:stack/csf-prod-security-remediate-unused-iam-cred/59db0c90-7ffe-11ea-962b-06bc90058f1a", "DriftInformation": {"StackDriftStatus": "NOT_CHECKED"}, "TemplateDescription": "Remediation for Unused IAM Credentials", "CreationTime": "2020-04-16T16:21:39.561000+00:00", "StackName": "csf-prod-security-remediate-unused-iam-cred", "StackStatus": "CREATE_COMPLETE"}, {"StackId": "arn:aws:cloudformation:eu-central-1:043898046743:stack/csf-prod-security-remediate-iam-key-rotation/59a57da0-7ffe-11ea-9ae5-02205d104246", "DriftInformation": {"StackDriftStatus": "NOT_CHECKED"}, "TemplateDescription": "Remediation for Unused IAM Credentials", "CreationTime": "2020-04-16T16:21:39.196000+00:00", "StackName": "csf-prod-security-remediate-iam-key-rotation", "StackStatus": "CREATE_COMPLETE"}, {"StackId": "arn:aws:cloudformation:eu-central-1:043898046743:stack/csf-prod-security-remediate-vpc-flow-log-enable/59899130-7ffe-11ea-bfc3-02946ff1a870", "DriftInformation": {"StackDriftStatus": "NOT_CHECKED"}, "TemplateDescription": "Remediation for VPC Flow Log Enable", "CreationTime": "2020-04-16T16:21:39.047000+00:00", "StackName": "csf-prod-security-remediate-vpc-flow-log-enable", "StackStatus": "CREATE_COMPLETE"}, {"StackId": "arn:aws:cloudformation:eu-central-1:043898046743:stack/csf-prod-security-remediate-unencrypted-cloudtrail/59567340-7ffe-11ea-9e96-064768627800", "DriftInformation": {"StackDriftStatus": "NOT_CHECKED"}, "TemplateDescription": "Remediation for Unencrypted Cloudtrail logfiles", "CreationTime": "2020-04-16T16:21:38.695000+00:00", "StackName": "csf-prod-security-remediate-unencrypted-cloudtrail", "StackStatus": "CREATE_COMPLETE"}, {"StackId": "arn:aws:cloudformation:eu-central-1:043898046743:stack/csf-prod-security-custom-config-rules/30766e30-7ffe-11ea-b373-029363dcbd8e", "DriftInformation": {"StackDriftStatus": "NOT_CHECKED"}, "TemplateDescription": "AWS Config custom rules.", "CreationTime": "2020-04-16T16:20:30.109000+00:00", "StackName": "csf-prod-security-custom-config-rules", "StackStatus": "CREATE_COMPLETE"}, {"StackId": "arn:aws:cloudformation:eu-central-1:043898046743:stack/StackSet-LambdaEncryptedAmiCopy-af95a040-2ef3-4436-aaaa-e91600a5a8ae/a6710b40-7829-11ea-9d73-02310af8dee8", "DriftInformation": {"StackDriftStatus": "NOT_CHECKED"}, "TemplateDescription": "Creates lambda function to encrypt AMIs from Image Builder", "CreationTime": "2020-04-06T17:11:27.106000+00:00", "StackName": "StackSet-LambdaEncryptedAmiCopy-af95a040-2ef3-4436-aaaa-e91600a5a8ae", "StackStatus": "CREATE_COMPLETE"}, {"StackId": "arn:aws:cloudformation:eu-central-1:043898046743:stack/StackSet-AWS-Landing-Zone-Baseline-CloudWatchRules-a226a802-faf5-46aa-bbab-eb2e78ed4b24/d9bc9cc0-709b-11ea-8f3a-0239ee1f6632", "StackName": "StackSet-AWS-Landing-Zone-Baseline-CloudWatchRules-a226a802-faf5-46aa-bbab-eb2e78ed4b24", "CreationTime": "2020-03-28T02:28:46.525000+00:00", "StackStatus": "CREATE_COMPLETE", "DriftInformation": {"StackDriftStatus": "NOT_CHECKED"}}, {"StackId": "arn:aws:cloudformation:eu-central-1:043898046743:stack/StackSet-Compliance-as-code-874678d3-85d2-4b71-b194-4f4ad0a5a210/c93d2200-66fc-11ea-a33d-0a58cd169056", "LastUpdatedTime": "2020-03-18T21:03:59.098000+00:00", "TemplateDescription": "Initialize the Compliance-as-Code oversight in this Application Account", "CreationTime": "2020-03-15T20:37:28.466000+00:00", "StackName": "StackSet-Compliance-as-code-874678d3-85d2-4b71-b194-4f4ad0a5a210", "StackStatus": "UPDATE_COMPLETE", "DriftInformation": {"StackDriftStatus": "NOT_CHECKED"}}, {"StackId": "arn:aws:cloudformation:eu-central-1:043898046743:stack/Compliance-Engine-Benchmark-DO-NOT-DELETE/43b0c510-5f1d-11ea-8468-06516a35da16", "LastUpdatedTime": "2020-05-05T23:36:01.640000+00:00", "TemplateDescription": "AWS CloudFormation template to create custom AWS Config rules. You will be billed for the AWS resources used if you create a stack from this template.", "CreationTime": "2020-03-05T20:09:48.297000+00:00", "StackName": "Compliance-Engine-Benchmark-DO-NOT-DELETE", "StackStatus": "UPDATE_COMPLETE", "DriftInformation": {"StackDriftStatus": "NOT_CHECKED"}}, {"StackId": "arn:aws:cloudformation:eu-central-1:043898046743:stack/StackSet-AWS-Landing-Zone-Baseline-EnableConfigRules-6a80fbe0-69d6-4a86-b80e-a7326eafd08a/b4b0e950-3fa8-11ea-93e8-02165db3bfb6", "LastUpdatedTime": "2020-01-27T21:00:09.014000+00:00", "TemplateDescription": "Enables an AWS Landing Zone account baseline AWS Config rules.", "CreationTime": "2020-01-25T19:27:20.782000+00:00", "StackName": "StackSet-AWS-Landing-Zone-Baseline-EnableConfigRules-6a80fbe0-69d6-4a86-b80e-a7326eafd08a", "StackStatus": "UPDATE_COMPLETE", "DriftInformation": {"StackDriftStatus": "NOT_CHECKED"}}, {"StackId": "arn:aws:cloudformation:eu-central-1:043898046743:stack/StackSet-AWS-Landing-Zone-Baseline-EnableConfig-94ff5dcf-2105-44a3-b93f-3f02b12673ca/74b7e030-3fa6-11ea-a2bb-0222edd00d60", "LastUpdatedTime": "2020-03-27T16:15:49.104000+00:00", "TemplateDescription": "Enable AWS Config,", "CreationTime": "2020-01-25T19:11:14.753000+00:00", "StackName": "StackSet-AWS-Landing-Zone-Baseline-EnableConfig-94ff5dcf-2105-44a3-b93f-3f02b12673ca", "StackStatus": "UPDATE_COMPLETE", "DriftInformation": {"StackDriftStatus": "NOT_CHECKED"}}], "ResponseMetadata": {"RetryAttempts": 0, "HTTPStatusCode": 200, "RequestId": "d39f33a7-b364-442f-ae29-7c35880e4dc2", "HTTPHeaders": {"x-amzn-requestid": "d39f33a7-b364-442f-ae29-7c35880e4dc2", "content-type": "text/xml", "content-length": "17956", "vary": "accept-encoding", "date": "Tue, 19 May 2020 15:18:23 GMT"}}}}