{"region": "us-east-1", "operation": "ListRepositories", "service": "codecommit", "response": {"repositories": [{"repositoryName": "infrastructure-foundation", "repositoryId": "fec0918e-3fda-4774-9599-50c4cf1856a6"}], "ResponseMetadata": {"RetryAttempts": 0, "HTTPStatusCode": 200, "RequestId": "54d704ca-4b06-47b7-b335-c76e5730b934", "HTTPHeaders": {"x-amzn-requestid": "54d704ca-4b06-47b7-b335-c76e5730b934", "date": "Tue, 19 May 2020 15:18:05 GMT", "content-length": "119", "content-type": "application/x-amz-json-1.1"}}}}