{"region": "us-east-1", "operation": "ListUserPools", "service": "cognito-idp", "response": {"UserPools": [{"CreationDate": "2020-03-17T21:13:54.922000+00:00", "LastModifiedDate": "2020-03-17T21:13:54.922000+00:00", "LambdaConfig": {}, "Id": "us-east-1_PIosq0aHm", "Name": "migration-factory-test-MigrationFactory"}], "ResponseMetadata": {"RetryAttempts": 0, "HTTPStatusCode": 200, "RequestId": "8bd73894-fb69-4115-bdc0-96e423d8fd3b", "HTTPHeaders": {"date": "Tue, 19 May 2020 15:18:20 GMT", "x-amzn-requestid": "8bd73894-fb69-4115-bdc0-96e423d8fd3b", "content-length": "179", "content-type": "application/x-amz-json-1.1", "connection": "keep-alive"}}}}