{"region": "ap-east-1", "operation": "DescribeDeliveryChannelStatus", "service": "config", "response": {"DeliveryChannelsStatus": [{"configStreamDeliveryInfo": {"lastStatusChangeTime": "2020-05-19T14:50:45.069000+00:00", "lastStatus": "NOT_APPLICABLE"}, "configHistoryDeliveryInfo": {"lastSuccessfulTime": "2020-05-19T11:06:28.366000+00:00", "lastStatus": "SUCCESS", "lastAttemptTime": "2020-05-19T11:06:28.366000+00:00"}, "configSnapshotDeliveryInfo": {"nextDeliveryTime": "2020-05-19T16:38:21.037000+00:00", "lastSuccessfulTime": "2020-05-18T16:38:30.951000+00:00", "lastStatus": "SUCCESS", "lastAttemptTime": "2020-05-18T16:38:30.951000+00:00"}, "name": "config-s3-delivery"}], "ResponseMetadata": {"RetryAttempts": 0, "HTTPStatusCode": 200, "RequestId": "2799fa35-8b98-429e-9ea1-a225413edd77", "HTTPHeaders": {"x-amzn-requestid": "2799fa35-8b98-429e-9ea1-a225413edd77", "date": "Tue, 19 May 2020 15:18:51 GMT", "content-length": "446", "strict-transport-security": "max-age=86400", "content-type": "application/x-amz-json-1.1"}}}}