{"region": "ap-southeast-1", "operation": "DescribeConfigurationRecorders", "service": "config", "response": {"ConfigurationRecorders": [{"recordingGroup": {"allSupported": true, "resourceTypes": [], "includeGlobalResourceTypes": true}, "roleARN": "arn:aws:iam::043898046743:role/service-role/AWSConfigAndComplianceAuditRole-DO-NOT-DELETE", "name": "AWS-Landing-Zone-BaselineConfigRecorder"}], "ResponseMetadata": {"RetryAttempts": 0, "HTTPStatusCode": 200, "RequestId": "2295670c-4eba-4123-9c47-ff01dcda210d", "HTTPHeaders": {"x-amzn-requestid": "2295670c-4eba-4123-9c47-ff01dcda210d", "date": "Tue, 19 May 2020 15:19:07 GMT", "content-length": "273", "strict-transport-security": "max-age=86400", "content-type": "application/x-amz-json-1.1"}}}}