{"region": "ap-east-1", "operation": "DescribeConfigurationRecorders", "service": "config", "response": {"ConfigurationRecorders": [{"recordingGroup": {"allSupported": true, "resourceTypes": [], "includeGlobalResourceTypes": true}, "roleARN": "arn:aws:iam::043898046743:role/service-role/AWSConfigAndComplianceAuditRole-DO-NOT-DELETE", "name": "default"}], "ResponseMetadata": {"RetryAttempts": 0, "HTTPStatusCode": 200, "RequestId": "b12b4351-6ad3-46ff-842f-0486fc5bd009", "HTTPHeaders": {"x-amzn-requestid": "b12b4351-6ad3-46ff-842f-0486fc5bd009", "date": "Tue, 19 May 2020 15:18:21 GMT", "content-length": "241", "strict-transport-security": "max-age=86400", "content-type": "application/x-amz-json-1.1"}}}}