{"region": "us-east-2", "operation": "DescribeDeliveryChannels", "service": "config", "response": {"DeliveryChannels": [{"s3KeyPrefix": "o-8baopjpjb4", "configSnapshotDeliveryProperties": {"deliveryFrequency": "TwentyFour_Hours"}, "snsTopicARN": "arn:aws:sns:us-east-2:478999156681:AWS-Landing-Zone-All-Config-Notifications", "name": "Landing-Zone-Delivery-Channel", "s3BucketName": "aws-landing-zone-logs-031247562193-us-east-1"}], "ResponseMetadata": {"RetryAttempts": 0, "HTTPStatusCode": 200, "RequestId": "af1aa5be-ee2c-4d49-b094-71c3cfcc5b77", "HTTPHeaders": {"x-amzn-requestid": "af1aa5be-ee2c-4d49-b094-71c3cfcc5b77", "date": "Tue, 19 May 2020 15:20:05 GMT", "content-length": "323", "strict-transport-security": "max-age=86400", "content-type": "application/x-amz-json-1.1"}}}}