{"region": "ap-southeast-1", "operation": "DescribeConfigurationRecorderStatus", "service": "config", "response": {"ConfigurationRecordersStatus": [{"recording": true, "lastStatusChangeTime": "2020-05-19T13:18:06.002000+00:00", "lastStartTime": "2020-01-25T19:06:50.982000+00:00", "lastStatus": "SUCCESS", "name": "AWS-Landing-Zone-BaselineConfigRecorder"}], "ResponseMetadata": {"RetryAttempts": 0, "HTTPStatusCode": 200, "RequestId": "ecbf7b9a-c0f8-4e7b-8db3-859f4b251c4e", "HTTPHeaders": {"x-amzn-requestid": "ecbf7b9a-c0f8-4e7b-8db3-859f4b251c4e", "date": "Tue, 19 May 2020 15:18:23 GMT", "content-length": "198", "strict-transport-security": "max-age=86400", "content-type": "application/x-amz-json-1.1"}}}}