{"region": "eu-west-1", "operation": "DescribeDeliveryChannels", "service": "config", "response": {"DeliveryChannels": [{"s3KeyPrefix": "o-8baopjpjb4", "configSnapshotDeliveryProperties": {"deliveryFrequency": "TwentyFour_Hours"}, "snsTopicARN": "arn:aws:sns:eu-west-1:478999156681:AWS-Landing-Zone-All-Config-Notifications", "name": "Landing-Zone-Delivery-Channel", "s3BucketName": "aws-landing-zone-logs-031247562193-us-east-1"}], "ResponseMetadata": {"RetryAttempts": 0, "HTTPStatusCode": 200, "RequestId": "056b122e-28b2-4b46-939a-6ba260d6e813", "HTTPHeaders": {"x-amzn-requestid": "056b122e-28b2-4b46-939a-6ba260d6e813", "date": "Tue, 19 May 2020 15:19:18 GMT", "content-length": "323", "strict-transport-security": "max-age=86400", "content-type": "application/x-amz-json-1.1"}}}}