{"region": "ap-southeast-2", "operation": "DescribeDeliveryChannels", "service": "config", "response": {"DeliveryChannels": [{"s3KeyPrefix": "o-8baopjpjb4", "configSnapshotDeliveryProperties": {"deliveryFrequency": "TwentyFour_Hours"}, "snsTopicARN": "arn:aws:sns:ap-southeast-2:478999156681:AWS-Landing-Zone-All-Config-Notifications", "name": "Landing-Zone-Delivery-Channel", "s3BucketName": "aws-landing-zone-logs-031247562193-us-east-1"}], "ResponseMetadata": {"RetryAttempts": 0, "HTTPStatusCode": 200, "RequestId": "76ef57a7-558a-446d-a078-0b69df728e14", "HTTPHeaders": {"x-amzn-requestid": "76ef57a7-558a-446d-a078-0b69df728e14", "date": "Tue, 19 May 2020 15:19:46 GMT", "content-length": "328", "strict-transport-security": "max-age=86400", "content-type": "application/x-amz-json-1.1"}}}}