{"region": "us-east-1", "operation": "DescribeConfigurationRecorders", "service": "config", "response": {"ConfigurationRecorders": [{"recordingGroup": {"allSupported": true, "resourceTypes": [], "includeGlobalResourceTypes": true}, "roleARN": "arn:aws:iam::043898046743:role/service-role/AWSConfigAndComplianceAuditRole-DO-NOT-DELETE", "name": "AWS-Landing-Zone-BaselineConfigRecorder"}], "ResponseMetadata": {"RetryAttempts": 0, "HTTPStatusCode": 200, "RequestId": "b35da665-1005-410d-94ad-f29b9ff78f44", "HTTPHeaders": {"x-amzn-requestid": "b35da665-1005-410d-94ad-f29b9ff78f44", "date": "Tue, 19 May 2020 15:19:16 GMT", "content-length": "273", "strict-transport-security": "max-age=86400", "content-type": "application/x-amz-json-1.1"}}}}