{"region": "ap-southeast-2", "operation": "DescribeDeliveryChannelStatus", "service": "config", "response": {"DeliveryChannelsStatus": [{"configStreamDeliveryInfo": {"lastStatusChangeTime": "2020-05-19T15:15:01.413000+00:00", "lastStatus": "SUCCESS"}, "configHistoryDeliveryInfo": {"lastSuccessfulTime": "2020-05-19T12:59:45.204000+00:00", "lastStatus": "SUCCESS", "lastAttemptTime": "2020-05-19T12:59:45.204000+00:00"}, "configSnapshotDeliveryInfo": {"nextDeliveryTime": "2020-05-19T20:04:22.630000+00:00", "lastSuccessfulTime": "2020-05-18T20:04:31.430000+00:00", "lastStatus": "SUCCESS", "lastAttemptTime": "2020-05-18T20:04:31.430000+00:00"}, "name": "Landing-Zone-Delivery-Channel"}], "ResponseMetadata": {"RetryAttempts": 0, "HTTPStatusCode": 200, "RequestId": "4db59a50-e45c-41cf-9003-d8cb5e12bbcd", "HTTPHeaders": {"x-amzn-requestid": "4db59a50-e45c-41cf-9003-d8cb5e12bbcd", "date": "Tue, 19 May 2020 15:19:43 GMT", "content-length": "447", "strict-transport-security": "max-age=86400", "content-type": "application/x-amz-json-1.1"}}}}