{"region": "ap-east-1", "operation": "DescribeDeliveryChannels", "service": "config", "response": {"DeliveryChannels": [{"s3KeyPrefix": "o-8baopjpjb4", "configSnapshotDeliveryProperties": {"deliveryFrequency": "TwentyFour_Hours"}, "name": "config-s3-delivery", "s3BucketName": "aws-landing-zone-logs-031247562193-us-east-1"}], "ResponseMetadata": {"RetryAttempts": 0, "HTTPStatusCode": 200, "RequestId": "1b5cb670-e12f-4e77-afdb-684569dda438", "HTTPHeaders": {"x-amzn-requestid": "1b5cb670-e12f-4e77-afdb-684569dda438", "date": "Tue, 19 May 2020 15:20:19 GMT", "content-length": "219", "strict-transport-security": "max-age=86400", "content-type": "application/x-amz-json-1.1"}}}}