{"region": "us-east-2", "operation": "DescribeConfigurationRecorderStatus", "service": "config", "response": {"ConfigurationRecordersStatus": [{"recording": true, "lastStatusChangeTime": "2020-05-19T15:17:46.505000+00:00", "lastStartTime": "2020-01-25T19:21:02.937000+00:00", "lastStatus": "SUCCESS", "name": "AWS-Landing-Zone-BaselineConfigRecorder"}], "ResponseMetadata": {"RetryAttempts": 0, "HTTPStatusCode": 200, "RequestId": "3fd2728f-837f-41a2-83f5-927b2968413c", "HTTPHeaders": {"x-amzn-requestid": "3fd2728f-837f-41a2-83f5-927b2968413c", "date": "Tue, 19 May 2020 15:18:49 GMT", "content-length": "198", "strict-transport-security": "max-age=86400", "content-type": "application/x-amz-json-1.1"}}}}