{"region": "eu-central-1", "operation": "DescribeDeliveryChannelStatus", "service": "config", "response": {"DeliveryChannelsStatus": [{"configStreamDeliveryInfo": {"lastStatusChangeTime": "2020-05-19T14:10:59.229000+00:00", "lastStatus": "SUCCESS"}, "configHistoryDeliveryInfo": {"lastSuccessfulTime": "2020-05-19T13:19:34.833000+00:00", "lastStatus": "SUCCESS", "lastAttemptTime": "2020-05-19T13:19:34.833000+00:00"}, "configSnapshotDeliveryInfo": {"nextDeliveryTime": "2020-05-19T19:19:24.655000+00:00", "lastSuccessfulTime": "2020-05-18T19:19:29.682000+00:00", "lastStatus": "SUCCESS", "lastAttemptTime": "2020-05-18T19:19:29.682000+00:00"}, "name": "Landing-Zone-Delivery-Channel"}], "ResponseMetadata": {"RetryAttempts": 0, "HTTPStatusCode": 200, "RequestId": "44b13217-5ef6-4b25-b7a6-ec61ca64d42b", "HTTPHeaders": {"x-amzn-requestid": "44b13217-5ef6-4b25-b7a6-ec61ca64d42b", "date": "Tue, 19 May 2020 15:19:03 GMT", "content-length": "450", "strict-transport-security": "max-age=86400", "content-type": "application/x-amz-json-1.1"}}}}