{"region": "ap-southeast-1", "operation": "DescribeDeliveryChannels", "service": "config", "response": {"DeliveryChannels": [{"s3KeyPrefix": "o-8baopjpjb4", "configSnapshotDeliveryProperties": {"deliveryFrequency": "TwentyFour_Hours"}, "snsTopicARN": "arn:aws:sns:ap-southeast-1:478999156681:AWS-Landing-Zone-All-Config-Notifications", "name": "Landing-Zone-Delivery-Channel", "s3BucketName": "aws-landing-zone-logs-031247562193-us-east-1"}], "ResponseMetadata": {"RetryAttempts": 0, "HTTPStatusCode": 200, "RequestId": "45cf0807-1e13-4db0-9e11-1d86ca2e93f9", "HTTPHeaders": {"x-amzn-requestid": "45cf0807-1e13-4db0-9e11-1d86ca2e93f9", "date": "Tue, 19 May 2020 15:17:55 GMT", "content-length": "328", "strict-transport-security": "max-age=86400", "content-type": "application/x-amz-json-1.1"}}}}