{"region": "ap-southeast-2", "operation": "DescribeConfigurationRecorders", "service": "config", "response": {"ConfigurationRecorders": [{"recordingGroup": {"allSupported": true, "resourceTypes": [], "includeGlobalResourceTypes": true}, "roleARN": "arn:aws:iam::043898046743:role/service-role/AWSConfigAndComplianceAuditRole-DO-NOT-DELETE", "name": "AWS-Landing-Zone-BaselineConfigRecorder"}], "ResponseMetadata": {"RetryAttempts": 0, "HTTPStatusCode": 200, "RequestId": "121cd695-9c49-4d22-a341-dc5a94cf5063", "HTTPHeaders": {"x-amzn-requestid": "121cd695-9c49-4d22-a341-dc5a94cf5063", "date": "Tue, 19 May 2020 15:19:57 GMT", "content-length": "273", "strict-transport-security": "max-age=86400", "content-type": "application/x-amz-json-1.1"}}}}