{"region": "eu-west-1", "operation": "DescribeConfigurationRecorderStatus", "service": "config", "response": {"ConfigurationRecordersStatus": [{"recording": true, "lastStatusChangeTime": "2020-05-19T14:16:50.301000+00:00", "lastStartTime": "2020-01-25T19:12:59.650000+00:00", "lastStatus": "SUCCESS", "name": "AWS-Landing-Zone-BaselineConfigRecorder"}], "ResponseMetadata": {"RetryAttempts": 0, "HTTPStatusCode": 200, "RequestId": "9700ce48-2fcf-4bdd-91ec-a4dabcf731ce", "HTTPHeaders": {"x-amzn-requestid": "9700ce48-2fcf-4bdd-91ec-a4dabcf731ce", "date": "Tue, 19 May 2020 15:18:18 GMT", "content-length": "197", "strict-transport-security": "max-age=86400", "content-type": "application/x-amz-json-1.1"}}}}