{"region": "eu-central-1", "operation": "DescribeDeliveryChannels", "service": "config", "response": {"DeliveryChannels": [{"s3KeyPrefix": "o-8baopjpjb4", "configSnapshotDeliveryProperties": {"deliveryFrequency": "TwentyFour_Hours"}, "snsTopicARN": "arn:aws:sns:eu-central-1:478999156681:AWS-Landing-Zone-All-Config-Notifications", "name": "Landing-Zone-Delivery-Channel", "s3BucketName": "aws-landing-zone-logs-031247562193-us-east-1"}], "ResponseMetadata": {"RetryAttempts": 0, "HTTPStatusCode": 200, "RequestId": "462a38b0-0c18-472a-bc48-5d6feb8f9135", "HTTPHeaders": {"x-amzn-requestid": "462a38b0-0c18-472a-bc48-5d6feb8f9135", "date": "Tue, 19 May 2020 15:19:44 GMT", "content-length": "326", "strict-transport-security": "max-age=86400", "content-type": "application/x-amz-json-1.1"}}}}