{"region": "us-east-1", "operation": "DescribeDeliveryChannels", "service": "config", "response": {"DeliveryChannels": [{"s3KeyPrefix": "o-8baopjpjb4", "configSnapshotDeliveryProperties": {"deliveryFrequency": "TwentyFour_Hours"}, "snsTopicARN": "arn:aws:sns:us-east-1:478999156681:AWS-Landing-Zone-All-Config-Notifications", "name": "Landing-Zone-Delivery-Channel", "s3BucketName": "aws-landing-zone-logs-031247562193-us-east-1"}], "ResponseMetadata": {"RetryAttempts": 0, "HTTPStatusCode": 200, "RequestId": "e59bbc89-3a5b-453d-a819-f73c6dedc6fc", "HTTPHeaders": {"x-amzn-requestid": "e59bbc89-3a5b-453d-a819-f73c6dedc6fc", "date": "Tue, 19 May 2020 15:18:50 GMT", "content-length": "323", "strict-transport-security": "max-age=86400", "content-type": "application/x-amz-json-1.1"}}}}