{"region": "eu-central-1", "operation": "DescribeConfigurationRecorderStatus", "service": "config", "response": {"ConfigurationRecordersStatus": [{"recording": true, "lastStatusChangeTime": "2020-05-19T14:16:06.632000+00:00", "lastStartTime": "2020-01-25T19:11:29.525000+00:00", "lastStatus": "SUCCESS", "name": "AWS-Landing-Zone-BaselineConfigRecorder"}], "ResponseMetadata": {"RetryAttempts": 0, "HTTPStatusCode": 200, "RequestId": "0ed71e7f-7074-4fd1-866c-0ae5148c58cd", "HTTPHeaders": {"x-amzn-requestid": "0ed71e7f-7074-4fd1-866c-0ae5148c58cd", "date": "Tue, 19 May 2020 15:19:34 GMT", "content-length": "198", "strict-transport-security": "max-age=86400", "content-type": "application/x-amz-json-1.1"}}}}