{"region": "us-east-2", "operation": "DescribeDeliveryChannelStatus", "service": "config", "response": {"DeliveryChannelsStatus": [{"configStreamDeliveryInfo": {"lastStatusChangeTime": "2020-05-19T15:17:46.516000+00:00", "lastStatus": "SUCCESS"}, "configHistoryDeliveryInfo": {"lastSuccessfulTime": "2020-05-19T10:31:07.745000+00:00", "lastStatus": "SUCCESS", "lastAttemptTime": "2020-05-19T10:31:07.745000+00:00"}, "configSnapshotDeliveryInfo": {"nextDeliveryTime": "2020-05-19T19:24:59.312000+00:00", "lastSuccessfulTime": "2020-05-18T19:25:01.500000+00:00", "lastStatus": "SUCCESS", "lastAttemptTime": "2020-05-18T19:25:01.500000+00:00"}, "name": "Landing-Zone-Delivery-Channel"}], "ResponseMetadata": {"RetryAttempts": 0, "HTTPStatusCode": 200, "RequestId": "2e16dd8c-d182-47f5-acf0-8b764a7637ec", "HTTPHeaders": {"x-amzn-requestid": "2e16dd8c-d182-47f5-acf0-8b764a7637ec", "date": "Tue, 19 May 2020 15:19:12 GMT", "content-length": "446", "strict-transport-security": "max-age=86400", "content-type": "application/x-amz-json-1.1"}}}}