{"region": "us-east-2", "operation": "DescribeConfigurationRecorders", "service": "config", "response": {"ConfigurationRecorders": [{"recordingGroup": {"allSupported": true, "resourceTypes": [], "includeGlobalResourceTypes": true}, "roleARN": "arn:aws:iam::043898046743:role/service-role/AWSConfigAndComplianceAuditRole-DO-NOT-DELETE", "name": "AWS-Landing-Zone-BaselineConfigRecorder"}], "ResponseMetadata": {"RetryAttempts": 0, "HTTPStatusCode": 200, "RequestId": "97f52ec1-cbc7-4757-90c4-e253d1e2cb44", "HTTPHeaders": {"x-amzn-requestid": "97f52ec1-cbc7-4757-90c4-e253d1e2cb44", "date": "Tue, 19 May 2020 15:19:42 GMT", "content-length": "273", "strict-transport-security": "max-age=86400", "content-type": "application/x-amz-json-1.1"}}}}