{"region": "ap-east-1", "operation": "DescribeConfigurationRecorderStatus", "service": "config", "response": {"ConfigurationRecordersStatus": [{"recording": true, "lastStatusChangeTime": "2020-05-19T14:50:45.051000+00:00", "lastStartTime": "2020-02-19T16:16:21.622000+00:00", "lastStatus": "SUCCESS", "name": "default"}], "ResponseMetadata": {"RetryAttempts": 0, "HTTPStatusCode": 200, "RequestId": "61ecc12a-4150-421d-a1f2-fc947030a752", "HTTPHeaders": {"x-amzn-requestid": "61ecc12a-4150-421d-a1f2-fc947030a752", "date": "Tue, 19 May 2020 15:18:35 GMT", "content-length": "166", "strict-transport-security": "max-age=86400", "content-type": "application/x-amz-json-1.1"}}}}