{"region": "eu-west-1", "operation": "DescribeDeliveryChannelStatus", "service": "config", "response": {"DeliveryChannelsStatus": [{"configStreamDeliveryInfo": {"lastStatusChangeTime": "2020-05-19T14:08:33.759000+00:00", "lastStatus": "SUCCESS"}, "configHistoryDeliveryInfo": {"lastSuccessfulTime": "2020-05-19T10:49:04.776000+00:00", "lastStatus": "SUCCESS", "lastAttemptTime": "2020-05-19T10:49:04.776000+00:00"}, "configSnapshotDeliveryInfo": {"nextDeliveryTime": "2020-05-19T19:50:55.080000+00:00", "lastSuccessfulTime": "2020-05-18T19:50:59.139000+00:00", "lastStatus": "SUCCESS", "lastAttemptTime": "2020-05-18T19:50:59.139000+00:00"}, "name": "Landing-Zone-Delivery-Channel"}], "ResponseMetadata": {"RetryAttempts": 0, "HTTPStatusCode": 200, "RequestId": "4376f9bb-bade-4fd8-a942-ad61fb5869dc", "HTTPHeaders": {"x-amzn-requestid": "4376f9bb-bade-4fd8-a942-ad61fb5869dc", "date": "Tue, 19 May 2020 15:17:52 GMT", "content-length": "449", "strict-transport-security": "max-age=86400", "content-type": "application/x-amz-json-1.1"}}}}