{"region": "us-east-1", "operation": "DescribeConfigurationRecorderStatus", "service": "config", "response": {"ConfigurationRecordersStatus": [{"recording": true, "lastStatusChangeTime": "2020-05-19T15:14:25.443000+00:00", "lastStartTime": "2020-01-25T19:19:11.841000+00:00", "lastStatus": "SUCCESS", "name": "AWS-Landing-Zone-BaselineConfigRecorder"}], "ResponseMetadata": {"RetryAttempts": 0, "HTTPStatusCode": 200, "RequestId": "eaf8bdff-eae7-4f7c-9587-b95cddb8fb58", "HTTPHeaders": {"x-amzn-requestid": "eaf8bdff-eae7-4f7c-9587-b95cddb8fb58", "date": "Tue, 19 May 2020 15:20:10 GMT", "content-length": "198", "strict-transport-security": "max-age=86400", "content-type": "application/x-amz-json-1.1"}}}}