{"region": "eu-west-1", "operation": "DescribeConfigurationRecorders", "service": "config", "response": {"ConfigurationRecorders": [{"recordingGroup": {"allSupported": true, "resourceTypes": [], "includeGlobalResourceTypes": true}, "roleARN": "arn:aws:iam::043898046743:role/service-role/AWSConfigAndComplianceAuditRole-DO-NOT-DELETE", "name": "AWS-Landing-Zone-BaselineConfigRecorder"}], "ResponseMetadata": {"RetryAttempts": 0, "HTTPStatusCode": 200, "RequestId": "4ce1a1d6-754d-44bf-ae4d-e54625f1c293", "HTTPHeaders": {"x-amzn-requestid": "4ce1a1d6-754d-44bf-ae4d-e54625f1c293", "date": "Tue, 19 May 2020 15:20:18 GMT", "content-length": "273", "strict-transport-security": "max-age=86400", "content-type": "application/x-amz-json-1.1"}}}}