{"region": "ap-southeast-1", "operation": "DescribeDeliveryChannelStatus", "service": "config", "response": {"DeliveryChannelsStatus": [{"configStreamDeliveryInfo": {"lastStatusChangeTime": "2020-05-19T15:16:14.813000+00:00", "lastStatus": "SUCCESS"}, "configHistoryDeliveryInfo": {"lastSuccessfulTime": "2020-05-19T13:54:06.112000+00:00", "lastStatus": "SUCCESS", "lastAttemptTime": "2020-05-19T13:54:06.112000+00:00"}, "configSnapshotDeliveryInfo": {"nextDeliveryTime": "2020-05-19T19:17:49.454000+00:00", "lastSuccessfulTime": "2020-05-18T19:17:59.594000+00:00", "lastStatus": "SUCCESS", "lastAttemptTime": "2020-05-18T19:17:59.594000+00:00"}, "name": "Landing-Zone-Delivery-Channel"}], "ResponseMetadata": {"RetryAttempts": 0, "HTTPStatusCode": 200, "RequestId": "6a6d3233-9098-4c9f-853e-6a13666cfad9", "HTTPHeaders": {"x-amzn-requestid": "6a6d3233-9098-4c9f-853e-6a13666cfad9", "date": "Tue, 19 May 2020 15:19:36 GMT", "content-length": "450", "strict-transport-security": "max-age=86400", "content-type": "application/x-amz-json-1.1"}}}}