{"region": "us-east-1", "operation": "DescribeDeliveryChannelStatus", "service": "config", "response": {"DeliveryChannelsStatus": [{"configStreamDeliveryInfo": {"lastStatusChangeTime": "2020-05-19T15:06:44.793000+00:00", "lastStatus": "SUCCESS"}, "configHistoryDeliveryInfo": {"lastSuccessfulTime": "2020-05-19T13:35:20.745000+00:00", "lastStatus": "SUCCESS", "lastAttemptTime": "2020-05-19T13:35:20.745000+00:00"}, "configSnapshotDeliveryInfo": {"nextDeliveryTime": "2020-05-19T20:19:06.962000+00:00", "lastSuccessfulTime": "2020-05-18T20:19:09.283000+00:00", "lastStatus": "SUCCESS", "lastAttemptTime": "2020-05-18T20:19:09.283000+00:00"}, "name": "Landing-Zone-Delivery-Channel"}], "ResponseMetadata": {"RetryAttempts": 0, "HTTPStatusCode": 200, "RequestId": "29a65670-c222-4334-a285-adf916caa4ff", "HTTPHeaders": {"x-amzn-requestid": "29a65670-c222-4334-a285-adf916caa4ff", "date": "Tue, 19 May 2020 15:18:05 GMT", "content-length": "450", "strict-transport-security": "max-age=86400", "content-type": "application/x-amz-json-1.1"}}}}