{"region": "ap-southeast-2", "operation": "DescribeConfigurationRecorderStatus", "service": "config", "response": {"ConfigurationRecordersStatus": [{"recording": true, "lastStatusChangeTime": "2020-05-19T15:15:01.394000+00:00", "lastStartTime": "2020-01-25T19:08:29.917000+00:00", "lastStatus": "SUCCESS", "name": "AWS-Landing-Zone-BaselineConfigRecorder"}], "ResponseMetadata": {"RetryAttempts": 0, "HTTPStatusCode": 200, "RequestId": "ff5e1377-8066-436d-8f4c-eacfc32e5903", "HTTPHeaders": {"x-amzn-requestid": "ff5e1377-8066-436d-8f4c-eacfc32e5903", "date": "Tue, 19 May 2020 15:19:06 GMT", "content-length": "198", "strict-transport-security": "max-age=86400", "content-type": "application/x-amz-json-1.1"}}}}