{"region": "us-east-1", "operation": "GetLifecyclePolicies", "service": "dlm", "response": {"Policies": [{"State": "ENABLED", "Tags": {"Environment": "Prod", "Name": "AD Incremental Backup"}, "PolicyId": "policy-07604b9922975b181", "Description": "AD Backups "}], "ResponseMetadata": {"RetryAttempts": 0, "HTTPStatusCode": 200, "RequestId": "c1e061f3-4d30-4d62-abb2-cdf0f370f0f8", "HTTPHeaders": {"x-amzn-requestid": "c1e061f3-4d30-4d62-abb2-cdf0f370f0f8", "content-length": "223", "x-amz-apigw-id": "MyPO2GOpIAMFVog=", "x-amzn-trace-id": "Root=1-5ec3f8c5-f65ce2c2f99db37a73b2576b;Sampled=1", "connection": "keep-alive", "date": "Tue, 19 May 2020 15:18:29 GMT", "content-type": "application/json"}}}}