{"region": "eu-north-1", "operation": "DescribeCertificates", "service": "docdb", "response": {"Certificates": [{"CertificateArn": "arn:aws:rds:eu-north-1::cert:rds-ca-2019", "ValidTill": "2024-08-22T17:08:50+00:00", "CertificateIdentifier": "rds-ca-2019", "Thumbprint": "d0ca9c6e474c4fdb8528034a60ac14e0e6dfd442", "CertificateType": "CA", "ValidFrom": "2019-09-12T18:19:44+00:00"}], "ResponseMetadata": {"RetryAttempts": 0, "HTTPStatusCode": 200, "RequestId": "3bb23736-6b41-44b1-bb2d-6fd9e344360e", "HTTPHeaders": {"x-amzn-requestid": "3bb23736-6b41-44b1-bb2d-6fd9e344360e", "date": "Tue, 19 May 2020 15:18:47 GMT", "content-length": "786", "content-type": "text/xml"}}}}