{"region": "ap-east-1", "operation": "DescribeCertificates", "service": "docdb", "response": {"Certificates": [{"CertificateArn": "arn:aws:rds:ap-east-1::cert:rds-ap-east-1-ca-2019", "ValidTill": "2022-06-01T00:00:00+00:00", "CertificateIdentifier": "rds-ap-east-1-ca-2019", "Thumbprint": "bcf870751f933fa782866763a8861fa4e807ce06", "CertificateType": "CA", "ValidFrom": "2019-02-17T00:00:00+00:00"}], "ResponseMetadata": {"RetryAttempts": 0, "HTTPStatusCode": 200, "RequestId": "012fa0cc-8d49-481d-aedd-b20108554961", "HTTPHeaders": {"x-amzn-requestid": "012fa0cc-8d49-481d-aedd-b20108554961", "date": "Tue, 19 May 2020 15:18:40 GMT", "content-length": "754", "content-type": "text/xml"}}}}