{"region": "us-east-2", "operation": "DescribeCertificates", "service": "docdb", "response": {"Certificates": [{"CertificateArn": "arn:aws:rds:us-east-2::cert:rds-ca-2019", "ValidTill": "2024-08-22T17:08:50+00:00", "CertificateIdentifier": "rds-ca-2019", "Thumbprint": "e9fe272aa00fcedfad5103a694f71f6fbd1e28d3", "CertificateType": "CA", "ValidFrom": "2019-09-13T17:06:41+00:00"}], "ResponseMetadata": {"RetryAttempts": 0, "HTTPStatusCode": 200, "RequestId": "856f7153-9c17-4256-807c-b741793926dc", "HTTPHeaders": {"x-amzn-requestid": "856f7153-9c17-4256-807c-b741793926dc", "date": "Tue, 19 May 2020 15:18:00 GMT", "content-length": "785", "content-type": "text/xml"}}}}