{"region": "eu-central-1", "operation": "DescribeCertificates", "service": "docdb", "response": {"Certificates": [{"CertificateArn": "arn:aws:rds:eu-central-1::cert:rds-ca-2019", "ValidTill": "2024-08-22T17:08:50+00:00", "CertificateIdentifier": "rds-ca-2019", "Thumbprint": "5346184a4265a28c5f5b0aade22c80e5e68a6d2f", "CertificateType": "CA", "ValidFrom": "2019-09-11T19:36:20+00:00"}], "ResponseMetadata": {"RetryAttempts": 0, "HTTPStatusCode": 200, "RequestId": "b964d797-22cf-4eea-9272-a08664937919", "HTTPHeaders": {"x-amzn-requestid": "b964d797-22cf-4eea-9272-a08664937919", "date": "Tue, 19 May 2020 15:19:32 GMT", "content-length": "788", "content-type": "text/xml"}}}}