{"region": "us-east-1", "operation": "DescribeCertificates", "service": "docdb", "response": {"Certificates": [{"CertificateArn": "arn:aws:rds:us-east-1::cert:rds-ca-2019", "ValidTill": "2024-08-22T17:08:50+00:00", "CertificateIdentifier": "rds-ca-2019", "Thumbprint": "f0ed823ed14447bab557fdf3e4927466988c1c78", "CertificateType": "CA", "ValidFrom": "2019-09-19T18:16:53+00:00"}], "ResponseMetadata": {"RetryAttempts": 0, "HTTPStatusCode": 200, "RequestId": "bb1c76df-ce7e-4fe1-96d0-ec51ce69e108", "HTTPHeaders": {"x-amzn-requestid": "bb1c76df-ce7e-4fe1-96d0-ec51ce69e108", "date": "Tue, 19 May 2020 15:18:06 GMT", "content-length": "785", "content-type": "text/xml"}}}}