{"region": "us-west-1", "operation": "DescribeCertificates", "service": "docdb", "response": {"Certificates": [{"CertificateArn": "arn:aws:rds:us-west-1::cert:rds-ca-2019", "ValidTill": "2024-08-22T17:08:50+00:00", "CertificateIdentifier": "rds-ca-2019", "Thumbprint": "1c9fdf84e61332f391122d0da59a165dacdce893", "CertificateType": "CA", "ValidFrom": "2019-09-06T17:40:21+00:00"}], "ResponseMetadata": {"RetryAttempts": 0, "HTTPStatusCode": 200, "RequestId": "a0bebfd0-199c-4ffe-9ccd-4c470bb90e42", "HTTPHeaders": {"x-amzn-requestid": "a0bebfd0-199c-4ffe-9ccd-4c470bb90e42", "date": "Tue, 19 May 2020 15:20:12 GMT", "content-length": "785", "content-type": "text/xml"}}}}