{"region": "eu-west-3", "operation": "DescribeCertificates", "service": "docdb", "response": {"Certificates": [{"CertificateArn": "arn:aws:rds:eu-west-3::cert:rds-ca-2019", "ValidTill": "2024-08-22T17:08:50+00:00", "CertificateIdentifier": "rds-ca-2019", "Thumbprint": "6f7956b0749cc63e3b5026c8515508f0bb7e3204", "CertificateType": "CA", "ValidFrom": "2019-09-18T17:03:15+00:00"}], "ResponseMetadata": {"RetryAttempts": 0, "HTTPStatusCode": 200, "RequestId": "df9ccd29-b27f-4512-af3a-928e03b65d47", "HTTPHeaders": {"x-amzn-requestid": "df9ccd29-b27f-4512-af3a-928e03b65d47", "date": "Tue, 19 May 2020 15:19:52 GMT", "content-length": "785", "content-type": "text/xml"}}}}