{"region": "ca-central-1", "operation": "DescribeCertificates", "service": "docdb", "response": {"Certificates": [{"CertificateArn": "arn:aws:rds:ca-central-1::cert:rds-ca-2019", "ValidTill": "2024-08-22T17:08:50+00:00", "CertificateIdentifier": "rds-ca-2019", "Thumbprint": "a10346f2bb29bf4fec047e829aa6c0114dab8225", "CertificateType": "CA", "ValidFrom": "2019-09-10T20:52:25+00:00"}], "ResponseMetadata": {"RetryAttempts": 0, "HTTPStatusCode": 200, "RequestId": "978e9bef-3442-463a-8870-64727744e1e6", "HTTPHeaders": {"x-amzn-requestid": "978e9bef-3442-463a-8870-64727744e1e6", "date": "Tue, 19 May 2020 15:20:18 GMT", "content-length": "788", "content-type": "text/xml"}}}}