{"region": "eu-west-1", "operation": "DescribeCertificates", "service": "docdb", "response": {"Certificates": [{"CertificateArn": "arn:aws:rds:eu-west-1::cert:rds-ca-2019", "ValidTill": "2024-08-22T17:08:50+00:00", "CertificateIdentifier": "rds-ca-2019", "Thumbprint": "2d1aa63e0debd626033ea18a0adf148078ecb663", "CertificateType": "CA", "ValidFrom": "2019-09-11T17:31:48+00:00"}], "ResponseMetadata": {"RetryAttempts": 0, "HTTPStatusCode": 200, "RequestId": "4b0bcdd1-8339-4ba9-95a3-c7645c18c40c", "HTTPHeaders": {"x-amzn-requestid": "4b0bcdd1-8339-4ba9-95a3-c7645c18c40c", "date": "Tue, 19 May 2020 15:18:17 GMT", "content-length": "785", "content-type": "text/xml"}}}}