{"region": "eu-west-2", "operation": "DescribeCertificates", "service": "docdb", "response": {"Certificates": [{"CertificateArn": "arn:aws:rds:eu-west-2::cert:rds-ca-2019", "ValidTill": "2024-08-22T17:08:50+00:00", "CertificateIdentifier": "rds-ca-2019", "Thumbprint": "606544f4746e2e295019387c4bbe18b95bd4cd23", "CertificateType": "CA", "ValidFrom": "2019-09-12T21:32:32+00:00"}], "ResponseMetadata": {"RetryAttempts": 0, "HTTPStatusCode": 200, "RequestId": "df3fd49d-5ce4-43d3-80b5-500b6e7fc3a9", "HTTPHeaders": {"x-amzn-requestid": "df3fd49d-5ce4-43d3-80b5-500b6e7fc3a9", "date": "Tue, 19 May 2020 15:19:16 GMT", "content-length": "785", "content-type": "text/xml"}}}}