{"region": "ap-northeast-1", "operation": "DescribeCertificates", "service": "docdb", "response": {"Certificates": [{"CertificateArn": "arn:aws:rds:ap-northeast-1::cert:rds-ca-2019", "ValidTill": "2024-08-22T17:08:50+00:00", "CertificateIdentifier": "rds-ca-2019", "Thumbprint": "47a3f920645c9f9d488c7de60b86d605130016a1", "CertificateType": "CA", "ValidFrom": "2019-09-18T16:56:20+00:00"}], "ResponseMetadata": {"RetryAttempts": 0, "HTTPStatusCode": 200, "RequestId": "596c36e8-e5d4-4416-92fc-5a4c43cf6be7", "HTTPHeaders": {"x-amzn-requestid": "596c36e8-e5d4-4416-92fc-5a4c43cf6be7", "date": "Tue, 19 May 2020 15:19:16 GMT", "content-length": "790", "content-type": "text/xml"}}}}