{"region": "ap-southeast-1", "operation": "DescribeCertificates", "service": "docdb", "response": {"Certificates": [{"CertificateArn": "arn:aws:rds:ap-southeast-1::cert:rds-ca-2019", "ValidTill": "2024-08-22T17:08:50+00:00", "CertificateIdentifier": "rds-ca-2019", "Thumbprint": "0d20fb91debed2cff3f8f843af68c60376f3ddb8", "CertificateType": "CA", "ValidFrom": "2019-09-13T20:11:42+00:00"}], "ResponseMetadata": {"RetryAttempts": 0, "HTTPStatusCode": 200, "RequestId": "54f3a78e-8307-49e6-b88c-9c9932362b64", "HTTPHeaders": {"x-amzn-requestid": "54f3a78e-8307-49e6-b88c-9c9932362b64", "date": "Tue, 19 May 2020 15:19:26 GMT", "content-length": "790", "content-type": "text/xml"}}}}