{"region": "sa-east-1", "operation": "DescribeCertificates", "service": "docdb", "response": {"Certificates": [{"CertificateArn": "arn:aws:rds:sa-east-1::cert:rds-ca-2019", "ValidTill": "2024-08-22T17:08:50+00:00", "CertificateIdentifier": "rds-ca-2019", "Thumbprint": "8c340faafb10809c05ced7bf0b124d074239747a", "CertificateType": "CA", "ValidFrom": "2019-09-05T18:46:29+00:00"}], "ResponseMetadata": {"RetryAttempts": 0, "HTTPStatusCode": 200, "RequestId": "d97d2a0c-7bcc-4ac4-8fa7-ae2144a17327", "HTTPHeaders": {"x-amzn-requestid": "d97d2a0c-7bcc-4ac4-8fa7-ae2144a17327", "date": "Tue, 19 May 2020 15:18:19 GMT", "content-length": "785", "content-type": "text/xml"}}}}