{"region": "us-west-2", "operation": "DescribeCertificates", "service": "docdb", "response": {"Certificates": [{"CertificateArn": "arn:aws:rds:us-west-2::cert:rds-ca-2019", "ValidTill": "2024-08-22T17:08:50+00:00", "CertificateIdentifier": "rds-ca-2019", "Thumbprint": "c8de1d13ad359b3dea182adcb4796d2247753c4a", "CertificateType": "CA", "ValidFrom": "2019-09-16T18:21:15+00:00"}], "ResponseMetadata": {"RetryAttempts": 0, "HTTPStatusCode": 200, "RequestId": "695663eb-4d44-41d9-a6e0-8ea5041152cf", "HTTPHeaders": {"x-amzn-requestid": "695663eb-4d44-41d9-a6e0-8ea5041152cf", "date": "Tue, 19 May 2020 15:19:58 GMT", "content-length": "785", "content-type": "text/xml"}}}}