{"region": "ap-southeast-2", "operation": "DescribeCertificates", "service": "docdb", "response": {"Certificates": [{"CertificateArn": "arn:aws:rds:ap-southeast-2::cert:rds-ca-2019", "ValidTill": "2024-08-22T17:08:50+00:00", "CertificateIdentifier": "rds-ca-2019", "Thumbprint": "d5d45183d9a3ac47b00a5a77d8a079a96a3f6d96", "CertificateType": "CA", "ValidFrom": "2019-09-16T19:53:47+00:00"}], "ResponseMetadata": {"RetryAttempts": 0, "HTTPStatusCode": 200, "RequestId": "035463be-5095-4c0d-a8fc-2bba09888627", "HTTPHeaders": {"x-amzn-requestid": "035463be-5095-4c0d-a8fc-2bba09888627", "date": "Tue, 19 May 2020 15:18:43 GMT", "content-length": "790", "content-type": "text/xml"}}}}