{"region": "ap-south-1", "operation": "DescribeCertificates", "service": "docdb", "response": {"Certificates": [{"CertificateArn": "arn:aws:rds:ap-south-1::cert:rds-ca-2019", "ValidTill": "2024-08-22T17:08:50+00:00", "CertificateIdentifier": "rds-ca-2019", "Thumbprint": "d6ad45a95436e4ba9cb79b068c0ccdcc1e81b500", "CertificateType": "CA", "ValidFrom": "2019-09-04T17:13:04+00:00"}], "ResponseMetadata": {"RetryAttempts": 0, "HTTPStatusCode": 200, "RequestId": "ddda6984-0882-47a8-bd86-39bd0cf27111", "HTTPHeaders": {"x-amzn-requestid": "ddda6984-0882-47a8-bd86-39bd0cf27111", "date": "Tue, 19 May 2020 15:18:45 GMT", "content-length": "786", "content-type": "text/xml"}}}}