{"region": "ap-northeast-2", "operation": "DescribeCertificates", "service": "docdb", "response": {"Certificates": [{"CertificateArn": "arn:aws:rds:ap-northeast-2::cert:rds-ca-2019", "ValidTill": "2024-08-22T17:08:50+00:00", "CertificateIdentifier": "rds-ca-2019", "Thumbprint": "8e1c70c164bdfcf9939ba267cacf52f0e1f7b4f0", "CertificateType": "CA", "ValidFrom": "2019-09-10T17:46:21+00:00"}], "ResponseMetadata": {"RetryAttempts": 0, "HTTPStatusCode": 200, "RequestId": "ffdf9d7c-5d9b-44da-b8b9-62e1fad21526", "HTTPHeaders": {"x-amzn-requestid": "ffdf9d7c-5d9b-44da-b8b9-62e1fad21526", "date": "Tue, 19 May 2020 15:20:16 GMT", "content-length": "790", "content-type": "text/xml"}}}}