{"region": "us-east-1", "operation": "ListTables", "service": "dynamodb", "response": {"ResponseMetadata": {"RetryAttempts": 0, "HTTPStatusCode": 200, "RequestId": "B77BLAIAK05GVPDTG959A6SOHNVV4KQNSO5AEMVJF66Q9ASUAAJG", "HTTPHeaders": {"x-amzn-requestid": "B77BLAIAK05GVPDTG959A6SOHNVV4KQNSO5AEMVJF66Q9ASUAAJG", "content-length": "204", "server": "Server", "connection": "keep-alive", "x-amz-crc32": "1560943451", "date": "Tue, 19 May 2020 15:18:43 GMT", "content-type": "application/x-amz-json-1.0"}}, "TableNames": ["migration-factory-test-apps", "migration-factory-test-roles", "migration-factory-test-schema", "migration-factory-test-servers", "migration-factory-test-stage", "migration-factory-test-waves"]}}