{"region": "us-east-2", "operation": "DescribeInstanceStatus", "service": "ec2", "response": {"InstanceStatuses": [{"InstanceId": "i-0a69e6c4273b738f6", "InstanceState": {"Code": 16, "Name": "running"}, "AvailabilityZone": "us-east-2b", "SystemStatus": {"Status": "ok", "Details": [{"Status": "passed", "Name": "reachability"}]}, "InstanceStatus": {"Status": "ok", "Details": [{"Status": "passed", "Name": "reachability"}]}}, {"InstanceId": "i-00339a3e6962c0d91", "InstanceState": {"Code": 16, "Name": "running"}, "AvailabilityZone": "us-east-2b", "SystemStatus": {"Status": "ok", "Details": [{"Status": "passed", "Name": "reachability"}]}, "InstanceStatus": {"Status": "ok", "Details": [{"Status": "passed", "Name": "reachability"}]}}, {"InstanceId": "i-0ee090d1a9ac61097", "InstanceState": {"Code": 16, "Name": "running"}, "AvailabilityZone": "us-east-2c", "SystemStatus": {"Status": "ok", "Details": [{"Status": "passed", "Name": "reachability"}]}, "InstanceStatus": {"Status": "ok", "Details": [{"Status": "passed", "Name": "reachability"}]}}, {"InstanceId": "i-0c1bcd6083690cd92", "InstanceState": {"Code": 16, "Name": "running"}, "AvailabilityZone": "us-east-2c", "SystemStatus": {"Status": "ok", "Details": [{"Status": "passed", "Name": "reachability"}]}, "InstanceStatus": {"Status": "ok", "Details": [{"Status": "passed", "Name": "reachability"}]}}], "ResponseMetadata": {"RetryAttempts": 0, "HTTPStatusCode": 200, "RequestId": "cba249cc-204c-443b-9197-94307a51928a", "HTTPHeaders": {"x-amzn-requestid": "cba249cc-204c-443b-9197-94307a51928a", "content-length": "3755", "vary": "accept-encoding", "server": "AmazonEC2", "date": "Tue, 19 May 2020 15:18:41 GMT", "content-type": "text/xml;charset=UTF-8"}}}}