{"region": "us-east-1", "operation": "DescribeIamInstanceProfileAssociations", "service": "ec2", "response": {"IamInstanceProfileAssociations": [{"InstanceId": "i-0155b55df525813a0", "State": "associated", "AssociationId": "iip-assoc-0913f4f2c01a88c70", "IamInstanceProfile": {"Id": "AIPAQUOEHBELUMOPHQCMU", "Arn": "arn:aws:iam::043898046743:instance-profile/AmazonSSMRoleForInstancesQuickSetup"}}, {"InstanceId": "i-0753728a43be9a163", "State": "associated", "AssociationId": "iip-assoc-07b5b9aafe7355009", "IamInstanceProfile": {"Id": "AIPAQUOEHBEL2B6X7PL7P", "Arn": "arn:aws:iam::043898046743:instance-profile/EC2_Admin_Delete_if_Seen"}}, {"InstanceId": "i-0e5f673de9a4664ac", "State": "associated", "AssociationId": "iip-assoc-0e8a9d6fbca3f4894", "IamInstanceProfile": {"Id": "AIPAQUOEHBELUMOPHQCMU", "Arn": "arn:aws:iam::043898046743:instance-profile/AmazonSSMRoleForInstancesQuickSetup"}}, {"InstanceId": "i-0288b466de41fdf80", "State": "associated", "AssociationId": "iip-assoc-0a4051fa994ecf6a8", "IamInstanceProfile": {"Id": "AIPAQUOEHBELUMOPHQCMU", "Arn": "arn:aws:iam::043898046743:instance-profile/AmazonSSMRoleForInstancesQuickSetup"}}], "ResponseMetadata": {"RetryAttempts": 0, "HTTPStatusCode": 200, "RequestId": "a52f381a-bd99-4eb0-aae5-48833ba7372c", "HTTPHeaders": {"x-amzn-requestid": "a52f381a-bd99-4eb0-aae5-48833ba7372c", "transfer-encoding": "chunked", "vary": "accept-encoding", "server": "AmazonEC2", "date": "Tue, 19 May 2020 15:18:22 GMT", "content-type": "text/xml;charset=UTF-8"}}}}