{"region": "us-east-2", "operation": "DescribeFlowLogs", "service": "ec2", "response": {"FlowLogs": [{"LogDestinationType": "cloud-watch-logs", "Tags": [], "ResourceId": "vpc-0a2672b859b60b366", "CreationTime": "2020-05-12T23:08:47.159000+00:00", "LogGroupName": "prisma-vpc-flowloggroup", "TrafficType": "ACCEPT", "FlowLogStatus": "ACTIVE", "LogFormat": "${version} ${account-id} ${interface-id} ${srcaddr} ${dstaddr} ${srcport} ${dstport} ${protocol} ${packets} ${bytes} ${start} ${end} ${action} ${log-status}", "FlowLogId": "fl-00646118e469d4648", "MaxAggregationInterval": 600, "DeliverLogsPermissionArn": "arn:aws:iam::043898046743:role/VpcFlowLogsRole", "LogDestination": "arn:aws:logs:us-east-2:043898046743:log-group:prisma-vpc-flowloggroup", "DeliverLogsStatus": "SUCCESS"}, {"LogDestinationType": "s3", "Tags": [], "ResourceId": "vpc-0a2672b859b60b366", "CreationTime": "2020-05-13T15:07:49.387000+00:00", "TrafficType": "ACCEPT", "FlowLogStatus": "ACTIVE", "LogFormat": "${version} ${account-id} ${interface-id} ${srcaddr} ${dstaddr} ${srcport} ${dstport} ${protocol} ${packets} ${bytes} ${start} ${end} ${action} ${log-status}", "FlowLogId": "fl-04ecca2b7be542270", "MaxAggregationInterval": 600, "LogDestination": "arn:aws:s3:::aws-vpc-flow-logs-031247562193-us-east-1/o-8baopjpjb4", "DeliverLogsStatus": "SUCCESS"}], "ResponseMetadata": {"RetryAttempts": 0, "HTTPStatusCode": 200, "RequestId": "651ffe25-ae94-43fc-8302-a5bed26e52fb", "HTTPHeaders": {"x-amzn-requestid": "651ffe25-ae94-43fc-8302-a5bed26e52fb", "transfer-encoding": "chunked", "vary": "accept-encoding", "server": "AmazonEC2", "date": "Tue, 19 May 2020 15:19:06 GMT", "content-type": "text/xml;charset=UTF-8"}}}}