{"region": "us-east-1", "operation": "DescribeVolumeStatus", "service": "ec2", "response": {"ResponseMetadata": {"RetryAttempts": 0, "HTTPStatusCode": 200, "RequestId": "7a0549af-db1b-4261-94bd-7f351ca0c83b", "HTTPHeaders": {"x-amzn-requestid": "7a0549af-db1b-4261-94bd-7f351ca0c83b", "transfer-encoding": "chunked", "vary": "accept-encoding", "server": "AmazonEC2", "date": "Tue, 19 May 2020 15:19:04 GMT", "content-type": "text/xml;charset=UTF-8"}}, "VolumeStatuses": [{"VolumeStatus": {"Status": "ok", "Details": [{"Status": "passed", "Name": "io-enabled"}, {"Status": "not-applicable", "Name": "io-performance"}]}, "AvailabilityZone": "us-east-1b", "Events": [], "Actions": [], "VolumeId": "vol-066324dbd7b53a8ee"}, {"VolumeStatus": {"Status": "ok", "Details": [{"Status": "passed", "Name": "io-enabled"}, {"Status": "not-applicable", "Name": "io-performance"}]}, "AvailabilityZone": "us-east-1b", "Events": [], "Actions": [], "VolumeId": "vol-0a8b03ff25141c623"}, {"VolumeStatus": {"Status": "ok", "Details": [{"Status": "passed", "Name": "io-enabled"}, {"Status": "not-applicable", "Name": "io-performance"}]}, "AvailabilityZone": "us-east-1b", "Events": [], "Actions": [], "VolumeId": "vol-05c7313baa5fcd299"}, {"VolumeStatus": {"Status": "ok", "Details": [{"Status": "passed", "Name": "io-enabled"}, {"Status": "not-applicable", "Name": "io-performance"}]}, "AvailabilityZone": "us-east-1b", "Events": [], "Actions": [], "VolumeId": "vol-02eba4c74cfe09658"}, {"VolumeStatus": {"Status": "ok", "Details": [{"Status": "passed", "Name": "io-enabled"}, {"Status": "not-applicable", "Name": "io-performance"}]}, "AvailabilityZone": "us-east-1b", "Events": [], "Actions": [], "VolumeId": "vol-0c052f08957ddbc38"}, {"VolumeStatus": {"Status": "ok", "Details": [{"Status": "passed", "Name": "io-enabled"}, {"Status": "not-applicable", "Name": "io-performance"}]}, "AvailabilityZone": "us-east-1b", "Events": [], "Actions": [], "VolumeId": "vol-0f29194bdcb87c93f"}, {"VolumeStatus": {"Status": "ok", "Details": [{"Status": "passed", "Name": "io-enabled"}, {"Status": "not-applicable", "Name": "io-performance"}]}, "AvailabilityZone": "us-east-1b", "Events": [], "Actions": [], "VolumeId": "vol-063d681778336b161"}, {"VolumeStatus": {"Status": "ok", "Details": [{"Status": "passed", "Name": "io-enabled"}, {"Status": "not-applicable", "Name": "io-performance"}]}, "AvailabilityZone": "us-east-1b", "Events": [], "Actions": [], "VolumeId": "vol-0b42949fd4318b0eb"}, {"VolumeStatus": {"Status": "ok", "Details": [{"Status": "passed", "Name": "io-enabled"}, {"Status": "not-applicable", "Name": "io-performance"}]}, "AvailabilityZone": "us-east-1b", "Events": [], "Actions": [], "VolumeId": "vol-0ca035133f2ec26d8"}, {"VolumeStatus": {"Status": "ok", "Details": [{"Status": "passed", "Name": "io-enabled"}, {"Status": "not-applicable", "Name": "io-performance"}]}, "AvailabilityZone": "us-east-1b", "Events": [], "Actions": [], "VolumeId": "vol-0636b73f03627e467"}, {"VolumeStatus": {"Status": "ok", "Details": [{"Status": "passed", "Name": "io-enabled"}, {"Status": "not-applicable", "Name": "io-performance"}]}, "AvailabilityZone": "us-east-1b", "Events": [], "Actions": [], "VolumeId": "vol-0631cb30ab1348057"}, {"VolumeStatus": {"Status": "ok", "Details": [{"Status": "passed", "Name": "io-enabled"}, {"Status": "not-applicable", "Name": "io-performance"}]}, "AvailabilityZone": "us-east-1a", "Events": [], "Actions": [], "VolumeId": "vol-083fb56ed8d249c05"}, {"VolumeStatus": {"Status": "ok", "Details": [{"Status": "passed", "Name": "io-enabled"}, {"Status": "not-applicable", "Name": "io-performance"}]}, "AvailabilityZone": "us-east-1a", "Events": [], "Actions": [], "VolumeId": "vol-02c6ec585242c05a0"}, {"VolumeStatus": {"Status": "ok", "Details": [{"Status": "passed", "Name": "io-enabled"}, {"Status": "not-applicable", "Name": "io-performance"}]}, "AvailabilityZone": "us-east-1a", "Events": [], "Actions": [], "VolumeId": "vol-0e6378605872a1724"}, {"VolumeStatus": {"Status": "ok", "Details": [{"Status": "passed", "Name": "io-enabled"}, {"Status": "not-applicable", "Name": "io-performance"}]}, "AvailabilityZone": "us-east-1a", "Events": [], "Actions": [], "VolumeId": "vol-041733f9928040c94"}, {"VolumeStatus": {"Status": "ok", "Details": [{"Status": "passed", "Name": "io-enabled"}, {"Status": "not-applicable", "Name": "io-performance"}]}, "AvailabilityZone": "us-east-1a", "Events": [], "Actions": [], "VolumeId": "vol-0f6fb408491b4bc3e"}, {"VolumeStatus": {"Status": "ok", "Details": [{"Status": "passed", "Name": "io-enabled"}, {"Status": "not-applicable", "Name": "io-performance"}]}, "AvailabilityZone": "us-east-1a", "Events": [], "Actions": [], "VolumeId": "vol-0e9efd246cdc6ccf6"}, {"VolumeStatus": {"Status": "ok", "Details": [{"Status": "passed", "Name": "io-enabled"}, {"Status": "not-applicable", "Name": "io-performance"}]}, "AvailabilityZone": "us-east-1d", "Events": [], "Actions": [], "VolumeId": "vol-0749c70740076642b"}, {"VolumeStatus": {"Status": "ok", "Details": [{"Status": "passed", "Name": "io-enabled"}, {"Status": "not-applicable", "Name": "io-performance"}]}, "AvailabilityZone": "us-east-1d", "Events": [], "Actions": [], "VolumeId": "vol-09b3a2ec278843baf"}, {"VolumeStatus": {"Status": "ok", "Details": [{"Status": "passed", "Name": "io-enabled"}, {"Status": "not-applicable", "Name": "io-performance"}]}, "AvailabilityZone": "us-east-1d", "Events": [], "Actions": [], "VolumeId": "vol-02cc84d8727a873fd"}, {"VolumeStatus": {"Status": "ok", "Details": [{"Status": "passed", "Name": "io-enabled"}, {"Status": "not-applicable", "Name": "io-performance"}]}, "AvailabilityZone": "us-east-1d", "Events": [], "Actions": [], "VolumeId": "vol-0d5ed63f4ef1db449"}, {"VolumeStatus": {"Status": "ok", "Details": [{"Status": "passed", "Name": "io-enabled"}, {"Status": "not-applicable", "Name": "io-performance"}]}, "AvailabilityZone": "us-east-1d", "Events": [], "Actions": [], "VolumeId": "vol-009b73de01482f3df"}, {"VolumeStatus": {"Status": "ok", "Details": [{"Status": "passed", "Name": "io-enabled"}, {"Status": "not-applicable", "Name": "io-performance"}]}, "AvailabilityZone": "us-east-1c", "Events": [], "Actions": [], "VolumeId": "vol-01fad23f6cdd3788a"}, {"VolumeStatus": {"Status": "ok", "Details": [{"Status": "passed", "Name": "io-enabled"}, {"Status": "not-applicable", "Name": "io-performance"}]}, "AvailabilityZone": "us-east-1c", "Events": [], "Actions": [], "VolumeId": "vol-06c6d1c5ad42eda4b"}, {"VolumeStatus": {"Status": "ok", "Details": [{"Status": "passed", "Name": "io-enabled"}, {"Status": "not-applicable", "Name": "io-performance"}]}, "AvailabilityZone": "us-east-1c", "Events": [], "Actions": [], "VolumeId": "vol-01b7f6fb56bc47866"}, {"VolumeStatus": {"Status": "ok", "Details": [{"Status": "passed", "Name": "io-enabled"}, {"Status": "not-applicable", "Name": "io-performance"}]}, "AvailabilityZone": "us-east-1c", "Events": [], "Actions": [], "VolumeId": "vol-0ee188d7b2467f450"}, {"VolumeStatus": {"Status": "ok", "Details": [{"Status": "passed", "Name": "io-enabled"}, {"Status": "not-applicable", "Name": "io-performance"}]}, "AvailabilityZone": "us-east-1c", "Events": [], "Actions": [], "VolumeId": "vol-0845900f757e8affc"}, {"VolumeStatus": {"Status": "ok", "Details": [{"Status": "passed", "Name": "io-enabled"}, {"Status": "not-applicable", "Name": "io-performance"}]}, "AvailabilityZone": "us-east-1c", "Events": [], "Actions": [], "VolumeId": "vol-0a8fc74d6e40a9a74"}, {"VolumeStatus": {"Status": "ok", "Details": [{"Status": "passed", "Name": "io-enabled"}, {"Status": "not-applicable", "Name": "io-performance"}]}, "AvailabilityZone": "us-east-1c", "Events": [], "Actions": [], "VolumeId": "vol-09e4ef0f5dfee8f34"}, {"VolumeStatus": {"Status": "ok", "Details": [{"Status": "passed", "Name": "io-enabled"}, {"Status": "not-applicable", "Name": "io-performance"}]}, "AvailabilityZone": "us-east-1c", "Events": [], "Actions": [], "VolumeId": "vol-0e186d7836504a444"}, {"VolumeStatus": {"Status": "ok", "Details": [{"Status": "passed", "Name": "io-enabled"}, {"Status": "not-applicable", "Name": "io-performance"}]}, "AvailabilityZone": "us-east-1c", "Events": [], "Actions": [], "VolumeId": "vol-0dffc025bef3b4c12"}, {"VolumeStatus": {"Status": "ok", "Details": [{"Status": "passed", "Name": "io-enabled"}, {"Status": "not-applicable", "Name": "io-performance"}]}, "AvailabilityZone": "us-east-1c", "Events": [], "Actions": [], "VolumeId": "vol-036d8488375db1624"}, {"VolumeStatus": {"Status": "ok", "Details": [{"Status": "passed", "Name": "io-enabled"}, {"Status": "not-applicable", "Name": "io-performance"}]}, "AvailabilityZone": "us-east-1c", "Events": [], "Actions": [], "VolumeId": "vol-0db10ec61df7f8a15"}, {"VolumeStatus": {"Status": "ok", "Details": [{"Status": "passed", "Name": "io-enabled"}, {"Status": "not-applicable", "Name": "io-performance"}]}, "AvailabilityZone": "us-east-1c", "Events": [], "Actions": [], "VolumeId": "vol-030747dd72fe98de0"}, {"VolumeStatus": {"Status": "ok", "Details": [{"Status": "passed", "Name": "io-enabled"}, {"Status": "not-applicable", "Name": "io-performance"}]}, "AvailabilityZone": "us-east-1c", "Events": [], "Actions": [], "VolumeId": "vol-0140ae9c7c4e7a4a5"}, {"VolumeStatus": {"Status": "ok", "Details": [{"Status": "passed", "Name": "io-enabled"}, {"Status": "not-applicable", "Name": "io-performance"}]}, "AvailabilityZone": "us-east-1c", "Events": [], "Actions": [], "VolumeId": "vol-070761aaa0ce2aeb4"}, {"VolumeStatus": {"Status": "ok", "Details": [{"Status": "passed", "Name": "io-enabled"}, {"Status": "not-applicable", "Name": "io-performance"}]}, "AvailabilityZone": "us-east-1c", "Events": [], "Actions": [], "VolumeId": "vol-0d0e2ef3831ee3b69"}, {"VolumeStatus": {"Status": "ok", "Details": [{"Status": "passed", "Name": "io-enabled"}, {"Status": "not-applicable", "Name": "io-performance"}]}, "AvailabilityZone": "us-east-1c", "Events": [], "Actions": [], "VolumeId": "vol-01f9ff3155a1ef91d"}, {"VolumeStatus": {"Status": "ok", "Details": [{"Status": "passed", "Name": "io-enabled"}, {"Status": "not-applicable", "Name": "io-performance"}]}, "AvailabilityZone": "us-east-1c", "Events": [], "Actions": [], "VolumeId": "vol-059c2fa43587aee14"}, {"VolumeStatus": {"Status": "ok", "Details": [{"Status": "passed", "Name": "io-enabled"}, {"Status": "not-applicable", "Name": "io-performance"}]}, "AvailabilityZone": "us-east-1c", "Events": [], "Actions": [], "VolumeId": "vol-0d3256120df173996"}]}}