{"region": "eu-west-3", "operation": "DescribeInstanceTypeOfferings", "service": "ec2", "response": {"ResponseMetadata": {"RetryAttempts": 0, "HTTPStatusCode": 200, "RequestId": "fce1b6c8-1db3-4b25-9733-4c9108d2ca1a", "HTTPHeaders": {"x-amzn-requestid": "fce1b6c8-1db3-4b25-9733-4c9108d2ca1a", "transfer-encoding": "chunked", "vary": "accept-encoding", "server": "AmazonEC2", "date": "Tue, 19 May 2020 15:20:12 GMT", "content-type": "text/xml;charset=UTF-8"}}, "InstanceTypeOfferings": [{"LocationType": "region", "InstanceType": "r4.2xlarge", "Location": "eu-west-3"}, {"LocationType": "region", "InstanceType": "g4dn.xlarge", "Location": "eu-west-3"}, {"LocationType": "region", "InstanceType": "m5ad.12xlarge", "Location": "eu-west-3"}, {"LocationType": "region", "InstanceType": "r4.16xlarge", "Location": "eu-west-3"}, {"LocationType": "region", "InstanceType": "g4dn.12xlarge", "Location": "eu-west-3"}, {"LocationType": "region", "InstanceType": "i3.8xlarge", "Location": "eu-west-3"}, {"LocationType": "region", "InstanceType": "m5ad.4xlarge", "Location": "eu-west-3"}, {"LocationType": "region", "InstanceType": "m5d.12xlarge", "Location": "eu-west-3"}, {"LocationType": "region", "InstanceType": "c5.2xlarge", "Location": "eu-west-3"}, {"LocationType": "region", "InstanceType": "r5.4xlarge", "Location": "eu-west-3"}, {"LocationType": "region", "InstanceType": "m5ad.8xlarge", "Location": "eu-west-3"}, {"LocationType": "region", "InstanceType": "m5a.16xlarge", "Location": "eu-west-3"}, {"LocationType": "region", "InstanceType": "i3en.3xlarge", "Location": "eu-west-3"}, {"LocationType": "region", "InstanceType": "c5.18xlarge", "Location": "eu-west-3"}, {"LocationType": "region", "InstanceType": "m5d.16xlarge", "Location": "eu-west-3"}, {"LocationType": "region", "InstanceType": "c5.4xlarge", "Location": "eu-west-3"}, {"LocationType": "region", "InstanceType": "r5.16xlarge", "Location": "eu-west-3"}, {"LocationType": "region", "InstanceType": "r5ad.2xlarge", "Location": "eu-west-3"}, {"LocationType": "region", "InstanceType": "i3en.24xlarge", "Location": "eu-west-3"}, {"LocationType": "region", "InstanceType": "t3a.2xlarge", "Location": "eu-west-3"}, {"LocationType": "region", "InstanceType": "r5d.12xlarge", "Location": "eu-west-3"}, {"LocationType": "region", "InstanceType": "i3.xlarge", "Location": "eu-west-3"}, {"LocationType": "region", "InstanceType": "t2.xlarge", "Location": "eu-west-3"}, {"LocationType": "region", "InstanceType": "g4dn.metal", "Location": "eu-west-3"}, {"LocationType": "region", "InstanceType": "t3a.medium", "Location": "eu-west-3"}, {"LocationType": "region", "InstanceType": "m5ad.16xlarge", "Location": "eu-west-3"}, {"LocationType": "region", "InstanceType": "r5a.12xlarge", "Location": "eu-west-3"}, {"LocationType": "region", "InstanceType": "m5a.4xlarge", "Location": "eu-west-3"}, {"LocationType": "region", "InstanceType": "r5ad.xlarge", "Location": "eu-west-3"}, {"LocationType": "region", "InstanceType": "m5.12xlarge", "Location": "eu-west-3"}, {"LocationType": "region", "InstanceType": "r5a.16xlarge", "Location": "eu-west-3"}, {"LocationType": "region", "InstanceType": "r4.8xlarge", "Location": "eu-west-3"}, {"LocationType": "region", "InstanceType": "m5.24xlarge", "Location": "eu-west-3"}, {"LocationType": "region", "InstanceType": "m5.2xlarge", "Location": "eu-west-3"}, {"LocationType": "region", "InstanceType": "m5.4xlarge", "Location": "eu-west-3"}, {"LocationType": "region", "InstanceType": "r5a.4xlarge", "Location": "eu-west-3"}, {"LocationType": "region", "InstanceType": "m5.large", "Location": "eu-west-3"}, {"LocationType": "region", "InstanceType": "i3en.6xlarge", "Location": "eu-west-3"}, {"LocationType": "region", "InstanceType": "t3a.micro", "Location": "eu-west-3"}, {"LocationType": "region", "InstanceType": "m5ad.24xlarge", "Location": "eu-west-3"}, {"LocationType": "region", "InstanceType": "i3en.large", "Location": "eu-west-3"}, {"LocationType": "region", "InstanceType": "m5a.8xlarge", "Location": "eu-west-3"}, {"LocationType": "region", "InstanceType": "t3.medium", "Location": "eu-west-3"}, {"LocationType": "region", "InstanceType": "i3en.2xlarge", "Location": "eu-west-3"}, {"LocationType": "region", "InstanceType": "g4dn.8xlarge", "Location": "eu-west-3"}, {"LocationType": "region", "InstanceType": "r5ad.12xlarge", "Location": "eu-west-3"}, {"LocationType": "region", "InstanceType": "m5a.24xlarge", "Location": "eu-west-3"}, {"LocationType": "region", "InstanceType": "r5d.xlarge", "Location": "eu-west-3"}, {"LocationType": "region", "InstanceType": "m5d.4xlarge", "Location": "eu-west-3"}, {"LocationType": "region", "InstanceType": "c5d.xlarge", "Location": "eu-west-3"}, {"LocationType": "region", "InstanceType": "c5.9xlarge", "Location": "eu-west-3"}, {"LocationType": "region", "InstanceType": "r5d.24xlarge", "Location": "eu-west-3"}, {"LocationType": "region", "InstanceType": "m5.8xlarge", "Location": "eu-west-3"}, {"LocationType": "region", "InstanceType": "r5ad.8xlarge", "Location": "eu-west-3"}, {"LocationType": "region", "InstanceType": "r5a.8xlarge", "Location": "eu-west-3"}, {"LocationType": "region", "InstanceType": "d2.2xlarge", "Location": "eu-west-3"}, {"LocationType": "region", "InstanceType": "c5.large", "Location": "eu-west-3"}, {"LocationType": "region", "InstanceType": "i3.16xlarge", "Location": "eu-west-3"}, {"LocationType": "region", "InstanceType": "r5d.2xlarge", "Location": "eu-west-3"}, {"LocationType": "region", "InstanceType": "r5a.24xlarge", "Location": "eu-west-3"}, {"LocationType": "region", "InstanceType": "i3.4xlarge", "Location": "eu-west-3"}, {"LocationType": "region", "InstanceType": "x1.32xlarge", "Location": "eu-west-3"}, {"LocationType": "region", "InstanceType": "r5a.2xlarge", "Location": "eu-west-3"}, {"LocationType": "region", "InstanceType": "t3a.small", "Location": "eu-west-3"}, {"LocationType": "region", "InstanceType": "g4dn.2xlarge", "Location": "eu-west-3"}, {"LocationType": "region", "InstanceType": "i3.2xlarge", "Location": "eu-west-3"}, {"LocationType": "region", "InstanceType": "r5a.large", "Location": "eu-west-3"}, {"LocationType": "region", "InstanceType": "t3.micro", "Location": "eu-west-3"}, {"LocationType": "region", "InstanceType": "t2.small", "Location": "eu-west-3"}, {"LocationType": "region", "InstanceType": "i3en.metal", "Location": "eu-west-3"}, {"LocationType": "region", "InstanceType": "m5d.8xlarge", "Location": "eu-west-3"}, {"LocationType": "region", "InstanceType": "r5.xlarge", "Location": "eu-west-3"}, {"LocationType": "region", "InstanceType": "t2.micro", "Location": "eu-west-3"}, {"LocationType": "region", "InstanceType": "d2.xlarge", "Location": "eu-west-3"}, {"LocationType": "region", "InstanceType": "r5.metal", "Location": "eu-west-3"}, {"LocationType": "region", "InstanceType": "m5a.xlarge", "Location": "eu-west-3"}, {"LocationType": "region", "InstanceType": "c5d.large", "Location": "eu-west-3"}, {"LocationType": "region", "InstanceType": "r5ad.large", "Location": "eu-west-3"}, {"LocationType": "region", "InstanceType": "t2.nano", "Location": "eu-west-3"}, {"LocationType": "region", "InstanceType": "x1.16xlarge", "Location": "eu-west-3"}, {"LocationType": "region", "InstanceType": "r5d.4xlarge", "Location": "eu-west-3"}, {"LocationType": "region", "InstanceType": "t3.small", "Location": "eu-west-3"}, {"LocationType": "region", "InstanceType": "c5.24xlarge", "Location": "eu-west-3"}, {"LocationType": "region", "InstanceType": "t2.medium", "Location": "eu-west-3"}, {"LocationType": "region", "InstanceType": "r5.8xlarge", "Location": "eu-west-3"}, {"LocationType": "region", "InstanceType": "i3.large", "Location": "eu-west-3"}, {"LocationType": "region", "InstanceType": "t2.large", "Location": "eu-west-3"}, {"LocationType": "region", "InstanceType": "c5.metal", "Location": "eu-west-3"}, {"LocationType": "region", "InstanceType": "r5.2xlarge", "Location": "eu-west-3"}, {"LocationType": "region", "InstanceType": "c5.12xlarge", "Location": "eu-west-3"}, {"LocationType": "region", "InstanceType": "c5d.9xlarge", "Location": "eu-west-3"}, {"LocationType": "region", "InstanceType": "r4.4xlarge", "Location": "eu-west-3"}, {"LocationType": "region", "InstanceType": "c5d.4xlarge", "Location": "eu-west-3"}, {"LocationType": "region", "InstanceType": "t3a.nano", "Location": "eu-west-3"}, {"LocationType": "region", "InstanceType": "m5ad.large", "Location": "eu-west-3"}, {"LocationType": "region", "InstanceType": "m5ad.2xlarge", "Location": "eu-west-3"}, {"LocationType": "region", "InstanceType": "m5d.metal", "Location": "eu-west-3"}, {"LocationType": "region", "InstanceType": "m5d.24xlarge", "Location": "eu-west-3"}, {"LocationType": "region", "InstanceType": "t3.2xlarge", "Location": "eu-west-3"}, {"LocationType": "region", "InstanceType": "i3en.xlarge", "Location": "eu-west-3"}, {"LocationType": "region", "InstanceType": "t2.2xlarge", "Location": "eu-west-3"}, {"LocationType": "region", "InstanceType": "c5.xlarge", "Location": "eu-west-3"}, {"LocationType": "region", "InstanceType": "m5a.large", "Location": "eu-west-3"}, {"LocationType": "region", "InstanceType": "r5.large", "Location": "eu-west-3"}, {"LocationType": "region", "InstanceType": "i3en.12xlarge", "Location": "eu-west-3"}, {"LocationType": "region", "InstanceType": "t3.xlarge", "Location": "eu-west-3"}, {"LocationType": "region", "InstanceType": "c5d.2xlarge", "Location": "eu-west-3"}, {"LocationType": "region", "InstanceType": "r4.large", "Location": "eu-west-3"}, {"LocationType": "region", "InstanceType": "c5d.18xlarge", "Location": "eu-west-3"}, {"LocationType": "region", "InstanceType": "r5ad.16xlarge", "Location": "eu-west-3"}, {"LocationType": "region", "InstanceType": "m5d.xlarge", "Location": "eu-west-3"}, {"LocationType": "region", "InstanceType": "t3.large", "Location": "eu-west-3"}, {"LocationType": "region", "InstanceType": "g4dn.16xlarge", "Location": "eu-west-3"}, {"LocationType": "region", "InstanceType": "t3a.large", "Location": "eu-west-3"}, {"LocationType": "region", "InstanceType": "r5d.16xlarge", "Location": "eu-west-3"}, {"LocationType": "region", "InstanceType": "t3.nano", "Location": "eu-west-3"}, {"LocationType": "region", "InstanceType": "d2.8xlarge", "Location": "eu-west-3"}, {"LocationType": "region", "InstanceType": "m5a.12xlarge", "Location": "eu-west-3"}, {"LocationType": "region", "InstanceType": "r5.12xlarge", "Location": "eu-west-3"}, {"LocationType": "region", "InstanceType": "m5d.large", "Location": "eu-west-3"}, {"LocationType": "region", "InstanceType": "r4.xlarge", "Location": "eu-west-3"}, {"LocationType": "region", "InstanceType": "m5.16xlarge", "Location": "eu-west-3"}, {"LocationType": "region", "InstanceType": "d2.4xlarge", "Location": "eu-west-3"}, {"LocationType": "region", "InstanceType": "m5d.2xlarge", "Location": "eu-west-3"}, {"LocationType": "region", "InstanceType": "g4dn.4xlarge", "Location": "eu-west-3"}, {"LocationType": "region", "InstanceType": "r5ad.24xlarge", "Location": "eu-west-3"}, {"LocationType": "region", "InstanceType": "r5.24xlarge", "Location": "eu-west-3"}, {"LocationType": "region", "InstanceType": "m5.metal", "Location": "eu-west-3"}, {"LocationType": "region", "InstanceType": "r5a.xlarge", "Location": "eu-west-3"}, {"LocationType": "region", "InstanceType": "m5ad.xlarge", "Location": "eu-west-3"}, {"LocationType": "region", "InstanceType": "m5a.2xlarge", "Location": "eu-west-3"}, {"LocationType": "region", "InstanceType": "r5ad.4xlarge", "Location": "eu-west-3"}, {"LocationType": "region", "InstanceType": "r5d.8xlarge", "Location": "eu-west-3"}, {"LocationType": "region", "InstanceType": "r5d.large", "Location": "eu-west-3"}, {"LocationType": "region", "InstanceType": "r5d.metal", "Location": "eu-west-3"}, {"LocationType": "region", "InstanceType": "t3a.xlarge", "Location": "eu-west-3"}, {"LocationType": "region", "InstanceType": "m5.xlarge", "Location": "eu-west-3"}]}}