{"region": "us-east-1", "operation": "DescribeAddresses", "service": "ec2", "response": {"Addresses": [{"PublicIp": "54.88.136.26", "Domain": "vpc", "AllocationId": "eipalloc-0d4b9cd4e54707e8d", "PublicIpv4Pool": "amazon", "NetworkBorderGroup": "us-east-1"}], "ResponseMetadata": {"RetryAttempts": 0, "HTTPStatusCode": 200, "RequestId": "f8b18818-afb8-478c-9bdc-68b7e6e50fb7", "HTTPHeaders": {"x-amzn-requestid": "f8b18818-afb8-478c-9bdc-68b7e6e50fb7", "date": "Tue, 19 May 2020 15:20:18 GMT", "content-length": "540", "content-type": "text/xml;charset=UTF-8", "server": "AmazonEC2"}}}}