{"region": "us-east-2", "operation": "DescribeTags", "service": "ec2", "response": {"ResponseMetadata": {"RetryAttempts": 0, "HTTPStatusCode": 200, "RequestId": "ec04dcd5-ba57-42c0-bfc0-8cd664b67512", "HTTPHeaders": {"x-amzn-requestid": "ec04dcd5-ba57-42c0-bfc0-8cd664b67512", "transfer-encoding": "chunked", "vary": "accept-encoding", "server": "AmazonEC2", "date": "Tue, 19 May 2020 15:18:10 GMT", "content-type": "text/xml;charset=UTF-8"}}, "Tags": [{"ResourceType": "instance", "ResourceId": "i-00339a3e6962c0d91", "Value": "Platinum", "Key": "AppCat"}, {"ResourceType": "instance", "ResourceId": "i-00339a3e6962c0d91", "Value": "", "Key": "ApplicationID"}, {"ResourceType": "instance", "ResourceId": "i-00339a3e6962c0d91", "Value": "", "Key": "ApplicationOwner"}, {"ResourceType": "instance", "ResourceId": "i-00339a3e6962c0d91", "Value": "n", "Key": "Backup"}, {"ResourceType": "instance", "ResourceId": "i-00339a3e6962c0d91", "Value": "whq", "Key": "BusinessUnit"}, {"ResourceType": "instance", "ResourceId": "i-00339a3e6962c0d91", "Value": "", "Key": "ComplianceRequirement"}, {"ResourceType": "instance", "ResourceId": "i-00339a3e6962c0d91", "Value": "109741", "Key": "CostCenter"}, {"ResourceType": "instance", "ResourceId": "i-00339a3e6962c0d91", "Value": "gcs", "Key": "Department"}, {"ResourceType": "instance", "ResourceId": "i-00339a3e6962c0d91", "Value": "prod", "Key": "Environment"}, {"ResourceType": "instance", "ResourceId": "i-00339a3e6962c0d91", "Value": "", "Key": "FQDN"}, {"ResourceType": "instance", "ResourceId": "i-00339a3e6962c0d91", "Value": "lt", "Key": "MaxLifeTime"}, {"ResourceType": "instance", "ResourceId": "i-00339a3e6962c0d91", "Value": "VMC10135PC002", "Key": "Name"}, {"ResourceType": "instance", "ResourceId": "i-00339a3e6962c0d91", "Value": "1.0", "Key": "Version"}, {"ResourceType": "instance", "ResourceId": "i-0a69e6c4273b738f6", "Value": "Platinum", "Key": "AppCat"}, {"ResourceType": "instance", "ResourceId": "i-0a69e6c4273b738f6", "Value": "", "Key": "ApplicationID"}, {"ResourceType": "instance", "ResourceId": "i-0a69e6c4273b738f6", "Value": "", "Key": "ApplicationOwner"}, {"ResourceType": "instance", "ResourceId": "i-0a69e6c4273b738f6", "Value": "n", "Key": "Backup"}, {"ResourceType": "instance", "ResourceId": "i-0a69e6c4273b738f6", "Value": "whq", "Key": "BusinessUnit"}, {"ResourceType": "instance", "ResourceId": "i-0a69e6c4273b738f6", "Value": "", "Key": "ComplianceRequirement"}, {"ResourceType": "instance", "ResourceId": "i-0a69e6c4273b738f6", "Value": "109741", "Key": "CostCenter"}, {"ResourceType": "instance", "ResourceId": "i-0a69e6c4273b738f6", "Value": "gcs", "Key": "Department"}, {"ResourceType": "instance", "ResourceId": "i-0a69e6c4273b738f6", "Value": "prod", "Key": "Environment"}, {"ResourceType": "instance", "ResourceId": "i-0a69e6c4273b738f6", "Value": "", "Key": "FQDN"}, {"ResourceType": "instance", "ResourceId": "i-0a69e6c4273b738f6", "Value": "lt", "Key": "MaxLifeTime"}, {"ResourceType": "instance", "ResourceId": "i-0a69e6c4273b738f6", "Value": "VMC10135PC004", "Key": "Name"}, {"ResourceType": "instance", "ResourceId": "i-0a69e6c4273b738f6", "Value": "1.0", "Key": "Version"}, {"ResourceType": "instance", "ResourceId": "i-0c1bcd6083690cd92", "Value": "Platinum", "Key": "AppCat"}, {"ResourceType": "instance", "ResourceId": "i-0c1bcd6083690cd92", "Value": "", "Key": "ApplicationID"}, {"ResourceType": "instance", "ResourceId": "i-0c1bcd6083690cd92", "Value": "", "Key": "ApplicationOwner"}, {"ResourceType": "instance", "ResourceId": "i-0c1bcd6083690cd92", "Value": "n", "Key": "Backup"}, {"ResourceType": "instance", "ResourceId": "i-0c1bcd6083690cd92", "Value": "whq", "Key": "BusinessUnit"}, {"ResourceType": "instance", "ResourceId": "i-0c1bcd6083690cd92", "Value": "", "Key": "ComplianceRequirement"}, {"ResourceType": "instance", "ResourceId": "i-0c1bcd6083690cd92", "Value": "109741", "Key": "CostCenter"}, {"ResourceType": "instance", "ResourceId": "i-0c1bcd6083690cd92", "Value": "gcs", "Key": "Department"}, {"ResourceType": "instance", "ResourceId": "i-0c1bcd6083690cd92", "Value": "prod", "Key": "Environment"}, {"ResourceType": "instance", "ResourceId": "i-0c1bcd6083690cd92", "Value": "", "Key": "FQDN"}, {"ResourceType": "instance", "ResourceId": "i-0c1bcd6083690cd92", "Value": "lt", "Key": "MaxLifeTime"}, {"ResourceType": "instance", "ResourceId": "i-0c1bcd6083690cd92", "Value": "VMC10135PC001", "Key": "Name"}, {"ResourceType": "instance", "ResourceId": "i-0c1bcd6083690cd92", "Value": "1.0", "Key": "Version"}, {"ResourceType": "instance", "ResourceId": "i-0ee090d1a9ac61097", "Value": "Platinum", "Key": "AppCat"}, {"ResourceType": "instance", "ResourceId": "i-0ee090d1a9ac61097", "Value": "", "Key": "ApplicationID"}, {"ResourceType": "instance", "ResourceId": "i-0ee090d1a9ac61097", "Value": "", "Key": "ApplicationOwner"}, {"ResourceType": "instance", "ResourceId": "i-0ee090d1a9ac61097", "Value": "n", "Key": "Backup"}, {"ResourceType": "instance", "ResourceId": "i-0ee090d1a9ac61097", "Value": "whq", "Key": "BusinessUnit"}, {"ResourceType": "instance", "ResourceId": "i-0ee090d1a9ac61097", "Value": "", "Key": "ComplianceRequirement"}, {"ResourceType": "instance", "ResourceId": "i-0ee090d1a9ac61097", "Value": "109741", "Key": "CostCenter"}, {"ResourceType": "instance", "ResourceId": "i-0ee090d1a9ac61097", "Value": "gcs", "Key": "Department"}, {"ResourceType": "instance", "ResourceId": "i-0ee090d1a9ac61097", "Value": "prod", "Key": "Environment"}, {"ResourceType": "instance", "ResourceId": "i-0ee090d1a9ac61097", "Value": "", "Key": "FQDN"}, {"ResourceType": "instance", "ResourceId": "i-0ee090d1a9ac61097", "Value": "lt", "Key": "MaxLifeTime"}, {"ResourceType": "instance", "ResourceId": "i-0ee090d1a9ac61097", "Value": "VMC10135PC003", "Key": "Name"}, {"ResourceType": "instance", "ResourceId": "i-0ee090d1a9ac61097", "Value": "1.0", "Key": "Version"}, {"ResourceType": "volume", "ResourceId": "vol-0157943ec326cab2c", "Value": "instances-pri2", "Key": "Name"}, {"ResourceType": "volume", "ResourceId": "vol-03547ed9ed187259a", "Value": "Instanes-pri3", "Key": "Name"}, {"ResourceType": "volume", "ResourceId": "vol-03bb45b0c91642c6f", "Value": "Instanes-pri3", "Key": "Name"}, {"ResourceType": "volume", "ResourceId": "vol-055f8283a400818fc", "Value": "instances-pri2", "Key": "Name"}, {"ResourceType": "volume", "ResourceId": "vol-0718c7b56b4d04a00", "Value": "instances-pri2", "Key": "Name"}, {"ResourceType": "volume", "ResourceId": "vol-09f3da221d323b69d", "Value": "Instanes-pri3", "Key": "Name"}, {"ResourceType": "volume", "ResourceId": "vol-0b216025618fdf0f6", "Value": "Instanes-pri3", "Key": "Name"}, {"ResourceType": "volume", "ResourceId": "vol-0f58b720f41614750", "Value": "instances-pri2", "Key": "Name"}, {"ResourceType": "route-table", "ResourceId": "rtb-01ac2949d71ab9086", "Value": "PublicRouteTable", "Key": "aws:cloudformation:logical-id"}, {"ResourceType": "route-table", "ResourceId": "rtb-01ac2949d71ab9086", "Value": "arn:aws:cloudformation:us-east-2:043898046743:stack/SharedServices-VPC/a97cb7d0-62e4-11ea-8488-0213e0bd929e", "Key": "aws:cloudformation:stack-id"}, {"ResourceType": "route-table", "ResourceId": "rtb-01ac2949d71ab9086", "Value": "SharedServices-VPC", "Key": "aws:cloudformation:stack-name"}, {"ResourceType": "subnet", "ResourceId": "subnet-006149bc560fc8ecb", "Value": "PRI2-AZ2", "Key": "Name"}, {"ResourceType": "subnet", "ResourceId": "subnet-006149bc560fc8ecb", "Value": "Subnet6", "Key": "aws:cloudformation:logical-id"}, {"ResourceType": "subnet", "ResourceId": "subnet-006149bc560fc8ecb", "Value": "arn:aws:cloudformation:us-east-2:043898046743:stack/SharedServices-VPC/a97cb7d0-62e4-11ea-8488-0213e0bd929e", "Key": "aws:cloudformation:stack-id"}, {"ResourceType": "subnet", "ResourceId": "subnet-006149bc560fc8ecb", "Value": "SharedServices-VPC", "Key": "aws:cloudformation:stack-name"}, {"ResourceType": "subnet", "ResourceId": "subnet-011654cbd06480e6a", "Value": "PUB1-AZ1", "Key": "Name"}, {"ResourceType": "subnet", "ResourceId": "subnet-011654cbd06480e6a", "Value": "Subnet1", "Key": "aws:cloudformation:logical-id"}, {"ResourceType": "subnet", "ResourceId": "subnet-011654cbd06480e6a", "Value": "arn:aws:cloudformation:us-east-2:043898046743:stack/SharedServices-VPC/a97cb7d0-62e4-11ea-8488-0213e0bd929e", "Key": "aws:cloudformation:stack-id"}, {"ResourceType": "subnet", "ResourceId": "subnet-011654cbd06480e6a", "Value": "SharedServices-VPC", "Key": "aws:cloudformation:stack-name"}, {"ResourceType": "subnet", "ResourceId": "subnet-0262c354b7e7875db", "Value": "PRI3-AZ3", "Key": "Name"}, {"ResourceType": "subnet", "ResourceId": "subnet-0262c354b7e7875db", "Value": "Subnet7", "Key": "aws:cloudformation:logical-id"}, {"ResourceType": "subnet", "ResourceId": "subnet-0262c354b7e7875db", "Value": "arn:aws:cloudformation:us-east-2:043898046743:stack/SharedServices-VPC/a97cb7d0-62e4-11ea-8488-0213e0bd929e", "Key": "aws:cloudformation:stack-id"}, {"ResourceType": "subnet", "ResourceId": "subnet-0262c354b7e7875db", "Value": "SharedServices-VPC", "Key": "aws:cloudformation:stack-name"}, {"ResourceType": "subnet", "ResourceId": "subnet-0270d9dd401f3c7ee", "Value": "PRI4-AZ1", "Key": "Name"}, {"ResourceType": "subnet", "ResourceId": "subnet-0270d9dd401f3c7ee", "Value": "Subnet8", "Key": "aws:cloudformation:logical-id"}, {"ResourceType": "subnet", "ResourceId": "subnet-0270d9dd401f3c7ee", "Value": "arn:aws:cloudformation:us-east-2:043898046743:stack/SharedServices-VPC/a97cb7d0-62e4-11ea-8488-0213e0bd929e", "Key": "aws:cloudformation:stack-id"}, {"ResourceType": "subnet", "ResourceId": "subnet-0270d9dd401f3c7ee", "Value": "SharedServices-VPC", "Key": "aws:cloudformation:stack-name"}, {"ResourceType": "subnet", "ResourceId": "subnet-03da7c3b78d2da7ad", "Value": "PRI1-AZ1", "Key": "Name"}, {"ResourceType": "subnet", "ResourceId": "subnet-03da7c3b78d2da7ad", "Value": "Subnet5", "Key": "aws:cloudformation:logical-id"}, {"ResourceType": "subnet", "ResourceId": "subnet-03da7c3b78d2da7ad", "Value": "arn:aws:cloudformation:us-east-2:043898046743:stack/SharedServices-VPC/a97cb7d0-62e4-11ea-8488-0213e0bd929e", "Key": "aws:cloudformation:stack-id"}, {"ResourceType": "subnet", "ResourceId": "subnet-03da7c3b78d2da7ad", "Value": "SharedServices-VPC", "Key": "aws:cloudformation:stack-name"}, {"ResourceType": "subnet", "ResourceId": "subnet-040cd0db0de0f40bb", "Value": "PUB4-AZ1", "Key": "Name"}, {"ResourceType": "subnet", "ResourceId": "subnet-040cd0db0de0f40bb", "Value": "Subnet4Public", "Key": "aws:cloudformation:logical-id"}, {"ResourceType": "subnet", "ResourceId": "subnet-040cd0db0de0f40bb", "Value": "arn:aws:cloudformation:us-east-2:043898046743:stack/SharedServices-VPC/a97cb7d0-62e4-11ea-8488-0213e0bd929e", "Key": "aws:cloudformation:stack-id"}, {"ResourceType": "subnet", "ResourceId": "subnet-040cd0db0de0f40bb", "Value": "SharedServices-VPC", "Key": "aws:cloudformation:stack-name"}, {"ResourceType": "subnet", "ResourceId": "subnet-06f0e93db7902b3fb", "Value": "PUB2-AZ2", "Key": "Name"}, {"ResourceType": "subnet", "ResourceId": "subnet-06f0e93db7902b3fb", "Value": "Subnet2", "Key": "aws:cloudformation:logical-id"}, {"ResourceType": "subnet", "ResourceId": "subnet-06f0e93db7902b3fb", "Value": "arn:aws:cloudformation:us-east-2:043898046743:stack/SharedServices-VPC/a97cb7d0-62e4-11ea-8488-0213e0bd929e", "Key": "aws:cloudformation:stack-id"}, {"ResourceType": "subnet", "ResourceId": "subnet-06f0e93db7902b3fb", "Value": "SharedServices-VPC", "Key": "aws:cloudformation:stack-name"}, {"ResourceType": "subnet", "ResourceId": "subnet-0b6d68599591570ec", "Value": "PUB3-AZ3", "Key": "Name"}, {"ResourceType": "subnet", "ResourceId": "subnet-0b6d68599591570ec", "Value": "Subnet3", "Key": "aws:cloudformation:logical-id"}, {"ResourceType": "subnet", "ResourceId": "subnet-0b6d68599591570ec", "Value": "arn:aws:cloudformation:us-east-2:043898046743:stack/SharedServices-VPC/a97cb7d0-62e4-11ea-8488-0213e0bd929e", "Key": "aws:cloudformation:stack-id"}, {"ResourceType": "subnet", "ResourceId": "subnet-0b6d68599591570ec", "Value": "SharedServices-VPC", "Key": "aws:cloudformation:stack-name"}, {"ResourceType": "security-group", "ResourceId": "sg-0c07c720e641f8008", "Value": "Forensics", "Key": "Name"}, {"ResourceType": "security-group", "ResourceId": "sg-0c47d0f9fe39b2b6d", "Value": "Isolation", "Key": "Name"}, {"ResourceType": "vpc", "ResourceId": "vpc-0a2672b859b60b366", "Value": "SharedServices-VPC", "Key": "Name"}, {"ResourceType": "vpc", "ResourceId": "vpc-0a2672b859b60b366", "Value": "VPC", "Key": "aws:cloudformation:logical-id"}, {"ResourceType": "vpc", "ResourceId": "vpc-0a2672b859b60b366", "Value": "arn:aws:cloudformation:us-east-2:043898046743:stack/SharedServices-VPC/a97cb7d0-62e4-11ea-8488-0213e0bd929e", "Key": "aws:cloudformation:stack-id"}, {"ResourceType": "vpc", "ResourceId": "vpc-0a2672b859b60b366", "Value": "SharedServices-VPC", "Key": "aws:cloudformation:stack-name"}, {"ResourceType": "transit-gateway-attachment", "ResourceId": "tgw-attach-09a268085760299e5", "Value": "SharedServices-VPC", "Key": "Name"}]}}