{"region": "us-east-2", "operation": "DescribeInstances", "service": "ec2", "response": {"Reservations": [{"Instances": [{"Monitoring": {"State": "disabled"}, "PublicDnsName": "", "Platform": "windows", "State": {"Code": 16, "Name": "running"}, "EbsOptimized": false, "LaunchTime": "2020-05-13T12:34:42+00:00", "PrivateIpAddress": "10.233.74.170", "ProductCodes": [], "VpcId": "vpc-0a2672b859b60b366", "CpuOptions": {"CoreCount": 4, "ThreadsPerCore": 1}, "StateTransitionReason": "", "InstanceId": "i-0a69e6c4273b738f6", "EnaSupport": true, "ImageId": "ami-0b2ce977c1b36856d", "PrivateDnsName": "ip-10-233-74-170.us-east-2.compute.internal", "KeyName": "Carrier-10135", "SecurityGroups": [{"GroupName": "CAR_AD_SecGrp", "GroupId": "sg-09c7027b422fd2119"}], "ClientToken": "", "SubnetId": "subnet-006149bc560fc8ecb", "InstanceType": "t2.xlarge", "CapacityReservationSpecification": {"CapacityReservationPreference": "open"}, "NetworkInterfaces": [{"Status": "in-use", "MacAddress": "06:39:c9:17:d1:74", "SourceDestCheck": true, "VpcId": "vpc-0a2672b859b60b366", "Description": "Primary network interface", "NetworkInterfaceId": "eni-0d8553d1612199c13", "PrivateIpAddresses": [{"PrivateDnsName": "ip-10-233-74-170.us-east-2.compute.internal", "Primary": true, "PrivateIpAddress": "10.233.74.170"}], "PrivateDnsName": "ip-10-233-74-170.us-east-2.compute.internal", "InterfaceType": "interface", "Attachment": {"Status": "attached", "DeviceIndex": 0, "DeleteOnTermination": true, "AttachmentId": "eni-attach-04306085cee633ad9", "AttachTime": "2020-05-07T15:41:13+00:00"}, "Groups": [{"GroupName": "CAR_AD_SecGrp", "GroupId": "sg-09c7027b422fd2119"}], "Ipv6Addresses": [], "OwnerId": "043898046743", "SubnetId": "subnet-006149bc560fc8ecb", "PrivateIpAddress": "10.233.74.170"}], "SourceDestCheck": true, "Placement": {"Tenancy": "default", "GroupName": "", "AvailabilityZone": "us-east-2b"}, "Hypervisor": "xen", "BlockDeviceMappings": [{"DeviceName": "/dev/sda1", "Ebs": {"Status": "attached", "DeleteOnTermination": false, "VolumeId": "vol-0f58b720f41614750", "AttachTime": "2020-05-07T15:41:14+00:00"}}, {"DeviceName": "xvdb", "Ebs": {"Status": "attached", "DeleteOnTermination": false, "VolumeId": "vol-0157943ec326cab2c", "AttachTime": "2020-05-07T15:41:14+00:00"}}], "Architecture": "x86_64", "RootDeviceType": "ebs", "RootDeviceName": "/dev/sda1", "VirtualizationType": "hvm", "Tags": [{"Value": "Platinum", "Key": "AppCat"}, {"Value": "whq", "Key": "BusinessUnit"}, {"Value": "", "Key": "FQDN"}, {"Value": "109741", "Key": "CostCenter"}, {"Value": "", "Key": "ComplianceRequirement"}, {"Value": "1.0", "Key": "Version"}, {"Value": "VMC10135PC004", "Key": "Name"}, {"Value": "", "Key": "ApplicationOwner"}, {"Value": "n", "Key": "Backup"}, {"Value": "", "Key": "ApplicationID"}, {"Value": "prod", "Key": "Environment"}, {"Value": "gcs", "Key": "Department"}, {"Value": "lt", "Key": "MaxLifeTime"}], "HibernationOptions": {"Configured": false}, "MetadataOptions": {"State": "applied", "HttpEndpoint": "enabled", "HttpTokens": "optional", "HttpPutResponseHopLimit": 1}, "AmiLaunchIndex": 1}, {"Monitoring": {"State": "disabled"}, "PublicDnsName": "", "Platform": "windows", "State": {"Code": 16, "Name": "running"}, "EbsOptimized": false, "LaunchTime": "2020-05-13T12:34:42+00:00", "PrivateIpAddress": "10.233.74.142", "ProductCodes": [], "VpcId": "vpc-0a2672b859b60b366", "CpuOptions": {"CoreCount": 4, "ThreadsPerCore": 1}, "StateTransitionReason": "", "InstanceId": "i-00339a3e6962c0d91", "EnaSupport": true, "ImageId": "ami-0b2ce977c1b36856d", "PrivateDnsName": "ip-10-233-74-142.us-east-2.compute.internal", "KeyName": "Carrier-10135", "SecurityGroups": [{"GroupName": "CAR_AD_SecGrp", "GroupId": "sg-09c7027b422fd2119"}], "ClientToken": "", "SubnetId": "subnet-006149bc560fc8ecb", "InstanceType": "t2.xlarge", "CapacityReservationSpecification": {"CapacityReservationPreference": "open"}, "NetworkInterfaces": [{"Status": "in-use", "MacAddress": "06:d7:d1:92:f9:0e", "SourceDestCheck": true, "VpcId": "vpc-0a2672b859b60b366", "Description": "Primary network interface", "NetworkInterfaceId": "eni-0d082bb31ee524334", "PrivateIpAddresses": [{"PrivateDnsName": "ip-10-233-74-142.us-east-2.compute.internal", "Primary": true, "PrivateIpAddress": "10.233.74.142"}], "PrivateDnsName": "ip-10-233-74-142.us-east-2.compute.internal", "InterfaceType": "interface", "Attachment": {"Status": "attached", "DeviceIndex": 0, "DeleteOnTermination": true, "AttachmentId": "eni-attach-0dc22aa88957ae25e", "AttachTime": "2020-05-07T15:41:13+00:00"}, "Groups": [{"GroupName": "CAR_AD_SecGrp", "GroupId": "sg-09c7027b422fd2119"}], "Ipv6Addresses": [], "OwnerId": "043898046743", "SubnetId": "subnet-006149bc560fc8ecb", "PrivateIpAddress": "10.233.74.142"}], "SourceDestCheck": true, "Placement": {"Tenancy": "default", "GroupName": "", "AvailabilityZone": "us-east-2b"}, "Hypervisor": "xen", "BlockDeviceMappings": [{"DeviceName": "/dev/sda1", "Ebs": {"Status": "attached", "DeleteOnTermination": false, "VolumeId": "vol-0718c7b56b4d04a00", "AttachTime": "2020-05-07T15:41:14+00:00"}}, {"DeviceName": "xvdb", "Ebs": {"Status": "attached", "DeleteOnTermination": false, "VolumeId": "vol-055f8283a400818fc", "AttachTime": "2020-05-07T15:41:14+00:00"}}], "Architecture": "x86_64", "RootDeviceType": "ebs", "RootDeviceName": "/dev/sda1", "VirtualizationType": "hvm", "Tags": [{"Value": "n", "Key": "Backup"}, {"Value": "prod", "Key": "Environment"}, {"Value": "", "Key": "ApplicationID"}, {"Value": "gcs", "Key": "Department"}, {"Value": "lt", "Key": "MaxLifeTime"}, {"Value": "", "Key": "FQDN"}, {"Value": "", "Key": "ApplicationOwner"}, {"Value": "109741", "Key": "CostCenter"}, {"Value": "1.0", "Key": "Version"}, {"Value": "VMC10135PC002", "Key": "Name"}, {"Value": "", "Key": "ComplianceRequirement"}, {"Value": "whq", "Key": "BusinessUnit"}, {"Value": "Platinum", "Key": "AppCat"}], "HibernationOptions": {"Configured": false}, "MetadataOptions": {"State": "applied", "HttpEndpoint": "enabled", "HttpTokens": "optional", "HttpPutResponseHopLimit": 1}, "AmiLaunchIndex": 0}], "ReservationId": "r-0229d80bbe68c554f", "Groups": [], "OwnerId": "043898046743"}, {"Instances": [{"Monitoring": {"State": "disabled"}, "PublicDnsName": "", "Platform": "windows", "State": {"Code": 16, "Name": "running"}, "EbsOptimized": false, "LaunchTime": "2020-05-13T12:34:42+00:00", "PrivateIpAddress": "10.233.75.84", "ProductCodes": [], "VpcId": "vpc-0a2672b859b60b366", "CpuOptions": {"CoreCount": 4, "ThreadsPerCore": 1}, "StateTransitionReason": "", "InstanceId": "i-0ee090d1a9ac61097", "EnaSupport": true, "ImageId": "ami-0b2ce977c1b36856d", "PrivateDnsName": "ip-10-233-75-84.us-east-2.compute.internal", "KeyName": "Carrier-10135", "SecurityGroups": [{"GroupName": "CAR_AD_SecGrp", "GroupId": "sg-09c7027b422fd2119"}], "ClientToken": "", "SubnetId": "subnet-0262c354b7e7875db", "InstanceType": "t2.xlarge", "CapacityReservationSpecification": {"CapacityReservationPreference": "open"}, "NetworkInterfaces": [{"Status": "in-use", "MacAddress": "0a:bd:7b:e3:c2:8a", "SourceDestCheck": true, "VpcId": "vpc-0a2672b859b60b366", "Description": "Primary network interface", "NetworkInterfaceId": "eni-06f336bd119c798dc", "PrivateIpAddresses": [{"PrivateDnsName": "ip-10-233-75-84.us-east-2.compute.internal", "Primary": true, "PrivateIpAddress": "10.233.75.84"}], "PrivateDnsName": "ip-10-233-75-84.us-east-2.compute.internal", "InterfaceType": "interface", "Attachment": {"Status": "attached", "DeviceIndex": 0, "DeleteOnTermination": true, "AttachmentId": "eni-attach-07bd84e827165e3d8", "AttachTime": "2020-05-07T15:33:03+00:00"}, "Groups": [{"GroupName": "CAR_AD_SecGrp", "GroupId": "sg-09c7027b422fd2119"}], "Ipv6Addresses": [], "OwnerId": "043898046743", "SubnetId": "subnet-0262c354b7e7875db", "PrivateIpAddress": "10.233.75.84"}], "SourceDestCheck": true, "Placement": {"Tenancy": "default", "GroupName": "", "AvailabilityZone": "us-east-2c"}, "Hypervisor": "xen", "BlockDeviceMappings": [{"DeviceName": "/dev/sda1", "Ebs": {"Status": "attached", "DeleteOnTermination": false, "VolumeId": "vol-03bb45b0c91642c6f", "AttachTime": "2020-05-07T15:33:04+00:00"}}, {"DeviceName": "xvdb", "Ebs": {"Status": "attached", "DeleteOnTermination": false, "VolumeId": "vol-03547ed9ed187259a", "AttachTime": "2020-05-07T15:33:04+00:00"}}], "Architecture": "x86_64", "RootDeviceType": "ebs", "RootDeviceName": "/dev/sda1", "VirtualizationType": "hvm", "Tags": [{"Value": "", "Key": "ApplicationOwner"}, {"Value": "lt", "Key": "MaxLifeTime"}, {"Value": "", "Key": "ApplicationID"}, {"Value": "VMC10135PC003", "Key": "Name"}, {"Value": "whq", "Key": "BusinessUnit"}, {"Value": "109741", "Key": "CostCenter"}, {"Value": "n", "Key": "Backup"}, {"Value": "prod", "Key": "Environment"}, {"Value": "", "Key": "ComplianceRequirement"}, {"Value": "gcs", "Key": "Department"}, {"Value": "1.0", "Key": "Version"}, {"Value": "Platinum", "Key": "AppCat"}, {"Value": "", "Key": "FQDN"}], "HibernationOptions": {"Configured": false}, "MetadataOptions": {"State": "applied", "HttpEndpoint": "enabled", "HttpTokens": "optional", "HttpPutResponseHopLimit": 1}, "AmiLaunchIndex": 0}, {"Monitoring": {"State": "disabled"}, "PublicDnsName": "", "Platform": "windows", "State": {"Code": 16, "Name": "running"}, "EbsOptimized": false, "LaunchTime": "2020-05-13T12:34:42+00:00", "PrivateIpAddress": "10.233.75.97", "ProductCodes": [], "VpcId": "vpc-0a2672b859b60b366", "CpuOptions": {"CoreCount": 4, "ThreadsPerCore": 1}, "StateTransitionReason": "", "InstanceId": "i-0c1bcd6083690cd92", "EnaSupport": true, "ImageId": "ami-0b2ce977c1b36856d", "PrivateDnsName": "ip-10-233-75-97.us-east-2.compute.internal", "KeyName": "Carrier-10135", "SecurityGroups": [{"GroupName": "CAR_AD_SecGrp", "GroupId": "sg-09c7027b422fd2119"}], "ClientToken": "", "SubnetId": "subnet-0262c354b7e7875db", "InstanceType": "t2.xlarge", "CapacityReservationSpecification": {"CapacityReservationPreference": "open"}, "NetworkInterfaces": [{"Status": "in-use", "MacAddress": "0a:28:d4:83:c6:88", "SourceDestCheck": true, "VpcId": "vpc-0a2672b859b60b366", "Description": "Primary network interface", "NetworkInterfaceId": "eni-07f13ed3959f245ff", "PrivateIpAddresses": [{"PrivateDnsName": "ip-10-233-75-97.us-east-2.compute.internal", "Primary": true, "PrivateIpAddress": "10.233.75.97"}], "PrivateDnsName": "ip-10-233-75-97.us-east-2.compute.internal", "InterfaceType": "interface", "Attachment": {"Status": "attached", "DeviceIndex": 0, "DeleteOnTermination": true, "AttachmentId": "eni-attach-0c21f3493a58c616d", "AttachTime": "2020-05-07T15:33:03+00:00"}, "Groups": [{"GroupName": "CAR_AD_SecGrp", "GroupId": "sg-09c7027b422fd2119"}], "Ipv6Addresses": [], "OwnerId": "043898046743", "SubnetId": "subnet-0262c354b7e7875db", "PrivateIpAddress": "10.233.75.97"}], "SourceDestCheck": true, "Placement": {"Tenancy": "default", "GroupName": "", "AvailabilityZone": "us-east-2c"}, "Hypervisor": "xen", "BlockDeviceMappings": [{"DeviceName": "/dev/sda1", "Ebs": {"Status": "attached", "DeleteOnTermination": false, "VolumeId": "vol-09f3da221d323b69d", "AttachTime": "2020-05-07T15:33:04+00:00"}}, {"DeviceName": "xvdb", "Ebs": {"Status": "attached", "DeleteOnTermination": false, "VolumeId": "vol-0b216025618fdf0f6", "AttachTime": "2020-05-07T15:33:04+00:00"}}], "Architecture": "x86_64", "RootDeviceType": "ebs", "RootDeviceName": "/dev/sda1", "VirtualizationType": "hvm", "Tags": [{"Value": "", "Key": "FQDN"}, {"Value": "whq", "Key": "BusinessUnit"}, {"Value": "", "Key": "ApplicationID"}, {"Value": "109741", "Key": "CostCenter"}, {"Value": "", "Key": "ApplicationOwner"}, {"Value": "Platinum", "Key": "AppCat"}, {"Value": "VMC10135PC001", "Key": "Name"}, {"Value": "1.0", "Key": "Version"}, {"Value": "", "Key": "ComplianceRequirement"}, {"Value": "prod", "Key": "Environment"}, {"Value": "n", "Key": "Backup"}, {"Value": "gcs", "Key": "Department"}, {"Value": "lt", "Key": "MaxLifeTime"}], "HibernationOptions": {"Configured": false}, "MetadataOptions": {"State": "applied", "HttpEndpoint": "enabled", "HttpTokens": "optional", "HttpPutResponseHopLimit": 1}, "AmiLaunchIndex": 1}], "ReservationId": "r-0a9e13337518ad3d7", "Groups": [], "OwnerId": "043898046743"}], "ResponseMetadata": {"RetryAttempts": 0, "HTTPStatusCode": 200, "RequestId": "53101b34-cf15-420e-8190-3e1fa6802525", "HTTPHeaders": {"x-amzn-requestid": "53101b34-cf15-420e-8190-3e1fa6802525", "transfer-encoding": "chunked", "vary": "accept-encoding", "server": "AmazonEC2", "date": "Tue, 19 May 2020 15:19:39 GMT", "content-type": "text/xml;charset=UTF-8"}}}}