{"region": "us-east-1", "operation": "DescribeFlowLogs", "service": "ec2", "response": {"FlowLogs": [{"LogDestinationType": "cloud-watch-logs", "Tags": [], "ResourceId": "vpc-05dff179d55496415", "CreationTime": "2020-05-12T23:08:08.437000+00:00", "LogGroupName": "prisma-vpc-flowloggroup", "TrafficType": "ACCEPT", "FlowLogStatus": "ACTIVE", "LogFormat": "${version} ${account-id} ${interface-id} ${srcaddr} ${dstaddr} ${srcport} ${dstport} ${protocol} ${packets} ${bytes} ${start} ${end} ${action} ${log-status}", "FlowLogId": "fl-0c84a510e57c0d36d", "MaxAggregationInterval": 600, "DeliverLogsPermissionArn": "arn:aws:iam::043898046743:role/VpcFlowLogsRole", "LogDestination": "arn:aws:logs:us-east-1:043898046743:log-group:prisma-vpc-flowloggroup", "DeliverLogsStatus": "SUCCESS"}, {"LogDestinationType": "s3", "Tags": [], "ResourceId": "vpc-05dff179d55496415", "CreationTime": "2020-05-13T15:03:15.184000+00:00", "TrafficType": "ACCEPT", "FlowLogStatus": "ACTIVE", "LogFormat": "${version} ${account-id} ${interface-id} ${srcaddr} ${dstaddr} ${srcport} ${dstport} ${protocol} ${packets} ${bytes} ${start} ${end} ${action} ${log-status}", "FlowLogId": "fl-070261d83e5226d31", "MaxAggregationInterval": 600, "LogDestination": "arn:aws:s3:::aws-vpc-flow-logs-031247562193-us-east-1/o-8baopjpjb4", "DeliverLogsStatus": "SUCCESS"}], "ResponseMetadata": {"RetryAttempts": 0, "HTTPStatusCode": 200, "RequestId": "ebb47b8b-7e38-49e4-9aae-6d8bced183c1", "HTTPHeaders": {"x-amzn-requestid": "ebb47b8b-7e38-49e4-9aae-6d8bced183c1", "transfer-encoding": "chunked", "vary": "accept-encoding", "server": "AmazonEC2", "date": "Tue, 19 May 2020 15:19:20 GMT", "content-type": "text/xml;charset=UTF-8"}}}}