{"region": "us-east-2", "operation": "DescribeVolumes", "service": "ec2", "response": {"ResponseMetadata": {"RetryAttempts": 0, "HTTPStatusCode": 200, "RequestId": "9dee5cc2-6bf2-4aaf-82a2-14f5ff72b4a9", "HTTPHeaders": {"x-amzn-requestid": "9dee5cc2-6bf2-4aaf-82a2-14f5ff72b4a9", "transfer-encoding": "chunked", "vary": "accept-encoding", "server": "AmazonEC2", "date": "Tue, 19 May 2020 15:19:27 GMT", "content-type": "text/xml;charset=UTF-8"}}, "Volumes": [{"AvailabilityZone": "us-east-2c", "Attachments": [{"AttachTime": "2020-05-07T15:33:04+00:00", "InstanceId": "i-0c1bcd6083690cd92", "VolumeId": "vol-09f3da221d323b69d", "State": "attached", "DeleteOnTermination": false, "Device": "/dev/sda1"}], "Tags": [{"Value": "Instanes-pri3", "Key": "Name"}], "Encrypted": true, "VolumeType": "gp2", "VolumeId": "vol-09f3da221d323b69d", "State": "in-use", "KmsKeyId": "arn:aws:kms:us-east-2:043898046743:key/30e511bd-c08c-4303-9109-3e63ea3ccf12", "SnapshotId": "snap-055baf87c5235d03c", "Iops": 300, "CreateTime": "2020-05-07T15:33:04.281000+00:00", "Size": 100}, {"AvailabilityZone": "us-east-2c", "Attachments": [{"AttachTime": "2020-05-07T15:33:04+00:00", "InstanceId": "i-0ee090d1a9ac61097", "VolumeId": "vol-03bb45b0c91642c6f", "State": "attached", "DeleteOnTermination": false, "Device": "/dev/sda1"}], "Tags": [{"Value": "Instanes-pri3", "Key": "Name"}], "Encrypted": true, "VolumeType": "gp2", "VolumeId": "vol-03bb45b0c91642c6f", "State": "in-use", "KmsKeyId": "arn:aws:kms:us-east-2:043898046743:key/30e511bd-c08c-4303-9109-3e63ea3ccf12", "SnapshotId": "snap-0e426f227b251cc60", "Iops": 300, "CreateTime": "2020-05-07T15:33:04.355000+00:00", "Size": 100}, {"AvailabilityZone": "us-east-2c", "Attachments": [{"AttachTime": "2020-05-07T15:33:04+00:00", "InstanceId": "i-0ee090d1a9ac61097", "VolumeId": "vol-03547ed9ed187259a", "State": "attached", "DeleteOnTermination": false, "Device": "xvdb"}], "Tags": [{"Value": "Instanes-pri3", "Key": "Name"}], "Encrypted": true, "VolumeType": "gp2", "VolumeId": "vol-03547ed9ed187259a", "State": "in-use", "KmsKeyId": "arn:aws:kms:us-east-2:043898046743:key/30e511bd-c08c-4303-9109-3e63ea3ccf12", "SnapshotId": "", "Iops": 300, "CreateTime": "2020-05-07T15:33:04.168000+00:00", "Size": 100}, {"AvailabilityZone": "us-east-2c", "Attachments": [{"AttachTime": "2020-05-07T15:33:04+00:00", "InstanceId": "i-0c1bcd6083690cd92", "VolumeId": "vol-0b216025618fdf0f6", "State": "attached", "DeleteOnTermination": false, "Device": "xvdb"}], "Tags": [{"Value": "Instanes-pri3", "Key": "Name"}], "Encrypted": true, "VolumeType": "gp2", "VolumeId": "vol-0b216025618fdf0f6", "State": "in-use", "KmsKeyId": "arn:aws:kms:us-east-2:043898046743:key/30e511bd-c08c-4303-9109-3e63ea3ccf12", "SnapshotId": "", "Iops": 300, "CreateTime": "2020-05-07T15:33:04.123000+00:00", "Size": 100}, {"AvailabilityZone": "us-east-2b", "Attachments": [{"AttachTime": "2020-05-07T15:41:14+00:00", "InstanceId": "i-00339a3e6962c0d91", "VolumeId": "vol-0718c7b56b4d04a00", "State": "attached", "DeleteOnTermination": false, "Device": "/dev/sda1"}], "Tags": [{"Value": "instances-pri2", "Key": "Name"}], "Encrypted": true, "VolumeType": "gp2", "VolumeId": "vol-0718c7b56b4d04a00", "State": "in-use", "KmsKeyId": "arn:aws:kms:us-east-2:043898046743:key/30e511bd-c08c-4303-9109-3e63ea3ccf12", "SnapshotId": "snap-0f410d3d6116b106d", "Iops": 300, "CreateTime": "2020-05-07T15:41:15.145000+00:00", "Size": 100}, {"AvailabilityZone": "us-east-2b", "Attachments": [{"AttachTime": "2020-05-07T15:41:14+00:00", "InstanceId": "i-0a69e6c4273b738f6", "VolumeId": "vol-0f58b720f41614750", "State": "attached", "DeleteOnTermination": false, "Device": "/dev/sda1"}], "Tags": [{"Value": "instances-pri2", "Key": "Name"}], "Encrypted": true, "VolumeType": "gp2", "VolumeId": "vol-0f58b720f41614750", "State": "in-use", "KmsKeyId": "arn:aws:kms:us-east-2:043898046743:key/30e511bd-c08c-4303-9109-3e63ea3ccf12", "SnapshotId": "snap-00d0d3c0d7c153f3f", "Iops": 300, "CreateTime": "2020-05-07T15:41:14.904000+00:00", "Size": 100}, {"AvailabilityZone": "us-east-2b", "Attachments": [{"AttachTime": "2020-05-07T15:41:14+00:00", "InstanceId": "i-00339a3e6962c0d91", "VolumeId": "vol-055f8283a400818fc", "State": "attached", "DeleteOnTermination": false, "Device": "xvdb"}], "Tags": [{"Value": "instances-pri2", "Key": "Name"}], "Encrypted": true, "VolumeType": "gp2", "VolumeId": "vol-055f8283a400818fc", "State": "in-use", "KmsKeyId": "arn:aws:kms:us-east-2:043898046743:key/30e511bd-c08c-4303-9109-3e63ea3ccf12", "SnapshotId": "", "Iops": 300, "CreateTime": "2020-05-07T15:41:14.985000+00:00", "Size": 100}, {"AvailabilityZone": "us-east-2b", "Attachments": [{"AttachTime": "2020-05-07T15:41:14+00:00", "InstanceId": "i-0a69e6c4273b738f6", "VolumeId": "vol-0157943ec326cab2c", "State": "attached", "DeleteOnTermination": false, "Device": "xvdb"}], "Tags": [{"Value": "instances-pri2", "Key": "Name"}], "Encrypted": true, "VolumeType": "gp2", "VolumeId": "vol-0157943ec326cab2c", "State": "in-use", "KmsKeyId": "arn:aws:kms:us-east-2:043898046743:key/30e511bd-c08c-4303-9109-3e63ea3ccf12", "SnapshotId": "", "Iops": 300, "CreateTime": "2020-05-07T15:41:14.751000+00:00", "Size": 100}]}}