{"region": "us-east-1", "operation": "DescribeTransitGatewayAttachments", "service": "ec2", "response": {"TransitGatewayAttachments": [{"ResourceOwnerId": "043898046743", "TransitGatewayAttachmentId": "tgw-attach-0f3feb818a29b5a67", "ResourceType": "vpc", "ResourceId": "vpc-05dff179d55496415", "Tags": [{"Value": "Networking", "Key": "Name"}], "CreationTime": "2020-03-04T02:50:26+00:00", "State": "available", "TransitGatewayId": "tgw-09ddb09590d439126", "TransitGatewayOwnerId": "396880251169", "Association": {"State": "associated", "TransitGatewayRouteTableId": "tgw-rtb-0f39018759d28f346"}}], "ResponseMetadata": {"RetryAttempts": 0, "HTTPStatusCode": 200, "RequestId": "cf2eaf20-a2db-48f0-9347-fe7cacb4d461", "HTTPHeaders": {"x-amzn-requestid": "cf2eaf20-a2db-48f0-9347-fe7cacb4d461", "transfer-encoding": "chunked", "vary": "accept-encoding", "server": "AmazonEC2", "date": "Tue, 19 May 2020 15:19:39 GMT", "content-type": "text/xml;charset=UTF-8"}}}}