{"region": "us-east-1", "operation": "DescribeImages", "service": "ec2", "response": {"Images": [{"VirtualizationType": "hvm", "Description": "ECPRDC-Snapshot", "PlatformDetails": "Windows", "EnaSupport": true, "Hypervisor": "xen", "State": "available", "SriovNetSupport": "simple", "ImageId": "ami-009378c36ddc94e0b", "Platform": "windows", "UsageOperation": "RunInstances:0002", "BlockDeviceMappings": [{"DeviceName": "/dev/sda1", "Ebs": {"SnapshotId": "snap-07f126eba48660eb9", "DeleteOnTermination": true, "VolumeType": "gp2", "VolumeSize": 30, "Encrypted": true}}], "Architecture": "x86_64", "ImageLocation": "043898046743/ECPRDC", "RootDeviceType": "ebs", "OwnerId": "043898046743", "RootDeviceName": "/dev/sda1", "CreationDate": "2020-04-03T12:36:42.000Z", "Public": false, "ImageType": "machine", "Name": "ECPRDC"}, {"VirtualizationType": "hvm", "Description": "AWS-VMImport service: Linux - CentOS Linux release 7.6.1810 (Core) - 3.10.0-957.27.2.el7.x86_64", "PlatformDetails": "Linux/UNIX", "EnaSupport": true, "Hypervisor": "xen", "Tags": [{"Value": "Okta-Image", "Key": "Name"}], "State": "available", "ImageId": "ami-079ed1e1193fae78f", "UsageOperation": "RunInstances", "BlockDeviceMappings": [{"DeviceName": "/dev/sda1", "Ebs": {"SnapshotId": "snap-071daa4bd42669d79", "DeleteOnTermination": false, "VolumeType": "gp2", "VolumeSize": 220, "Encrypted": true}}], "Architecture": "x86_64", "ImageLocation": "043898046743/import-ami-0d53200d498e7bfe1", "RootDeviceType": "ebs", "OwnerId": "043898046743", "RootDeviceName": "/dev/sda1", "CreationDate": "2020-04-08T18:34:18.000Z", "Public": false, "ImageType": "machine", "Name": "import-ami-0d53200d498e7bfe1"}], "ResponseMetadata": {"RetryAttempts": 0, "HTTPStatusCode": 200, "RequestId": "812229bc-c27f-4d90-892c-8e25d3150ca1", "HTTPHeaders": {"x-amzn-requestid": "812229bc-c27f-4d90-892c-8e25d3150ca1", "content-length": "3458", "vary": "accept-encoding", "server": "AmazonEC2", "date": "Tue, 19 May 2020 15:19:36 GMT", "content-type": "text/xml;charset=UTF-8"}}}}