{"region": "us-east-2", "operation": "DescribeSubnets", "service": "ec2", "response": {"Subnets": [{"MapPublicIpOnLaunch": false, "AvailabilityZoneId": "use2-az3", "Tags": [{"Value": "SharedServices-VPC", "Key": "aws:cloudformation:stack-name"}, {"Value": "PRI3-AZ3", "Key": "Name"}, {"Value": "Subnet7", "Key": "aws:cloudformation:logical-id"}, {"Value": "arn:aws:cloudformation:us-east-2:043898046743:stack/SharedServices-VPC/a97cb7d0-62e4-11ea-8488-0213e0bd929e", "Key": "aws:cloudformation:stack-id"}], "AvailableIpAddressCount": 120, "DefaultForAz": false, "SubnetArn": "arn:aws:ec2:us-east-2:043898046743:subnet/subnet-0262c354b7e7875db", "Ipv6CidrBlockAssociationSet": [], "VpcId": "vpc-0a2672b859b60b366", "State": "available", "AvailabilityZone": "us-east-2c", "SubnetId": "subnet-0262c354b7e7875db", "OwnerId": "043898046743", "CidrBlock": "10.233.75.0/25", "AssignIpv6AddressOnCreation": false}, {"MapPublicIpOnLaunch": true, "AvailabilityZoneId": "use2-az1", "Tags": [{"Value": "Subnet1", "Key": "aws:cloudformation:logical-id"}, {"Value": "SharedServices-VPC", "Key": "aws:cloudformation:stack-name"}, {"Value": "arn:aws:cloudformation:us-east-2:043898046743:stack/SharedServices-VPC/a97cb7d0-62e4-11ea-8488-0213e0bd929e", "Key": "aws:cloudformation:stack-id"}, {"Value": "PUB1-AZ1", "Key": "Name"}], "AvailableIpAddressCount": 122, "DefaultForAz": false, "SubnetArn": "arn:aws:ec2:us-east-2:043898046743:subnet/subnet-011654cbd06480e6a", "Ipv6CidrBlockAssociationSet": [], "VpcId": "vpc-0a2672b859b60b366", "State": "available", "AvailabilityZone": "us-east-2a", "SubnetId": "subnet-011654cbd06480e6a", "OwnerId": "043898046743", "CidrBlock": "10.233.72.0/25", "AssignIpv6AddressOnCreation": false}, {"MapPublicIpOnLaunch": true, "AvailabilityZoneId": "use2-az2", "Tags": [{"Value": "PUB2-AZ2", "Key": "Name"}, {"Value": "arn:aws:cloudformation:us-east-2:043898046743:stack/SharedServices-VPC/a97cb7d0-62e4-11ea-8488-0213e0bd929e", "Key": "aws:cloudformation:stack-id"}, {"Value": "SharedServices-VPC", "Key": "aws:cloudformation:stack-name"}, {"Value": "Subnet2", "Key": "aws:cloudformation:logical-id"}], "AvailableIpAddressCount": 122, "DefaultForAz": false, "SubnetArn": "arn:aws:ec2:us-east-2:043898046743:subnet/subnet-06f0e93db7902b3fb", "Ipv6CidrBlockAssociationSet": [], "VpcId": "vpc-0a2672b859b60b366", "State": "available", "AvailabilityZone": "us-east-2b", "SubnetId": "subnet-06f0e93db7902b3fb", "OwnerId": "043898046743", "CidrBlock": "10.233.72.128/25", "AssignIpv6AddressOnCreation": false}, {"MapPublicIpOnLaunch": true, "AvailabilityZoneId": "use2-az3", "Tags": [{"Value": "Subnet3", "Key": "aws:cloudformation:logical-id"}, {"Value": "SharedServices-VPC", "Key": "aws:cloudformation:stack-name"}, {"Value": "arn:aws:cloudformation:us-east-2:043898046743:stack/SharedServices-VPC/a97cb7d0-62e4-11ea-8488-0213e0bd929e", "Key": "aws:cloudformation:stack-id"}, {"Value": "PUB3-AZ3", "Key": "Name"}], "AvailableIpAddressCount": 123, "DefaultForAz": false, "SubnetArn": "arn:aws:ec2:us-east-2:043898046743:subnet/subnet-0b6d68599591570ec", "Ipv6CidrBlockAssociationSet": [], "VpcId": "vpc-0a2672b859b60b366", "State": "available", "AvailabilityZone": "us-east-2c", "SubnetId": "subnet-0b6d68599591570ec", "OwnerId": "043898046743", "CidrBlock": "10.233.73.0/25", "AssignIpv6AddressOnCreation": false}, {"MapPublicIpOnLaunch": false, "AvailabilityZoneId": "use2-az1", "Tags": [{"Value": "Subnet5", "Key": "aws:cloudformation:logical-id"}, {"Value": "PRI1-AZ1", "Key": "Name"}, {"Value": "SharedServices-VPC", "Key": "aws:cloudformation:stack-name"}, {"Value": "arn:aws:cloudformation:us-east-2:043898046743:stack/SharedServices-VPC/a97cb7d0-62e4-11ea-8488-0213e0bd929e", "Key": "aws:cloudformation:stack-id"}], "AvailableIpAddressCount": 123, "DefaultForAz": false, "SubnetArn": "arn:aws:ec2:us-east-2:043898046743:subnet/subnet-03da7c3b78d2da7ad", "Ipv6CidrBlockAssociationSet": [], "VpcId": "vpc-0a2672b859b60b366", "State": "available", "AvailabilityZone": "us-east-2a", "SubnetId": "subnet-03da7c3b78d2da7ad", "OwnerId": "043898046743", "CidrBlock": "10.233.74.0/25", "AssignIpv6AddressOnCreation": false}, {"MapPublicIpOnLaunch": true, "AvailabilityZoneId": "use2-az1", "Tags": [{"Value": "PUB4-AZ1", "Key": "Name"}, {"Value": "SharedServices-VPC", "Key": "aws:cloudformation:stack-name"}, {"Value": "arn:aws:cloudformation:us-east-2:043898046743:stack/SharedServices-VPC/a97cb7d0-62e4-11ea-8488-0213e0bd929e", "Key": "aws:cloudformation:stack-id"}, {"Value": "Subnet4Public", "Key": "aws:cloudformation:logical-id"}], "AvailableIpAddressCount": 123, "DefaultForAz": false, "SubnetArn": "arn:aws:ec2:us-east-2:043898046743:subnet/subnet-040cd0db0de0f40bb", "Ipv6CidrBlockAssociationSet": [], "VpcId": "vpc-0a2672b859b60b366", "State": "available", "AvailabilityZone": "us-east-2a", "SubnetId": "subnet-040cd0db0de0f40bb", "OwnerId": "043898046743", "CidrBlock": "10.233.73.128/25", "AssignIpv6AddressOnCreation": false}, {"MapPublicIpOnLaunch": false, "AvailabilityZoneId": "use2-az2", "Tags": [{"Value": "PRI2-AZ2", "Key": "Name"}, {"Value": "arn:aws:cloudformation:us-east-2:043898046743:stack/SharedServices-VPC/a97cb7d0-62e4-11ea-8488-0213e0bd929e", "Key": "aws:cloudformation:stack-id"}, {"Value": "Subnet6", "Key": "aws:cloudformation:logical-id"}, {"Value": "SharedServices-VPC", "Key": "aws:cloudformation:stack-name"}], "AvailableIpAddressCount": 121, "DefaultForAz": false, "SubnetArn": "arn:aws:ec2:us-east-2:043898046743:subnet/subnet-006149bc560fc8ecb", "Ipv6CidrBlockAssociationSet": [], "VpcId": "vpc-0a2672b859b60b366", "State": "available", "AvailabilityZone": "us-east-2b", "SubnetId": "subnet-006149bc560fc8ecb", "OwnerId": "043898046743", "CidrBlock": "10.233.74.128/25", "AssignIpv6AddressOnCreation": false}, {"MapPublicIpOnLaunch": false, "AvailabilityZoneId": "use2-az1", "Tags": [{"Value": "arn:aws:cloudformation:us-east-2:043898046743:stack/SharedServices-VPC/a97cb7d0-62e4-11ea-8488-0213e0bd929e", "Key": "aws:cloudformation:stack-id"}, {"Value": "SharedServices-VPC", "Key": "aws:cloudformation:stack-name"}, {"Value": "Subnet8", "Key": "aws:cloudformation:logical-id"}, {"Value": "PRI4-AZ1", "Key": "Name"}], "AvailableIpAddressCount": 123, "DefaultForAz": false, "SubnetArn": "arn:aws:ec2:us-east-2:043898046743:subnet/subnet-0270d9dd401f3c7ee", "Ipv6CidrBlockAssociationSet": [], "VpcId": "vpc-0a2672b859b60b366", "State": "available", "AvailabilityZone": "us-east-2a", "SubnetId": "subnet-0270d9dd401f3c7ee", "OwnerId": "043898046743", "CidrBlock": "10.233.75.128/25", "AssignIpv6AddressOnCreation": false}], "ResponseMetadata": {"RetryAttempts": 0, "HTTPStatusCode": 200, "RequestId": "212bfd50-c4e4-4cd1-987d-97843bad51f7", "HTTPHeaders": {"x-amzn-requestid": "212bfd50-c4e4-4cd1-987d-97843bad51f7", "transfer-encoding": "chunked", "vary": "accept-encoding", "server": "AmazonEC2", "date": "Tue, 19 May 2020 15:19:54 GMT", "content-type": "text/xml;charset=UTF-8"}}}}