{"region": "us-east-2", "operation": "DescribeTransitGateways", "service": "ec2", "response": {"TransitGateways": [{"Description": "TG to Chicago-Ohio Region", "TransitGatewayArn": "arn:aws:ec2:us-east-2:396880251169:transit-gateway/tgw-0609533038cf5f42e", "Tags": [], "CreationTime": "2020-03-11T14:42:46+00:00", "State": "available", "TransitGatewayId": "tgw-0609533038cf5f42e", "OwnerId": "396880251169", "Options": {"DefaultRouteTableAssociation": "disable", "DnsSupport": "enable", "AutoAcceptSharedAttachments": "enable", "AmazonSideAsn": 64824, "DefaultRouteTablePropagation": "disable", "VpnEcmpSupport": "enable"}}], "ResponseMetadata": {"RetryAttempts": 0, "HTTPStatusCode": 200, "RequestId": "52311f09-ce05-4925-8b32-1373338020ee", "HTTPHeaders": {"x-amzn-requestid": "52311f09-ce05-4925-8b32-1373338020ee", "transfer-encoding": "chunked", "vary": "accept-encoding", "server": "AmazonEC2", "date": "Tue, 19 May 2020 15:18:39 GMT", "content-type": "text/xml;charset=UTF-8"}}}}