{"region": "eu-north-1", "operation": "DescribeInstanceTypes", "service": "ec2", "response": {"InstanceTypes": [{"FreeTierEligible": false, "InstanceStorageSupported": true, "Hypervisor": "nitro", "PlacementGroupInfo": {"SupportedStrategies": ["cluster", "partition", "spread"]}, "SupportedUsageClasses": ["on-demand", "spot"], "MemoryInfo": {"SizeInMiB": 16384}, "CurrentGeneration": true, "DedicatedHostsSupported": true, "VCpuInfo": {"ValidThreadsPerCore": [1, 2], "DefaultCores": 2, "DefaultVCpus": 4, "ValidCores": [2], "DefaultThreadsPerCore": 2}, "ProcessorInfo": {"SupportedArchitectures": ["x86_64"], "SustainedClockSpeedInGhz": 3.1}, "BareMetal": false, "AutoRecoverySupported": false, "NetworkInfo": {"NetworkPerformance": "Up to 10 Gigabit", "MaximumNetworkInterfaces": 4, "Ipv6Supported": true, "Ipv6AddressesPerInterface": 15, "EnaSupport": "required", "Ipv4AddressesPerInterface": 15}, "SupportedRootDeviceTypes": ["ebs"], "EbsInfo": {"EbsOptimizedSupport": "default", "EncryptionSupport": "supported"}, "HibernationSupported": false, "BurstablePerformanceSupported": false, "InstanceType": "m5d.xlarge", "InstanceStorageInfo": {"TotalSizeInGB": 150, "Disks": [{"Count": 1, "Type": "ssd", "SizeInGB": 150}]}}, {"FreeTierEligible": false, "InstanceStorageSupported": false, "Hypervisor": "nitro", "PlacementGroupInfo": {"SupportedStrategies": ["cluster", "partition", "spread"]}, "SupportedUsageClasses": ["on-demand", "spot"], "MemoryInfo": {"SizeInMiB": 262144}, "CurrentGeneration": true, "DedicatedHostsSupported": false, "VCpuInfo": {"ValidThreadsPerCore": [1, 2], "DefaultCores": 32, "DefaultVCpus": 64, "ValidCores": [2, 4, 6, 8, 10, 12, 14, 16, 18, 20, 22, 24, 26, 28, 30, 32], "DefaultThreadsPerCore": 2}, "ProcessorInfo": {"SupportedArchitectures": ["x86_64"], "SustainedClockSpeedInGhz": 3.1}, "BareMetal": false, "AutoRecoverySupported": true, "NetworkInfo": {"NetworkPerformance": "20 Gigabit", "MaximumNetworkInterfaces": 15, "Ipv6Supported": true, "Ipv6AddressesPerInterface": 50, "EnaSupport": "required", "Ipv4AddressesPerInterface": 50}, "SupportedRootDeviceTypes": ["ebs"], "EbsInfo": {"EbsOptimizedSupport": "default", "EncryptionSupport": "supported"}, "HibernationSupported": false, "BurstablePerformanceSupported": false, "InstanceType": "m5.16xlarge"}, {"FreeTierEligible": false, "InstanceStorageSupported": true, "Hypervisor": "nitro", "PlacementGroupInfo": {"SupportedStrategies": ["cluster", "partition", "spread"]}, "SupportedUsageClasses": ["on-demand", "spot"], "MemoryInfo": {"SizeInMiB": 32768}, "CurrentGeneration": true, "DedicatedHostsSupported": true, "VCpuInfo": {"ValidThreadsPerCore": [1, 2], "DefaultCores": 8, "DefaultVCpus": 16, "ValidCores": [2, 4, 6, 8], "DefaultThreadsPerCore": 2}, "ProcessorInfo": {"SupportedArchitectures": ["x86_64"], "SustainedClockSpeedInGhz": 3.4}, "BareMetal": false, "AutoRecoverySupported": false, "NetworkInfo": {"NetworkPerformance": "Up to 10 Gigabit", "MaximumNetworkInterfaces": 8, "Ipv6Supported": true, "Ipv6AddressesPerInterface": 30, "EnaSupport": "required", "Ipv4AddressesPerInterface": 30}, "SupportedRootDeviceTypes": ["ebs"], "EbsInfo": {"EbsOptimizedSupport": "default", "EncryptionSupport": "supported"}, "HibernationSupported": false, "BurstablePerformanceSupported": false, "InstanceType": "c5d.4xlarge", "InstanceStorageInfo": {"TotalSizeInGB": 400, "Disks": [{"Count": 1, "Type": "ssd", "SizeInGB": 400}]}}, {"FreeTierEligible": false, "InstanceStorageSupported": true, "Hypervisor": "nitro", "PlacementGroupInfo": {"SupportedStrategies": ["cluster", "partition", "spread"]}, "SupportedUsageClasses": ["on-demand", "spot"], "MemoryInfo": {"SizeInMiB": 147456}, "CurrentGeneration": true, "DedicatedHostsSupported": true, "VCpuInfo": {"ValidThreadsPerCore": [1, 2], "DefaultCores": 36, "DefaultVCpus": 72, "ValidCores": [4, 6, 8, 10, 12, 14, 16, 18, 20, 22, 24, 26, 28, 30, 32, 34, 36], "DefaultThreadsPerCore": 2}, "ProcessorInfo": {"SupportedArchitectures": ["x86_64"], "SustainedClockSpeedInGhz": 3.4}, "BareMetal": false, "AutoRecoverySupported": false, "NetworkInfo": {"NetworkPerformance": "25 Gigabit", "MaximumNetworkInterfaces": 15, "Ipv6Supported": true, "Ipv6AddressesPerInterface": 50, "EnaSupport": "required", "Ipv4AddressesPerInterface": 50}, "SupportedRootDeviceTypes": ["ebs"], "EbsInfo": {"EbsOptimizedSupport": "default", "EncryptionSupport": "supported"}, "HibernationSupported": false, "BurstablePerformanceSupported": false, "InstanceType": "c5d.18xlarge", "InstanceStorageInfo": {"TotalSizeInGB": 1800, "Disks": [{"Count": 2, "Type": "ssd", "SizeInGB": 900}]}}, {"FreeTierEligible": false, "InstanceStorageSupported": true, "Hypervisor": "nitro", "PlacementGroupInfo": {"SupportedStrategies": ["cluster", "partition", "spread"]}, "SupportedUsageClasses": ["on-demand", "spot"], "MemoryInfo": {"SizeInMiB": 8192}, "CurrentGeneration": true, "DedicatedHostsSupported": true, "VCpuInfo": {"ValidThreadsPerCore": [1, 2], "DefaultCores": 2, "DefaultVCpus": 4, "ValidCores": [2], "DefaultThreadsPerCore": 2}, "ProcessorInfo": {"SupportedArchitectures": ["x86_64"], "SustainedClockSpeedInGhz": 3.4}, "BareMetal": false, "AutoRecoverySupported": false, "NetworkInfo": {"NetworkPerformance": "Up to 10 Gigabit", "MaximumNetworkInterfaces": 4, "Ipv6Supported": true, "Ipv6AddressesPerInterface": 15, "EnaSupport": "required", "Ipv4AddressesPerInterface": 15}, "SupportedRootDeviceTypes": ["ebs"], "EbsInfo": {"EbsOptimizedSupport": "default", "EncryptionSupport": "supported"}, "HibernationSupported": false, "BurstablePerformanceSupported": false, "InstanceType": "c5d.xlarge", "InstanceStorageInfo": {"TotalSizeInGB": 100, "Disks": [{"Count": 1, "Type": "ssd", "SizeInGB": 100}]}}, {"FreeTierEligible": false, "InstanceStorageSupported": false, "Hypervisor": "nitro", "PlacementGroupInfo": {"SupportedStrategies": ["cluster", "partition", "spread"]}, "SupportedUsageClasses": ["on-demand", "spot"], "MemoryInfo": {"SizeInMiB": 393216}, "CurrentGeneration": true, "DedicatedHostsSupported": true, "VCpuInfo": {"ValidThreadsPerCore": [1, 2], "DefaultCores": 48, "DefaultVCpus": 96, "ValidCores": [4, 6, 8, 10, 12, 14, 16, 18, 20, 22, 24, 26, 28, 30, 32, 34, 36, 38, 40, 42, 44, 46, 48], "DefaultThreadsPerCore": 2}, "ProcessorInfo": {"SupportedArchitectures": ["x86_64"], "SustainedClockSpeedInGhz": 3.1}, "BareMetal": false, "AutoRecoverySupported": true, "NetworkInfo": {"NetworkPerformance": "25 Gigabit", "MaximumNetworkInterfaces": 15, "Ipv6Supported": true, "Ipv6AddressesPerInterface": 50, "EnaSupport": "required", "Ipv4AddressesPerInterface": 50}, "SupportedRootDeviceTypes": ["ebs"], "EbsInfo": {"EbsOptimizedSupport": "default", "EncryptionSupport": "supported"}, "HibernationSupported": false, "BurstablePerformanceSupported": false, "InstanceType": "m5.24xlarge"}, {"FreeTierEligible": false, "InstanceStorageSupported": false, "Hypervisor": "nitro", "PlacementGroupInfo": {"SupportedStrategies": ["cluster", "partition", "spread"]}, "SupportedUsageClasses": ["on-demand", "spot"], "MemoryInfo": {"SizeInMiB": 131072}, "CurrentGeneration": true, "DedicatedHostsSupported": true, "VCpuInfo": {"ValidThreadsPerCore": [1, 2], "DefaultCores": 8, "DefaultVCpus": 16, "ValidCores": [2, 4, 6, 8], "DefaultThreadsPerCore": 2}, "ProcessorInfo": {"SupportedArchitectures": ["x86_64"], "SustainedClockSpeedInGhz": 3.1}, "BareMetal": false, "AutoRecoverySupported": true, "NetworkInfo": {"NetworkPerformance": "Up to 10 Gigabit", "MaximumNetworkInterfaces": 8, "Ipv6Supported": true, "Ipv6AddressesPerInterface": 30, "EnaSupport": "required", "Ipv4AddressesPerInterface": 30}, "SupportedRootDeviceTypes": ["ebs"], "EbsInfo": {"EbsOptimizedSupport": "default", "EncryptionSupport": "supported"}, "HibernationSupported": true, "BurstablePerformanceSupported": false, "InstanceType": "r5.4xlarge"}, {"FreeTierEligible": false, "InstanceStorageSupported": true, "Hypervisor": "nitro", "PlacementGroupInfo": {"SupportedStrategies": ["cluster", "partition", "spread"]}, "SupportedUsageClasses": ["on-demand", "spot"], "MemoryInfo": {"SizeInMiB": 262144}, "CurrentGeneration": true, "DedicatedHostsSupported": false, "VCpuInfo": {"ValidThreadsPerCore": [1, 2], "DefaultCores": 32, "DefaultVCpus": 64, "ValidCores": [2, 4, 6, 8, 10, 12, 14, 16, 18, 20, 22, 24, 26, 28, 30, 32], "DefaultThreadsPerCore": 2}, "ProcessorInfo": {"SupportedArchitectures": ["x86_64"], "SustainedClockSpeedInGhz": 3.1}, "BareMetal": false, "AutoRecoverySupported": false, "NetworkInfo": {"NetworkPerformance": "20 Gigabit", "MaximumNetworkInterfaces": 15, "Ipv6Supported": true, "Ipv6AddressesPerInterface": 50, "EnaSupport": "required", "Ipv4AddressesPerInterface": 50}, "SupportedRootDeviceTypes": ["ebs"], "EbsInfo": {"EbsOptimizedSupport": "default", "EncryptionSupport": "supported"}, "HibernationSupported": false, "BurstablePerformanceSupported": false, "InstanceType": "m5d.16xlarge", "InstanceStorageInfo": {"TotalSizeInGB": 2400, "Disks": [{"Count": 4, "Type": "ssd", "SizeInGB": 600}]}}, {"FreeTierEligible": false, "InstanceStorageSupported": true, "Hypervisor": "nitro", "PlacementGroupInfo": {"SupportedStrategies": ["cluster", "partition", "spread"]}, "SupportedUsageClasses": ["on-demand", "spot"], "MemoryInfo": {"SizeInMiB": 32768}, "CurrentGeneration": true, "DedicatedHostsSupported": true, "VCpuInfo": {"ValidThreadsPerCore": [1, 2], "DefaultCores": 2, "DefaultVCpus": 4, "ValidCores": [2], "DefaultThreadsPerCore": 2}, "ProcessorInfo": {"SupportedArchitectures": ["x86_64"], "SustainedClockSpeedInGhz": 3.1}, "BareMetal": false, "AutoRecoverySupported": false, "NetworkInfo": {"NetworkPerformance": "Up to 10 Gigabit", "MaximumNetworkInterfaces": 4, "Ipv6Supported": true, "Ipv6AddressesPerInterface": 15, "EnaSupport": "required", "Ipv4AddressesPerInterface": 15}, "SupportedRootDeviceTypes": ["ebs"], "EbsInfo": {"EbsOptimizedSupport": "default", "EncryptionSupport": "supported"}, "HibernationSupported": false, "BurstablePerformanceSupported": false, "InstanceType": "r5d.xlarge", "InstanceStorageInfo": {"TotalSizeInGB": 150, "Disks": [{"Count": 1, "Type": "ssd", "SizeInGB": 150}]}}, {"FreeTierEligible": false, "InstanceStorageSupported": false, "Hypervisor": "nitro", "PlacementGroupInfo": {"SupportedStrategies": ["cluster", "partition", "spread"]}, "SupportedUsageClasses": ["on-demand", "spot"], "MemoryInfo": {"SizeInMiB": 32768}, "CurrentGeneration": true, "DedicatedHostsSupported": true, "VCpuInfo": {"ValidThreadsPerCore": [1, 2], "DefaultCores": 8, "DefaultVCpus": 16, "ValidCores": [2, 4, 6, 8], "DefaultThreadsPerCore": 2}, "ProcessorInfo": {"SupportedArchitectures": ["x86_64"], "SustainedClockSpeedInGhz": 3.4}, "BareMetal": false, "AutoRecoverySupported": true, "NetworkInfo": {"NetworkPerformance": "Up to 10 Gigabit", "MaximumNetworkInterfaces": 8, "Ipv6Supported": true, "Ipv6AddressesPerInterface": 30, "EnaSupport": "required", "Ipv4AddressesPerInterface": 30}, "SupportedRootDeviceTypes": ["ebs"], "EbsInfo": {"EbsOptimizedSupport": "default", "EncryptionSupport": "supported"}, "HibernationSupported": true, "BurstablePerformanceSupported": false, "InstanceType": "c5.4xlarge"}, {"FreeTierEligible": false, "InstanceStorageSupported": true, "Hypervisor": "nitro", "PlacementGroupInfo": {"SupportedStrategies": ["cluster", "partition", "spread"]}, "SupportedUsageClasses": ["on-demand", "spot"], "MemoryInfo": {"SizeInMiB": 393216}, "CurrentGeneration": true, "DedicatedHostsSupported": true, "VCpuInfo": {"ValidThreadsPerCore": [1, 2], "DefaultCores": 48, "DefaultVCpus": 96, "ValidCores": [4, 6, 8, 10, 12, 14, 16, 18, 20, 22, 24, 26, 28, 30, 32, 34, 36, 38, 40, 42, 44, 46, 48], "DefaultThreadsPerCore": 2}, "ProcessorInfo": {"SupportedArchitectures": ["x86_64"], "SustainedClockSpeedInGhz": 3.1}, "BareMetal": false, "AutoRecoverySupported": false, "NetworkInfo": {"NetworkPerformance": "25 Gigabit", "MaximumNetworkInterfaces": 15, "Ipv6Supported": true, "Ipv6AddressesPerInterface": 50, "EnaSupport": "required", "Ipv4AddressesPerInterface": 50}, "SupportedRootDeviceTypes": ["ebs"], "EbsInfo": {"EbsOptimizedSupport": "default", "EncryptionSupport": "supported"}, "HibernationSupported": false, "BurstablePerformanceSupported": false, "InstanceType": "m5d.24xlarge", "InstanceStorageInfo": {"TotalSizeInGB": 3600, "Disks": [{"Count": 4, "Type": "ssd", "SizeInGB": 900}]}}, {"FreeTierEligible": false, "InstanceStorageSupported": false, "Hypervisor": "nitro", "PlacementGroupInfo": {"SupportedStrategies": ["cluster", "partition", "spread"]}, "SupportedUsageClasses": ["on-demand", "spot"], "MemoryInfo": {"SizeInMiB": 4096}, "CurrentGeneration": true, "DedicatedHostsSupported": true, "VCpuInfo": {"ValidThreadsPerCore": [1, 2], "DefaultCores": 1, "DefaultVCpus": 2, "ValidCores": [1], "DefaultThreadsPerCore": 2}, "ProcessorInfo": {"SupportedArchitectures": ["x86_64"], "SustainedClockSpeedInGhz": 3.4}, "BareMetal": false, "AutoRecoverySupported": true, "NetworkInfo": {"NetworkPerformance": "Up to 10 Gigabit", "MaximumNetworkInterfaces": 3, "Ipv6Supported": true, "Ipv6AddressesPerInterface": 10, "EnaSupport": "required", "Ipv4AddressesPerInterface": 10}, "SupportedRootDeviceTypes": ["ebs"], "EbsInfo": {"EbsOptimizedSupport": "default", "EncryptionSupport": "supported"}, "HibernationSupported": true, "BurstablePerformanceSupported": false, "InstanceType": "c5.large"}, {"FreeTierEligible": false, "InstanceStorageSupported": true, "Hypervisor": "xen", "PlacementGroupInfo": {"SupportedStrategies": ["cluster", "partition", "spread"]}, "SupportedUsageClasses": ["on-demand"], "MemoryInfo": {"SizeInMiB": 62464}, "CurrentGeneration": true, "DedicatedHostsSupported": true, "VCpuInfo": {"ValidThreadsPerCore": [1, 2], "DefaultCores": 4, "DefaultVCpus": 8, "ValidCores": [1, 2, 3, 4], "DefaultThreadsPerCore": 2}, "ProcessorInfo": {"SupportedArchitectures": ["x86_64"], "SustainedClockSpeedInGhz": 2.4}, "BareMetal": false, "AutoRecoverySupported": false, "NetworkInfo": {"NetworkPerformance": "High", "MaximumNetworkInterfaces": 4, "Ipv6Supported": true, "Ipv6AddressesPerInterface": 15, "EnaSupport": "unsupported", "Ipv4AddressesPerInterface": 15}, "SupportedRootDeviceTypes": ["ebs", "instance-store"], "EbsInfo": {"EbsOptimizedSupport": "default", "EncryptionSupport": "supported"}, "HibernationSupported": false, "BurstablePerformanceSupported": false, "InstanceType": "d2.2xlarge", "InstanceStorageInfo": {"TotalSizeInGB": 12288, "Disks": [{"Count": 6, "Type": "hdd", "SizeInGB": 2048}]}}, {"FreeTierEligible": false, "InstanceStorageSupported": true, "PlacementGroupInfo": {"SupportedStrategies": ["cluster", "partition", "spread"]}, "SupportedUsageClasses": ["on-demand", "spot"], "MemoryInfo": {"SizeInMiB": 393216}, "CurrentGeneration": true, "DedicatedHostsSupported": true, "VCpuInfo": {"DefaultVCpus": 96}, "ProcessorInfo": {"SupportedArchitectures": ["x86_64"], "SustainedClockSpeedInGhz": 3.1}, "BareMetal": true, "AutoRecoverySupported": false, "NetworkInfo": {"NetworkPerformance": "25 Gigabit", "MaximumNetworkInterfaces": 15, "Ipv6Supported": true, "Ipv6AddressesPerInterface": 50, "EnaSupport": "required", "Ipv4AddressesPerInterface": 50}, "SupportedRootDeviceTypes": ["ebs"], "EbsInfo": {"EbsOptimizedSupport": "default", "EncryptionSupport": "supported"}, "HibernationSupported": false, "BurstablePerformanceSupported": false, "InstanceType": "m5d.metal", "InstanceStorageInfo": {"TotalSizeInGB": 3600, "Disks": [{"Count": 4, "Type": "ssd", "SizeInGB": 900}]}}, {"FreeTierEligible": false, "InstanceStorageSupported": true, "Hypervisor": "xen", "PlacementGroupInfo": {"SupportedStrategies": ["cluster", "partition", "spread"]}, "SupportedUsageClasses": ["on-demand", "spot"], "MemoryInfo": {"SizeInMiB": 249856}, "CurrentGeneration": true, "DedicatedHostsSupported": true, "VCpuInfo": {"ValidThreadsPerCore": [1, 2], "DefaultCores": 16, "DefaultVCpus": 32, "ValidCores": [1, 2, 3, 4, 5, 6, 7, 8, 9, 10, 11, 12, 13, 14, 15, 16], "DefaultThreadsPerCore": 2}, "ProcessorInfo": {"SupportedArchitectures": ["x86_64"], "SustainedClockSpeedInGhz": 2.3}, "BareMetal": false, "AutoRecoverySupported": false, "NetworkInfo": {"NetworkPerformance": "10 Gigabit", "MaximumNetworkInterfaces": 8, "Ipv6Supported": true, "Ipv6AddressesPerInterface": 30, "EnaSupport": "supported", "Ipv4AddressesPerInterface": 30}, "SupportedRootDeviceTypes": ["ebs"], "EbsInfo": {"EbsOptimizedSupport": "default", "EncryptionSupport": "supported"}, "HibernationSupported": false, "BurstablePerformanceSupported": false, "InstanceType": "i3.8xlarge", "InstanceStorageInfo": {"TotalSizeInGB": 7600, "Disks": [{"Count": 4, "Type": "ssd", "SizeInGB": 1900}]}}, {"FreeTierEligible": false, "InstanceStorageSupported": false, "PlacementGroupInfo": {"SupportedStrategies": ["cluster", "partition", "spread"]}, "SupportedUsageClasses": ["on-demand", "spot"], "MemoryInfo": {"SizeInMiB": 393216}, "CurrentGeneration": true, "DedicatedHostsSupported": true, "VCpuInfo": {"DefaultVCpus": 96}, "ProcessorInfo": {"SupportedArchitectures": ["x86_64"], "SustainedClockSpeedInGhz": 3.1}, "BareMetal": true, "AutoRecoverySupported": true, "NetworkInfo": {"NetworkPerformance": "25 Gigabit", "MaximumNetworkInterfaces": 15, "Ipv6Supported": true, "Ipv6AddressesPerInterface": 50, "EnaSupport": "required", "Ipv4AddressesPerInterface": 50}, "SupportedRootDeviceTypes": ["ebs"], "EbsInfo": {"EbsOptimizedSupport": "default", "EncryptionSupport": "supported"}, "HibernationSupported": false, "BurstablePerformanceSupported": false, "InstanceType": "m5.metal"}, {"FreeTierEligible": false, "InstanceStorageSupported": false, "Hypervisor": "nitro", "PlacementGroupInfo": {"SupportedStrategies": ["cluster", "partition", "spread"]}, "SupportedUsageClasses": ["on-demand", "spot"], "MemoryInfo": {"SizeInMiB": 65536}, "CurrentGeneration": true, "DedicatedHostsSupported": true, "VCpuInfo": {"ValidThreadsPerCore": [1, 2], "DefaultCores": 8, "DefaultVCpus": 16, "ValidCores": [2, 4, 6, 8], "DefaultThreadsPerCore": 2}, "ProcessorInfo": {"SupportedArchitectures": ["x86_64"], "SustainedClockSpeedInGhz": 3.1}, "BareMetal": false, "AutoRecoverySupported": true, "NetworkInfo": {"NetworkPerformance": "Up to 10 Gigabit", "MaximumNetworkInterfaces": 8, "Ipv6Supported": true, "Ipv6AddressesPerInterface": 30, "EnaSupport": "required", "Ipv4AddressesPerInterface": 30}, "SupportedRootDeviceTypes": ["ebs"], "EbsInfo": {"EbsOptimizedSupport": "default", "EncryptionSupport": "supported"}, "HibernationSupported": true, "BurstablePerformanceSupported": false, "InstanceType": "m5.4xlarge"}, {"FreeTierEligible": false, "InstanceStorageSupported": true, "PlacementGroupInfo": {"SupportedStrategies": ["cluster", "partition", "spread"]}, "SupportedUsageClasses": ["on-demand", "spot"], "MemoryInfo": {"SizeInMiB": 196608}, "CurrentGeneration": true, "DedicatedHostsSupported": true, "VCpuInfo": {"DefaultVCpus": 96}, "ProcessorInfo": {"SupportedArchitectures": ["x86_64"], "SustainedClockSpeedInGhz": 3.6}, "BareMetal": true, "AutoRecoverySupported": false, "NetworkInfo": {"NetworkPerformance": "25 Gigabit", "MaximumNetworkInterfaces": 15, "Ipv6Supported": true, "Ipv6AddressesPerInterface": 50, "EnaSupport": "required", "Ipv4AddressesPerInterface": 50}, "SupportedRootDeviceTypes": ["ebs"], "EbsInfo": {"EbsOptimizedSupport": "default", "EncryptionSupport": "supported"}, "HibernationSupported": false, "BurstablePerformanceSupported": false, "InstanceType": "c5d.metal", "InstanceStorageInfo": {"TotalSizeInGB": 3600, "Disks": [{"Count": 4, "Type": "ssd", "SizeInGB": 900}]}}, {"FreeTierEligible": false, "InstanceStorageSupported": false, "Hypervisor": "nitro", "PlacementGroupInfo": {"SupportedStrategies": ["cluster", "partition", "spread"]}, "SupportedUsageClasses": ["on-demand", "spot"], "MemoryInfo": {"SizeInMiB": 98304}, "CurrentGeneration": true, "DedicatedHostsSupported": false, "VCpuInfo": {"ValidThreadsPerCore": [1, 2], "DefaultCores": 24, "DefaultVCpus": 48, "ValidCores": [2, 4, 6, 8, 10, 12, 14, 16, 18, 20, 22, 24], "DefaultThreadsPerCore": 2}, "ProcessorInfo": {"SupportedArchitectures": ["x86_64"], "SustainedClockSpeedInGhz": 3.6}, "BareMetal": false, "AutoRecoverySupported": true, "NetworkInfo": {"NetworkPerformance": "12 Gigabit", "MaximumNetworkInterfaces": 8, "Ipv6Supported": true, "Ipv6AddressesPerInterface": 30, "EnaSupport": "required", "Ipv4AddressesPerInterface": 30}, "SupportedRootDeviceTypes": ["ebs"], "EbsInfo": {"EbsOptimizedSupport": "default", "EncryptionSupport": "supported"}, "HibernationSupported": true, "BurstablePerformanceSupported": false, "InstanceType": "c5.12xlarge"}, {"FreeTierEligible": true, "InstanceStorageSupported": false, "Hypervisor": "nitro", "PlacementGroupInfo": {"SupportedStrategies": ["partition", "spread"]}, "SupportedUsageClasses": ["on-demand", "spot"], "MemoryInfo": {"SizeInMiB": 1024}, "CurrentGeneration": true, "DedicatedHostsSupported": false, "VCpuInfo": {"ValidThreadsPerCore": [1, 2], "DefaultCores": 1, "DefaultVCpus": 2, "ValidCores": [1], "DefaultThreadsPerCore": 2}, "ProcessorInfo": {"SupportedArchitectures": ["x86_64"], "SustainedClockSpeedInGhz": 2.5}, "BareMetal": false, "AutoRecoverySupported": true, "NetworkInfo": {"NetworkPerformance": "Up to 5 Gigabit", "MaximumNetworkInterfaces": 2, "Ipv6Supported": true, "Ipv6AddressesPerInterface": 2, "EnaSupport": "required", "Ipv4AddressesPerInterface": 2}, "SupportedRootDeviceTypes": ["ebs"], "EbsInfo": {"EbsOptimizedSupport": "default", "EncryptionSupport": "supported"}, "HibernationSupported": false, "BurstablePerformanceSupported": true, "InstanceType": "t3.micro"}, {"FreeTierEligible": false, "InstanceStorageSupported": true, "Hypervisor": "nitro", "PlacementGroupInfo": {"SupportedStrategies": ["cluster", "partition", "spread"]}, "SupportedUsageClasses": ["on-demand", "spot"], "MemoryInfo": {"SizeInMiB": 262144}, "CurrentGeneration": true, "DedicatedHostsSupported": true, "VCpuInfo": {"ValidThreadsPerCore": [1, 2], "DefaultCores": 16, "DefaultVCpus": 32, "ValidCores": [2, 4, 6, 8, 10, 12, 14, 16], "DefaultThreadsPerCore": 2}, "ProcessorInfo": {"SupportedArchitectures": ["x86_64"], "SustainedClockSpeedInGhz": 3.1}, "BareMetal": false, "AutoRecoverySupported": false, "NetworkInfo": {"NetworkPerformance": "10 Gigabit", "MaximumNetworkInterfaces": 8, "Ipv6Supported": true, "Ipv6AddressesPerInterface": 30, "EnaSupport": "required", "Ipv4AddressesPerInterface": 30}, "SupportedRootDeviceTypes": ["ebs"], "EbsInfo": {"EbsOptimizedSupport": "default", "EncryptionSupport": "supported"}, "HibernationSupported": false, "BurstablePerformanceSupported": false, "InstanceType": "r5d.8xlarge", "InstanceStorageInfo": {"TotalSizeInGB": 1200, "Disks": [{"Count": 2, "Type": "ssd", "SizeInGB": 600}]}}, {"FreeTierEligible": false, "InstanceStorageSupported": true, "Hypervisor": "nitro", "PlacementGroupInfo": {"SupportedStrategies": ["cluster", "partition", "spread"]}, "SupportedUsageClasses": ["on-demand", "spot"], "MemoryInfo": {"SizeInMiB": 32768}, "CurrentGeneration": true, "GpuInfo": {"Gpus": [{"Count": 1, "MemoryInfo": {"SizeInMiB": 16384}, "Name": "T4", "Manufacturer": "NVIDIA"}], "TotalGpuMemoryInMiB": 16384}, "VCpuInfo": {"ValidThreadsPerCore": [1, 2], "DefaultCores": 4, "DefaultVCpus": 8, "ValidCores": [2, 4], "DefaultThreadsPerCore": 2}, "ProcessorInfo": {"SupportedArchitectures": ["x86_64"], "SustainedClockSpeedInGhz": 2.5}, "BareMetal": false, "AutoRecoverySupported": false, "NetworkInfo": {"NetworkPerformance": "Up to 25 Gigabit", "MaximumNetworkInterfaces": 3, "Ipv6Supported": true, "Ipv6AddressesPerInterface": 10, "EnaSupport": "required", "Ipv4AddressesPerInterface": 10}, "SupportedRootDeviceTypes": ["ebs"], "EbsInfo": {"EbsOptimizedSupport": "default", "EncryptionSupport": "supported"}, "HibernationSupported": false, "DedicatedHostsSupported": false, "BurstablePerformanceSupported": false, "InstanceType": "g4dn.2xlarge", "InstanceStorageInfo": {"TotalSizeInGB": 225, "Disks": [{"Count": 1, "Type": "ssd", "SizeInGB": 225}]}}, {"FreeTierEligible": false, "InstanceStorageSupported": true, "Hypervisor": "nitro", "PlacementGroupInfo": {"SupportedStrategies": ["cluster", "partition", "spread"]}, "SupportedUsageClasses": ["on-demand", "spot"], "MemoryInfo": {"SizeInMiB": 262144}, "CurrentGeneration": true, "GpuInfo": {"Gpus": [{"Count": 1, "MemoryInfo": {"SizeInMiB": 16384}, "Name": "T4", "Manufacturer": "NVIDIA"}], "TotalGpuMemoryInMiB": 16384}, "VCpuInfo": {"ValidThreadsPerCore": [1, 2], "DefaultCores": 32, "DefaultVCpus": 64, "ValidCores": [2, 4, 6, 8, 10, 12, 14, 16, 18, 20, 22, 24, 26, 28, 30, 32], "DefaultThreadsPerCore": 2}, "ProcessorInfo": {"SupportedArchitectures": ["x86_64"], "SustainedClockSpeedInGhz": 2.5}, "BareMetal": false, "AutoRecoverySupported": false, "NetworkInfo": {"NetworkPerformance": "50 Gigabit", "MaximumNetworkInterfaces": 4, "Ipv6Supported": true, "Ipv6AddressesPerInterface": 15, "EnaSupport": "required", "Ipv4AddressesPerInterface": 15}, "SupportedRootDeviceTypes": ["ebs"], "EbsInfo": {"EbsOptimizedSupport": "default", "EncryptionSupport": "supported"}, "HibernationSupported": false, "DedicatedHostsSupported": false, "BurstablePerformanceSupported": false, "InstanceType": "g4dn.16xlarge", "InstanceStorageInfo": {"TotalSizeInGB": 900, "Disks": [{"Count": 1, "Type": "ssd", "SizeInGB": 900}]}}, {"FreeTierEligible": false, "InstanceStorageSupported": true, "Hypervisor": "nitro", "PlacementGroupInfo": {"SupportedStrategies": ["cluster", "partition", "spread"]}, "SupportedUsageClasses": ["on-demand", "spot"], "MemoryInfo": {"SizeInMiB": 65536}, "CurrentGeneration": true, "GpuInfo": {"Gpus": [{"Count": 1, "MemoryInfo": {"SizeInMiB": 16384}, "Name": "T4", "Manufacturer": "NVIDIA"}], "TotalGpuMemoryInMiB": 16384}, "VCpuInfo": {"ValidThreadsPerCore": [1, 2], "DefaultCores": 8, "DefaultVCpus": 16, "ValidCores": [2, 4, 6, 8], "DefaultThreadsPerCore": 2}, "ProcessorInfo": {"SupportedArchitectures": ["x86_64"], "SustainedClockSpeedInGhz": 2.5}, "BareMetal": false, "AutoRecoverySupported": false, "NetworkInfo": {"NetworkPerformance": "Up to 25 Gigabit", "MaximumNetworkInterfaces": 3, "Ipv6Supported": true, "Ipv6AddressesPerInterface": 10, "EnaSupport": "required", "Ipv4AddressesPerInterface": 10}, "SupportedRootDeviceTypes": ["ebs"], "EbsInfo": {"EbsOptimizedSupport": "default", "EncryptionSupport": "supported"}, "HibernationSupported": false, "DedicatedHostsSupported": false, "BurstablePerformanceSupported": false, "InstanceType": "g4dn.4xlarge", "InstanceStorageInfo": {"TotalSizeInGB": 225, "Disks": [{"Count": 1, "Type": "ssd", "SizeInGB": 225}]}}, {"FreeTierEligible": false, "InstanceStorageSupported": false, "Hypervisor": "nitro", "PlacementGroupInfo": {"SupportedStrategies": ["partition", "spread"]}, "SupportedUsageClasses": ["on-demand", "spot"], "MemoryInfo": {"SizeInMiB": 4096}, "CurrentGeneration": true, "DedicatedHostsSupported": false, "VCpuInfo": {"ValidThreadsPerCore": [1, 2], "DefaultCores": 1, "DefaultVCpus": 2, "ValidCores": [1], "DefaultThreadsPerCore": 2}, "ProcessorInfo": {"SupportedArchitectures": ["x86_64"], "SustainedClockSpeedInGhz": 2.5}, "BareMetal": false, "AutoRecoverySupported": true, "NetworkInfo": {"NetworkPerformance": "Up to 5 Gigabit", "MaximumNetworkInterfaces": 3, "Ipv6Supported": true, "Ipv6AddressesPerInterface": 6, "EnaSupport": "required", "Ipv4AddressesPerInterface": 6}, "SupportedRootDeviceTypes": ["ebs"], "EbsInfo": {"EbsOptimizedSupport": "default", "EncryptionSupport": "supported"}, "HibernationSupported": false, "BurstablePerformanceSupported": true, "InstanceType": "t3.medium"}, {"FreeTierEligible": false, "InstanceStorageSupported": false, "Hypervisor": "nitro", "PlacementGroupInfo": {"SupportedStrategies": ["cluster", "partition", "spread"]}, "SupportedUsageClasses": ["on-demand", "spot"], "MemoryInfo": {"SizeInMiB": 262144}, "CurrentGeneration": true, "DedicatedHostsSupported": true, "VCpuInfo": {"ValidThreadsPerCore": [1, 2], "DefaultCores": 16, "DefaultVCpus": 32, "ValidCores": [2, 4, 6, 8, 10, 12, 14, 16], "DefaultThreadsPerCore": 2}, "ProcessorInfo": {"SupportedArchitectures": ["x86_64"], "SustainedClockSpeedInGhz": 3.1}, "BareMetal": false, "AutoRecoverySupported": true, "NetworkInfo": {"NetworkPerformance": "10 Gigabit", "MaximumNetworkInterfaces": 8, "Ipv6Supported": true, "Ipv6AddressesPerInterface": 30, "EnaSupport": "required", "Ipv4AddressesPerInterface": 30}, "SupportedRootDeviceTypes": ["ebs"], "EbsInfo": {"EbsOptimizedSupport": "default", "EncryptionSupport": "supported"}, "HibernationSupported": false, "BurstablePerformanceSupported": false, "InstanceType": "r5.8xlarge"}, {"FreeTierEligible": false, "InstanceStorageSupported": true, "Hypervisor": "nitro", "PlacementGroupInfo": {"SupportedStrategies": ["cluster", "partition", "spread"]}, "SupportedUsageClasses": ["on-demand", "spot"], "MemoryInfo": {"SizeInMiB": 524288}, "CurrentGeneration": true, "DedicatedHostsSupported": true, "VCpuInfo": {"ValidThreadsPerCore": [1, 2], "DefaultCores": 32, "DefaultVCpus": 64, "ValidCores": [2, 4, 6, 8, 10, 12, 14, 16, 18, 20, 22, 24, 26, 28, 30, 32], "DefaultThreadsPerCore": 2}, "ProcessorInfo": {"SupportedArchitectures": ["x86_64"], "SustainedClockSpeedInGhz": 3.1}, "BareMetal": false, "AutoRecoverySupported": false, "NetworkInfo": {"NetworkPerformance": "20 Gigabit", "MaximumNetworkInterfaces": 15, "Ipv6Supported": true, "Ipv6AddressesPerInterface": 50, "EnaSupport": "required", "Ipv4AddressesPerInterface": 50}, "SupportedRootDeviceTypes": ["ebs"], "EbsInfo": {"EbsOptimizedSupport": "default", "EncryptionSupport": "supported"}, "HibernationSupported": false, "BurstablePerformanceSupported": false, "InstanceType": "r5d.16xlarge", "InstanceStorageInfo": {"TotalSizeInGB": 2400, "Disks": [{"Count": 4, "Type": "ssd", "SizeInGB": 600}]}}, {"FreeTierEligible": false, "InstanceStorageSupported": false, "Hypervisor": "nitro", "PlacementGroupInfo": {"SupportedStrategies": ["cluster", "partition", "spread"]}, "SupportedUsageClasses": ["on-demand", "spot"], "MemoryInfo": {"SizeInMiB": 16384}, "CurrentGeneration": true, "DedicatedHostsSupported": true, "VCpuInfo": {"ValidThreadsPerCore": [1, 2], "DefaultCores": 2, "DefaultVCpus": 4, "ValidCores": [2], "DefaultThreadsPerCore": 2}, "ProcessorInfo": {"SupportedArchitectures": ["x86_64"], "SustainedClockSpeedInGhz": 3.1}, "BareMetal": false, "AutoRecoverySupported": true, "NetworkInfo": {"NetworkPerformance": "Up to 10 Gigabit", "MaximumNetworkInterfaces": 4, "Ipv6Supported": true, "Ipv6AddressesPerInterface": 15, "EnaSupport": "required", "Ipv4AddressesPerInterface": 15}, "SupportedRootDeviceTypes": ["ebs"], "EbsInfo": {"EbsOptimizedSupport": "default", "EncryptionSupport": "supported"}, "HibernationSupported": true, "BurstablePerformanceSupported": false, "InstanceType": "m5.xlarge"}, {"FreeTierEligible": false, "InstanceStorageSupported": false, "Hypervisor": "nitro", "PlacementGroupInfo": {"SupportedStrategies": ["cluster", "partition", "spread"]}, "SupportedUsageClasses": ["on-demand", "spot"], "MemoryInfo": {"SizeInMiB": 8192}, "CurrentGeneration": true, "DedicatedHostsSupported": true, "VCpuInfo": {"ValidThreadsPerCore": [1, 2], "DefaultCores": 1, "DefaultVCpus": 2, "ValidCores": [1], "DefaultThreadsPerCore": 2}, "ProcessorInfo": {"SupportedArchitectures": ["x86_64"], "SustainedClockSpeedInGhz": 3.1}, "BareMetal": false, "AutoRecoverySupported": true, "NetworkInfo": {"NetworkPerformance": "Up to 10 Gigabit", "MaximumNetworkInterfaces": 3, "Ipv6Supported": true, "Ipv6AddressesPerInterface": 10, "EnaSupport": "required", "Ipv4AddressesPerInterface": 10}, "SupportedRootDeviceTypes": ["ebs"], "EbsInfo": {"EbsOptimizedSupport": "default", "EncryptionSupport": "supported"}, "HibernationSupported": true, "BurstablePerformanceSupported": false, "InstanceType": "m5.large"}, {"FreeTierEligible": false, "InstanceStorageSupported": true, "Hypervisor": "nitro", "PlacementGroupInfo": {"SupportedStrategies": ["cluster", "partition", "spread"]}, "SupportedUsageClasses": ["on-demand", "spot"], "MemoryInfo": {"SizeInMiB": 196608}, "CurrentGeneration": true, "DedicatedHostsSupported": true, "VCpuInfo": {"ValidThreadsPerCore": [1, 2], "DefaultCores": 24, "DefaultVCpus": 48, "ValidCores": [2, 4, 6, 8, 10, 12, 14, 16, 18, 20, 22, 24], "DefaultThreadsPerCore": 2}, "ProcessorInfo": {"SupportedArchitectures": ["x86_64"], "SustainedClockSpeedInGhz": 3.1}, "BareMetal": false, "AutoRecoverySupported": false, "NetworkInfo": {"NetworkPerformance": "10 Gigabit", "MaximumNetworkInterfaces": 8, "Ipv6Supported": true, "Ipv6AddressesPerInterface": 30, "EnaSupport": "required", "Ipv4AddressesPerInterface": 30}, "SupportedRootDeviceTypes": ["ebs"], "EbsInfo": {"EbsOptimizedSupport": "default", "EncryptionSupport": "supported"}, "HibernationSupported": false, "BurstablePerformanceSupported": false, "InstanceType": "m5d.12xlarge", "InstanceStorageInfo": {"TotalSizeInGB": 1800, "Disks": [{"Count": 2, "Type": "ssd", "SizeInGB": 900}]}}, {"FreeTierEligible": false, "InstanceStorageSupported": true, "Hypervisor": "nitro", "PlacementGroupInfo": {"SupportedStrategies": ["cluster", "partition", "spread"]}, "SupportedUsageClasses": ["on-demand", "spot"], "MemoryInfo": {"SizeInMiB": 4096}, "CurrentGeneration": true, "DedicatedHostsSupported": true, "VCpuInfo": {"ValidThreadsPerCore": [1, 2], "DefaultCores": 1, "DefaultVCpus": 2, "ValidCores": [1], "DefaultThreadsPerCore": 2}, "ProcessorInfo": {"SupportedArchitectures": ["x86_64"], "SustainedClockSpeedInGhz": 3.4}, "BareMetal": false, "AutoRecoverySupported": false, "NetworkInfo": {"NetworkPerformance": "Up to 10 Gigabit", "MaximumNetworkInterfaces": 3, "Ipv6Supported": true, "Ipv6AddressesPerInterface": 10, "EnaSupport": "required", "Ipv4AddressesPerInterface": 10}, "SupportedRootDeviceTypes": ["ebs"], "EbsInfo": {"EbsOptimizedSupport": "default", "EncryptionSupport": "supported"}, "HibernationSupported": false, "BurstablePerformanceSupported": false, "InstanceType": "c5d.large", "InstanceStorageInfo": {"TotalSizeInGB": 50, "Disks": [{"Count": 1, "Type": "ssd", "SizeInGB": 50}]}}, {"FreeTierEligible": false, "InstanceStorageSupported": false, "Hypervisor": "nitro", "PlacementGroupInfo": {"SupportedStrategies": ["cluster", "partition", "spread"]}, "SupportedUsageClasses": ["on-demand", "spot"], "MemoryInfo": {"SizeInMiB": 393216}, "CurrentGeneration": true, "DedicatedHostsSupported": true, "VCpuInfo": {"ValidThreadsPerCore": [1, 2], "DefaultCores": 24, "DefaultVCpus": 48, "ValidCores": [2, 4, 6, 8, 10, 12, 14, 16, 18, 20, 22, 24], "DefaultThreadsPerCore": 2}, "ProcessorInfo": {"SupportedArchitectures": ["x86_64"], "SustainedClockSpeedInGhz": 3.1}, "BareMetal": false, "AutoRecoverySupported": true, "NetworkInfo": {"NetworkPerformance": "10 Gigabit", "MaximumNetworkInterfaces": 8, "Ipv6Supported": true, "Ipv6AddressesPerInterface": 30, "EnaSupport": "required", "Ipv4AddressesPerInterface": 30}, "SupportedRootDeviceTypes": ["ebs"], "EbsInfo": {"EbsOptimizedSupport": "default", "EncryptionSupport": "supported"}, "HibernationSupported": false, "BurstablePerformanceSupported": false, "InstanceType": "r5.12xlarge"}, {"FreeTierEligible": false, "InstanceStorageSupported": false, "Hypervisor": "nitro", "PlacementGroupInfo": {"SupportedStrategies": ["partition", "spread"]}, "SupportedUsageClasses": ["on-demand", "spot"], "MemoryInfo": {"SizeInMiB": 512}, "CurrentGeneration": true, "DedicatedHostsSupported": false, "VCpuInfo": {"ValidThreadsPerCore": [1, 2], "DefaultCores": 1, "DefaultVCpus": 2, "ValidCores": [1], "DefaultThreadsPerCore": 2}, "ProcessorInfo": {"SupportedArchitectures": ["x86_64"], "SustainedClockSpeedInGhz": 2.5}, "BareMetal": false, "AutoRecoverySupported": true, "NetworkInfo": {"NetworkPerformance": "Up to 5 Gigabit", "MaximumNetworkInterfaces": 2, "Ipv6Supported": true, "Ipv6AddressesPerInterface": 2, "EnaSupport": "required", "Ipv4AddressesPerInterface": 2}, "SupportedRootDeviceTypes": ["ebs"], "EbsInfo": {"EbsOptimizedSupport": "default", "EncryptionSupport": "supported"}, "HibernationSupported": false, "BurstablePerformanceSupported": true, "InstanceType": "t3.nano"}, {"FreeTierEligible": false, "InstanceStorageSupported": false, "Hypervisor": "nitro", "PlacementGroupInfo": {"SupportedStrategies": ["partition", "spread"]}, "SupportedUsageClasses": ["on-demand", "spot"], "MemoryInfo": {"SizeInMiB": 2048}, "CurrentGeneration": true, "DedicatedHostsSupported": false, "VCpuInfo": {"ValidThreadsPerCore": [1, 2], "DefaultCores": 1, "DefaultVCpus": 2, "ValidCores": [1], "DefaultThreadsPerCore": 2}, "ProcessorInfo": {"SupportedArchitectures": ["x86_64"], "SustainedClockSpeedInGhz": 2.5}, "BareMetal": false, "AutoRecoverySupported": true, "NetworkInfo": {"NetworkPerformance": "Up to 5 Gigabit", "MaximumNetworkInterfaces": 3, "Ipv6Supported": true, "Ipv6AddressesPerInterface": 4, "EnaSupport": "required", "Ipv4AddressesPerInterface": 4}, "SupportedRootDeviceTypes": ["ebs"], "EbsInfo": {"EbsOptimizedSupport": "default", "EncryptionSupport": "supported"}, "HibernationSupported": false, "BurstablePerformanceSupported": true, "InstanceType": "t3.small"}, {"FreeTierEligible": false, "InstanceStorageSupported": false, "Hypervisor": "nitro", "PlacementGroupInfo": {"SupportedStrategies": ["cluster", "partition", "spread"]}, "SupportedUsageClasses": ["on-demand", "spot"], "MemoryInfo": {"SizeInMiB": 16384}, "CurrentGeneration": true, "DedicatedHostsSupported": true, "VCpuInfo": {"ValidThreadsPerCore": [1, 2], "DefaultCores": 1, "DefaultVCpus": 2, "ValidCores": [1], "DefaultThreadsPerCore": 2}, "ProcessorInfo": {"SupportedArchitectures": ["x86_64"], "SustainedClockSpeedInGhz": 3.1}, "BareMetal": false, "AutoRecoverySupported": true, "NetworkInfo": {"NetworkPerformance": "Up to 10 Gigabit", "MaximumNetworkInterfaces": 3, "Ipv6Supported": true, "Ipv6AddressesPerInterface": 10, "EnaSupport": "required", "Ipv4AddressesPerInterface": 10}, "SupportedRootDeviceTypes": ["ebs"], "EbsInfo": {"EbsOptimizedSupport": "default", "EncryptionSupport": "supported"}, "HibernationSupported": true, "BurstablePerformanceSupported": false, "InstanceType": "r5.large"}, {"FreeTierEligible": false, "InstanceStorageSupported": true, "Hypervisor": "nitro", "PlacementGroupInfo": {"SupportedStrategies": ["cluster", "partition", "spread"]}, "SupportedUsageClasses": ["on-demand", "spot"], "MemoryInfo": {"SizeInMiB": 32768}, "CurrentGeneration": true, "DedicatedHostsSupported": true, "VCpuInfo": {"ValidThreadsPerCore": [1, 2], "DefaultCores": 4, "DefaultVCpus": 8, "ValidCores": [2, 4], "DefaultThreadsPerCore": 2}, "ProcessorInfo": {"SupportedArchitectures": ["x86_64"], "SustainedClockSpeedInGhz": 3.1}, "BareMetal": false, "AutoRecoverySupported": false, "NetworkInfo": {"NetworkPerformance": "Up to 10 Gigabit", "MaximumNetworkInterfaces": 4, "Ipv6Supported": true, "Ipv6AddressesPerInterface": 15, "EnaSupport": "required", "Ipv4AddressesPerInterface": 15}, "SupportedRootDeviceTypes": ["ebs"], "EbsInfo": {"EbsOptimizedSupport": "default", "EncryptionSupport": "supported"}, "HibernationSupported": false, "BurstablePerformanceSupported": false, "InstanceType": "m5d.2xlarge", "InstanceStorageInfo": {"TotalSizeInGB": 300, "Disks": [{"Count": 1, "Type": "ssd", "SizeInGB": 300}]}}, {"FreeTierEligible": false, "InstanceStorageSupported": true, "Hypervisor": "xen", "PlacementGroupInfo": {"SupportedStrategies": ["cluster", "partition", "spread"]}, "SupportedUsageClasses": ["on-demand", "spot"], "MemoryInfo": {"SizeInMiB": 31232}, "CurrentGeneration": true, "DedicatedHostsSupported": true, "VCpuInfo": {"ValidThreadsPerCore": [1, 2], "DefaultCores": 2, "DefaultVCpus": 4, "ValidCores": [1, 2], "DefaultThreadsPerCore": 2}, "ProcessorInfo": {"SupportedArchitectures": ["x86_64"], "SustainedClockSpeedInGhz": 2.3}, "BareMetal": false, "AutoRecoverySupported": false, "NetworkInfo": {"NetworkPerformance": "Up to 10 Gigabit", "MaximumNetworkInterfaces": 4, "Ipv6Supported": true, "Ipv6AddressesPerInterface": 15, "EnaSupport": "supported", "Ipv4AddressesPerInterface": 15}, "SupportedRootDeviceTypes": ["ebs"], "EbsInfo": {"EbsOptimizedSupport": "default", "EncryptionSupport": "supported"}, "HibernationSupported": false, "BurstablePerformanceSupported": false, "InstanceType": "i3.xlarge", "InstanceStorageInfo": {"TotalSizeInGB": 950, "Disks": [{"Count": 1, "Type": "ssd", "SizeInGB": 950}]}}, {"FreeTierEligible": false, "InstanceStorageSupported": true, "PlacementGroupInfo": {"SupportedStrategies": ["cluster", "partition", "spread"]}, "SupportedUsageClasses": ["on-demand", "spot"], "MemoryInfo": {"SizeInMiB": 786432}, "CurrentGeneration": true, "DedicatedHostsSupported": true, "VCpuInfo": {"DefaultVCpus": 96}, "ProcessorInfo": {"SupportedArchitectures": ["x86_64"], "SustainedClockSpeedInGhz": 3.1}, "BareMetal": true, "AutoRecoverySupported": false, "NetworkInfo": {"NetworkPerformance": "25 Gigabit", "MaximumNetworkInterfaces": 15, "Ipv6Supported": true, "Ipv6AddressesPerInterface": 50, "EnaSupport": "required", "Ipv4AddressesPerInterface": 50}, "SupportedRootDeviceTypes": ["ebs"], "EbsInfo": {"EbsOptimizedSupport": "default", "EncryptionSupport": "supported"}, "HibernationSupported": false, "BurstablePerformanceSupported": false, "InstanceType": "r5d.metal", "InstanceStorageInfo": {"TotalSizeInGB": 3600, "Disks": [{"Count": 4, "Type": "ssd", "SizeInGB": 900}]}}, {"FreeTierEligible": false, "InstanceStorageSupported": true, "Hypervisor": "nitro", "PlacementGroupInfo": {"SupportedStrategies": ["cluster", "partition", "spread"]}, "SupportedUsageClasses": ["on-demand", "spot"], "MemoryInfo": {"SizeInMiB": 393216}, "CurrentGeneration": true, "DedicatedHostsSupported": true, "VCpuInfo": {"ValidThreadsPerCore": [1, 2], "DefaultCores": 24, "DefaultVCpus": 48, "ValidCores": [2, 4, 6, 8, 10, 12, 14, 16, 18, 20, 22, 24], "DefaultThreadsPerCore": 2}, "ProcessorInfo": {"SupportedArchitectures": ["x86_64"], "SustainedClockSpeedInGhz": 3.1}, "BareMetal": false, "AutoRecoverySupported": false, "NetworkInfo": {"NetworkPerformance": "10 Gigabit", "MaximumNetworkInterfaces": 8, "Ipv6Supported": true, "Ipv6AddressesPerInterface": 30, "EnaSupport": "required", "Ipv4AddressesPerInterface": 30}, "SupportedRootDeviceTypes": ["ebs"], "EbsInfo": {"EbsOptimizedSupport": "default", "EncryptionSupport": "supported"}, "HibernationSupported": false, "BurstablePerformanceSupported": false, "InstanceType": "r5d.12xlarge", "InstanceStorageInfo": {"TotalSizeInGB": 1800, "Disks": [{"Count": 2, "Type": "ssd", "SizeInGB": 900}]}}, {"FreeTierEligible": false, "InstanceStorageSupported": true, "Hypervisor": "nitro", "PlacementGroupInfo": {"SupportedStrategies": ["cluster", "partition", "spread"]}, "SupportedUsageClasses": ["on-demand", "spot"], "MemoryInfo": {"SizeInMiB": 196608}, "CurrentGeneration": true, "DedicatedHostsSupported": false, "VCpuInfo": {"ValidThreadsPerCore": [1, 2], "DefaultCores": 48, "DefaultVCpus": 96, "ValidCores": [2, 4, 6, 8, 10, 12, 14, 16, 18, 20, 22, 24, 26, 28, 30, 32, 34, 36, 38, 40, 42, 44, 46, 48], "DefaultThreadsPerCore": 2}, "ProcessorInfo": {"SupportedArchitectures": ["x86_64"], "SustainedClockSpeedInGhz": 3.6}, "BareMetal": false, "AutoRecoverySupported": false, "NetworkInfo": {"NetworkPerformance": "25 Gigabit", "MaximumNetworkInterfaces": 15, "Ipv6Supported": true, "Ipv6AddressesPerInterface": 50, "EnaSupport": "required", "Ipv4AddressesPerInterface": 50}, "SupportedRootDeviceTypes": ["ebs"], "EbsInfo": {"EbsOptimizedSupport": "default", "EncryptionSupport": "supported"}, "HibernationSupported": false, "BurstablePerformanceSupported": false, "InstanceType": "c5d.24xlarge", "InstanceStorageInfo": {"TotalSizeInGB": 3600, "Disks": [{"Count": 4, "Type": "ssd", "SizeInGB": 900}]}}, {"FreeTierEligible": false, "InstanceStorageSupported": true, "Hypervisor": "xen", "PlacementGroupInfo": {"SupportedStrategies": ["cluster", "partition", "spread"]}, "SupportedUsageClasses": ["on-demand", "spot"], "MemoryInfo": {"SizeInMiB": 124928}, "CurrentGeneration": true, "DedicatedHostsSupported": true, "VCpuInfo": {"ValidThreadsPerCore": [1, 2], "DefaultCores": 8, "DefaultVCpus": 16, "ValidCores": [1, 2, 3, 4, 5, 6, 7, 8], "DefaultThreadsPerCore": 2}, "ProcessorInfo": {"SupportedArchitectures": ["x86_64"], "SustainedClockSpeedInGhz": 2.3}, "BareMetal": false, "AutoRecoverySupported": false, "NetworkInfo": {"NetworkPerformance": "Up to 10 Gigabit", "MaximumNetworkInterfaces": 8, "Ipv6Supported": true, "Ipv6AddressesPerInterface": 30, "EnaSupport": "supported", "Ipv4AddressesPerInterface": 30}, "SupportedRootDeviceTypes": ["ebs"], "EbsInfo": {"EbsOptimizedSupport": "default", "EncryptionSupport": "supported"}, "HibernationSupported": false, "BurstablePerformanceSupported": false, "InstanceType": "i3.4xlarge", "InstanceStorageInfo": {"TotalSizeInGB": 3800, "Disks": [{"Count": 2, "Type": "ssd", "SizeInGB": 1900}]}}, {"FreeTierEligible": false, "InstanceStorageSupported": false, "Hypervisor": "nitro", "PlacementGroupInfo": {"SupportedStrategies": ["cluster", "partition", "spread"]}, "SupportedUsageClasses": ["on-demand", "spot"], "MemoryInfo": {"SizeInMiB": 147456}, "CurrentGeneration": true, "DedicatedHostsSupported": true, "VCpuInfo": {"ValidThreadsPerCore": [1, 2], "DefaultCores": 36, "DefaultVCpus": 72, "ValidCores": [4, 6, 8, 10, 12, 14, 16, 18, 20, 22, 24, 26, 28, 30, 32, 34, 36], "DefaultThreadsPerCore": 2}, "ProcessorInfo": {"SupportedArchitectures": ["x86_64"], "SustainedClockSpeedInGhz": 3.4}, "BareMetal": false, "AutoRecoverySupported": true, "NetworkInfo": {"NetworkPerformance": "25 Gigabit", "MaximumNetworkInterfaces": 15, "Ipv6Supported": true, "Ipv6AddressesPerInterface": 50, "EnaSupport": "required", "Ipv4AddressesPerInterface": 50}, "SupportedRootDeviceTypes": ["ebs"], "EbsInfo": {"EbsOptimizedSupport": "default", "EncryptionSupport": "supported"}, "HibernationSupported": true, "BurstablePerformanceSupported": false, "InstanceType": "c5.18xlarge"}, {"FreeTierEligible": false, "InstanceStorageSupported": true, "Hypervisor": "nitro", "PlacementGroupInfo": {"SupportedStrategies": ["cluster", "partition", "spread"]}, "SupportedUsageClasses": ["on-demand", "spot"], "MemoryInfo": {"SizeInMiB": 65536}, "CurrentGeneration": true, "DedicatedHostsSupported": true, "VCpuInfo": {"ValidThreadsPerCore": [1, 2], "DefaultCores": 4, "DefaultVCpus": 8, "ValidCores": [2, 4], "DefaultThreadsPerCore": 2}, "ProcessorInfo": {"SupportedArchitectures": ["x86_64"], "SustainedClockSpeedInGhz": 3.1}, "BareMetal": false, "AutoRecoverySupported": false, "NetworkInfo": {"NetworkPerformance": "Up to 10 Gigabit", "MaximumNetworkInterfaces": 4, "Ipv6Supported": true, "Ipv6AddressesPerInterface": 15, "EnaSupport": "required", "Ipv4AddressesPerInterface": 15}, "SupportedRootDeviceTypes": ["ebs"], "EbsInfo": {"EbsOptimizedSupport": "default", "EncryptionSupport": "supported"}, "HibernationSupported": false, "BurstablePerformanceSupported": false, "InstanceType": "r5d.2xlarge", "InstanceStorageInfo": {"TotalSizeInGB": 300, "Disks": [{"Count": 1, "Type": "ssd", "SizeInGB": 300}]}}, {"FreeTierEligible": false, "InstanceStorageSupported": false, "Hypervisor": "nitro", "PlacementGroupInfo": {"SupportedStrategies": ["cluster", "partition", "spread"]}, "SupportedUsageClasses": ["on-demand", "spot"], "MemoryInfo": {"SizeInMiB": 32768}, "CurrentGeneration": true, "DedicatedHostsSupported": true, "VCpuInfo": {"ValidThreadsPerCore": [1, 2], "DefaultCores": 2, "DefaultVCpus": 4, "ValidCores": [2], "DefaultThreadsPerCore": 2}, "ProcessorInfo": {"SupportedArchitectures": ["x86_64"], "SustainedClockSpeedInGhz": 3.1}, "BareMetal": false, "AutoRecoverySupported": true, "NetworkInfo": {"NetworkPerformance": "Up to 10 Gigabit", "MaximumNetworkInterfaces": 4, "Ipv6Supported": true, "Ipv6AddressesPerInterface": 15, "EnaSupport": "required", "Ipv4AddressesPerInterface": 15}, "SupportedRootDeviceTypes": ["ebs"], "EbsInfo": {"EbsOptimizedSupport": "default", "EncryptionSupport": "supported"}, "HibernationSupported": true, "BurstablePerformanceSupported": false, "InstanceType": "r5.xlarge"}, {"FreeTierEligible": false, "InstanceStorageSupported": true, "Hypervisor": "nitro", "PlacementGroupInfo": {"SupportedStrategies": ["cluster", "partition", "spread"]}, "SupportedUsageClasses": ["on-demand", "spot"], "MemoryInfo": {"SizeInMiB": 73728}, "CurrentGeneration": true, "DedicatedHostsSupported": true, "VCpuInfo": {"ValidThreadsPerCore": [1, 2], "DefaultCores": 18, "DefaultVCpus": 36, "ValidCores": [2, 4, 6, 8, 10, 12, 14, 16, 18], "DefaultThreadsPerCore": 2}, "ProcessorInfo": {"SupportedArchitectures": ["x86_64"], "SustainedClockSpeedInGhz": 3.4}, "BareMetal": false, "AutoRecoverySupported": false, "NetworkInfo": {"NetworkPerformance": "10 Gigabit", "MaximumNetworkInterfaces": 8, "Ipv6Supported": true, "Ipv6AddressesPerInterface": 30, "EnaSupport": "required", "Ipv4AddressesPerInterface": 30}, "SupportedRootDeviceTypes": ["ebs"], "EbsInfo": {"EbsOptimizedSupport": "default", "EncryptionSupport": "supported"}, "HibernationSupported": false, "BurstablePerformanceSupported": false, "InstanceType": "c5d.9xlarge", "InstanceStorageInfo": {"TotalSizeInGB": 900, "Disks": [{"Count": 1, "Type": "ssd", "SizeInGB": 900}]}}, {"FreeTierEligible": false, "InstanceStorageSupported": false, "Hypervisor": "nitro", "PlacementGroupInfo": {"SupportedStrategies": ["partition", "spread"]}, "SupportedUsageClasses": ["on-demand", "spot"], "MemoryInfo": {"SizeInMiB": 16384}, "CurrentGeneration": true, "DedicatedHostsSupported": false, "VCpuInfo": {"ValidThreadsPerCore": [1, 2], "DefaultCores": 2, "DefaultVCpus": 4, "ValidCores": [2], "DefaultThreadsPerCore": 2}, "ProcessorInfo": {"SupportedArchitectures": ["x86_64"], "SustainedClockSpeedInGhz": 2.5}, "BareMetal": false, "AutoRecoverySupported": true, "NetworkInfo": {"NetworkPerformance": "Up to 5 Gigabit", "MaximumNetworkInterfaces": 4, "Ipv6Supported": true, "Ipv6AddressesPerInterface": 15, "EnaSupport": "required", "Ipv4AddressesPerInterface": 15}, "SupportedRootDeviceTypes": ["ebs"], "EbsInfo": {"EbsOptimizedSupport": "default", "EncryptionSupport": "supported"}, "HibernationSupported": false, "BurstablePerformanceSupported": true, "InstanceType": "t3.xlarge"}, {"FreeTierEligible": false, "InstanceStorageSupported": false, "Hypervisor": "nitro", "PlacementGroupInfo": {"SupportedStrategies": ["cluster", "partition", "spread"]}, "SupportedUsageClasses": ["on-demand", "spot"], "MemoryInfo": {"SizeInMiB": 196608}, "CurrentGeneration": true, "DedicatedHostsSupported": false, "VCpuInfo": {"ValidThreadsPerCore": [1, 2], "DefaultCores": 48, "DefaultVCpus": 96, "ValidCores": [2, 4, 6, 8, 10, 12, 14, 16, 18, 20, 22, 24, 26, 28, 30, 32, 34, 36, 38, 40, 42, 44, 46, 48], "DefaultThreadsPerCore": 2}, "ProcessorInfo": {"SupportedArchitectures": ["x86_64"], "SustainedClockSpeedInGhz": 3.6}, "BareMetal": false, "AutoRecoverySupported": true, "NetworkInfo": {"NetworkPerformance": "25 Gigabit", "MaximumNetworkInterfaces": 15, "Ipv6Supported": true, "Ipv6AddressesPerInterface": 50, "EnaSupport": "required", "Ipv4AddressesPerInterface": 50}, "SupportedRootDeviceTypes": ["ebs"], "EbsInfo": {"EbsOptimizedSupport": "default", "EncryptionSupport": "supported"}, "HibernationSupported": false, "BurstablePerformanceSupported": false, "InstanceType": "c5.24xlarge"}, {"FreeTierEligible": false, "InstanceStorageSupported": true, "Hypervisor": "xen", "PlacementGroupInfo": {"SupportedStrategies": ["cluster", "partition", "spread"]}, "SupportedUsageClasses": ["on-demand", "spot"], "MemoryInfo": {"SizeInMiB": 15616}, "CurrentGeneration": true, "DedicatedHostsSupported": true, "VCpuInfo": {"ValidThreadsPerCore": [1, 2], "DefaultCores": 1, "DefaultVCpus": 2, "ValidCores": [1], "DefaultThreadsPerCore": 2}, "ProcessorInfo": {"SupportedArchitectures": ["x86_64"], "SustainedClockSpeedInGhz": 2.3}, "BareMetal": false, "AutoRecoverySupported": false, "NetworkInfo": {"NetworkPerformance": "Up to 10 Gigabit", "MaximumNetworkInterfaces": 3, "Ipv6Supported": true, "Ipv6AddressesPerInterface": 10, "EnaSupport": "supported", "Ipv4AddressesPerInterface": 10}, "SupportedRootDeviceTypes": ["ebs"], "EbsInfo": {"EbsOptimizedSupport": "default", "EncryptionSupport": "supported"}, "HibernationSupported": false, "BurstablePerformanceSupported": false, "InstanceType": "i3.large", "InstanceStorageInfo": {"TotalSizeInGB": 475, "Disks": [{"Count": 1, "Type": "ssd", "SizeInGB": 475}]}}, {"FreeTierEligible": false, "InstanceStorageSupported": true, "Hypervisor": "xen", "PlacementGroupInfo": {"SupportedStrategies": ["cluster", "partition", "spread"]}, "SupportedUsageClasses": ["on-demand"], "MemoryInfo": {"SizeInMiB": 31232}, "CurrentGeneration": true, "DedicatedHostsSupported": true, "VCpuInfo": {"ValidThreadsPerCore": [1, 2], "DefaultCores": 2, "DefaultVCpus": 4, "ValidCores": [1, 2], "DefaultThreadsPerCore": 2}, "ProcessorInfo": {"SupportedArchitectures": ["x86_64"], "SustainedClockSpeedInGhz": 2.4}, "BareMetal": false, "AutoRecoverySupported": false, "NetworkInfo": {"NetworkPerformance": "Moderate", "MaximumNetworkInterfaces": 4, "Ipv6Supported": true, "Ipv6AddressesPerInterface": 15, "EnaSupport": "unsupported", "Ipv4AddressesPerInterface": 15}, "SupportedRootDeviceTypes": ["ebs", "instance-store"], "EbsInfo": {"EbsOptimizedSupport": "default", "EncryptionSupport": "supported"}, "HibernationSupported": false, "BurstablePerformanceSupported": false, "InstanceType": "d2.xlarge", "InstanceStorageInfo": {"TotalSizeInGB": 6144, "Disks": [{"Count": 3, "Type": "hdd", "SizeInGB": 2048}]}}, {"FreeTierEligible": false, "InstanceStorageSupported": false, "PlacementGroupInfo": {"SupportedStrategies": ["cluster", "partition", "spread"]}, "SupportedUsageClasses": ["on-demand", "spot"], "MemoryInfo": {"SizeInMiB": 196608}, "CurrentGeneration": true, "DedicatedHostsSupported": true, "VCpuInfo": {"DefaultVCpus": 96}, "ProcessorInfo": {"SupportedArchitectures": ["x86_64"], "SustainedClockSpeedInGhz": 3.6}, "BareMetal": true, "AutoRecoverySupported": true, "NetworkInfo": {"NetworkPerformance": "25 Gigabit", "MaximumNetworkInterfaces": 15, "Ipv6Supported": true, "Ipv6AddressesPerInterface": 50, "EnaSupport": "required", "Ipv4AddressesPerInterface": 50}, "SupportedRootDeviceTypes": ["ebs"], "EbsInfo": {"EbsOptimizedSupport": "default", "EncryptionSupport": "supported"}, "HibernationSupported": false, "BurstablePerformanceSupported": false, "InstanceType": "c5.metal"}, {"FreeTierEligible": false, "InstanceStorageSupported": true, "Hypervisor": "nitro", "PlacementGroupInfo": {"SupportedStrategies": ["cluster", "partition", "spread"]}, "SupportedUsageClasses": ["on-demand", "spot"], "MemoryInfo": {"SizeInMiB": 98304}, "CurrentGeneration": true, "DedicatedHostsSupported": false, "VCpuInfo": {"ValidThreadsPerCore": [1, 2], "DefaultCores": 24, "DefaultVCpus": 48, "ValidCores": [2, 4, 6, 8, 10, 12, 14, 16, 18, 20, 22, 24], "DefaultThreadsPerCore": 2}, "ProcessorInfo": {"SupportedArchitectures": ["x86_64"], "SustainedClockSpeedInGhz": 3.6}, "BareMetal": false, "AutoRecoverySupported": false, "NetworkInfo": {"NetworkPerformance": "12 Gigabit", "MaximumNetworkInterfaces": 8, "Ipv6Supported": true, "Ipv6AddressesPerInterface": 30, "EnaSupport": "required", "Ipv4AddressesPerInterface": 30}, "SupportedRootDeviceTypes": ["ebs"], "EbsInfo": {"EbsOptimizedSupport": "default", "EncryptionSupport": "supported"}, "HibernationSupported": false, "BurstablePerformanceSupported": false, "InstanceType": "c5d.12xlarge", "InstanceStorageInfo": {"TotalSizeInGB": 1800, "Disks": [{"Count": 2, "Type": "ssd", "SizeInGB": 900}]}}, {"FreeTierEligible": false, "InstanceStorageSupported": true, "Hypervisor": "nitro", "PlacementGroupInfo": {"SupportedStrategies": ["cluster", "partition", "spread"]}, "SupportedUsageClasses": ["on-demand", "spot"], "MemoryInfo": {"SizeInMiB": 786432}, "CurrentGeneration": true, "DedicatedHostsSupported": true, "VCpuInfo": {"ValidThreadsPerCore": [1, 2], "DefaultCores": 48, "DefaultVCpus": 96, "ValidCores": [4, 6, 8, 10, 12, 14, 16, 18, 20, 22, 24, 26, 28, 30, 32, 34, 36, 38, 40, 42, 44, 46, 48], "DefaultThreadsPerCore": 2}, "ProcessorInfo": {"SupportedArchitectures": ["x86_64"], "SustainedClockSpeedInGhz": 3.1}, "BareMetal": false, "AutoRecoverySupported": false, "NetworkInfo": {"NetworkPerformance": "25 Gigabit", "MaximumNetworkInterfaces": 15, "Ipv6Supported": true, "Ipv6AddressesPerInterface": 50, "EnaSupport": "required", "Ipv4AddressesPerInterface": 50}, "SupportedRootDeviceTypes": ["ebs"], "EbsInfo": {"EbsOptimizedSupport": "default", "EncryptionSupport": "supported"}, "HibernationSupported": false, "BurstablePerformanceSupported": false, "InstanceType": "r5d.24xlarge", "InstanceStorageInfo": {"TotalSizeInGB": 3600, "Disks": [{"Count": 4, "Type": "ssd", "SizeInGB": 900}]}}, {"FreeTierEligible": false, "InstanceStorageSupported": true, "Hypervisor": "nitro", "PlacementGroupInfo": {"SupportedStrategies": ["cluster", "partition", "spread"]}, "SupportedUsageClasses": ["on-demand", "spot"], "MemoryInfo": {"SizeInMiB": 131072}, "CurrentGeneration": true, "DedicatedHostsSupported": false, "VCpuInfo": {"ValidThreadsPerCore": [1, 2], "DefaultCores": 16, "DefaultVCpus": 32, "ValidCores": [2, 4, 6, 8, 10, 12, 14, 16], "DefaultThreadsPerCore": 2}, "ProcessorInfo": {"SupportedArchitectures": ["x86_64"], "SustainedClockSpeedInGhz": 3.1}, "BareMetal": false, "AutoRecoverySupported": false, "NetworkInfo": {"NetworkPerformance": "10 Gigabit", "MaximumNetworkInterfaces": 8, "Ipv6Supported": true, "Ipv6AddressesPerInterface": 30, "EnaSupport": "required", "Ipv4AddressesPerInterface": 30}, "SupportedRootDeviceTypes": ["ebs"], "EbsInfo": {"EbsOptimizedSupport": "default", "EncryptionSupport": "supported"}, "HibernationSupported": false, "BurstablePerformanceSupported": false, "InstanceType": "m5d.8xlarge", "InstanceStorageInfo": {"TotalSizeInGB": 1200, "Disks": [{"Count": 2, "Type": "ssd", "SizeInGB": 600}]}}, {"FreeTierEligible": false, "InstanceStorageSupported": true, "Hypervisor": "nitro", "PlacementGroupInfo": {"SupportedStrategies": ["cluster", "partition", "spread"]}, "SupportedUsageClasses": ["on-demand", "spot"], "MemoryInfo": {"SizeInMiB": 196608}, "CurrentGeneration": true, "GpuInfo": {"Gpus": [{"Count": 4, "MemoryInfo": {"SizeInMiB": 16384}, "Name": "T4", "Manufacturer": "NVIDIA"}], "TotalGpuMemoryInMiB": 65536}, "VCpuInfo": {"ValidThreadsPerCore": [1, 2], "DefaultCores": 24, "DefaultVCpus": 48, "ValidCores": [2, 4, 6, 8, 10, 12, 14, 16, 18, 20, 22, 24], "DefaultThreadsPerCore": 2}, "ProcessorInfo": {"SupportedArchitectures": ["x86_64"], "SustainedClockSpeedInGhz": 2.5}, "BareMetal": false, "AutoRecoverySupported": false, "NetworkInfo": {"NetworkPerformance": "50 Gigabit", "MaximumNetworkInterfaces": 8, "Ipv6Supported": true, "Ipv6AddressesPerInterface": 30, "EnaSupport": "required", "Ipv4AddressesPerInterface": 30}, "SupportedRootDeviceTypes": ["ebs"], "EbsInfo": {"EbsOptimizedSupport": "default", "EncryptionSupport": "supported"}, "HibernationSupported": false, "DedicatedHostsSupported": true, "BurstablePerformanceSupported": false, "InstanceType": "g4dn.12xlarge", "InstanceStorageInfo": {"TotalSizeInGB": 900, "Disks": [{"Count": 1, "Type": "ssd", "SizeInGB": 900}]}}, {"FreeTierEligible": false, "InstanceStorageSupported": false, "Hypervisor": "nitro", "PlacementGroupInfo": {"SupportedStrategies": ["cluster", "partition", "spread"]}, "SupportedUsageClasses": ["on-demand", "spot"], "MemoryInfo": {"SizeInMiB": 524288}, "CurrentGeneration": true, "DedicatedHostsSupported": true, "VCpuInfo": {"ValidThreadsPerCore": [1, 2], "DefaultCores": 32, "DefaultVCpus": 64, "ValidCores": [2, 4, 6, 8, 10, 12, 14, 16, 18, 20, 22, 24, 26, 28, 30, 32], "DefaultThreadsPerCore": 2}, "ProcessorInfo": {"SupportedArchitectures": ["x86_64"], "SustainedClockSpeedInGhz": 3.1}, "BareMetal": false, "AutoRecoverySupported": true, "NetworkInfo": {"NetworkPerformance": "20 Gigabit", "MaximumNetworkInterfaces": 15, "Ipv6Supported": true, "Ipv6AddressesPerInterface": 50, "EnaSupport": "required", "Ipv4AddressesPerInterface": 50}, "SupportedRootDeviceTypes": ["ebs"], "EbsInfo": {"EbsOptimizedSupport": "default", "EncryptionSupport": "supported"}, "HibernationSupported": false, "BurstablePerformanceSupported": false, "InstanceType": "r5.16xlarge"}, {"FreeTierEligible": false, "InstanceStorageSupported": false, "Hypervisor": "nitro", "PlacementGroupInfo": {"SupportedStrategies": ["cluster", "partition", "spread"]}, "SupportedUsageClasses": ["on-demand", "spot"], "MemoryInfo": {"SizeInMiB": 32768}, "CurrentGeneration": true, "DedicatedHostsSupported": true, "VCpuInfo": {"ValidThreadsPerCore": [1, 2], "DefaultCores": 4, "DefaultVCpus": 8, "ValidCores": [2, 4], "DefaultThreadsPerCore": 2}, "ProcessorInfo": {"SupportedArchitectures": ["x86_64"], "SustainedClockSpeedInGhz": 3.1}, "BareMetal": false, "AutoRecoverySupported": true, "NetworkInfo": {"NetworkPerformance": "Up to 10 Gigabit", "MaximumNetworkInterfaces": 4, "Ipv6Supported": true, "Ipv6AddressesPerInterface": 15, "EnaSupport": "required", "Ipv4AddressesPerInterface": 15}, "SupportedRootDeviceTypes": ["ebs"], "EbsInfo": {"EbsOptimizedSupport": "default", "EncryptionSupport": "supported"}, "HibernationSupported": true, "BurstablePerformanceSupported": false, "InstanceType": "m5.2xlarge"}, {"FreeTierEligible": false, "InstanceStorageSupported": true, "Hypervisor": "nitro", "PlacementGroupInfo": {"SupportedStrategies": ["cluster", "partition", "spread"]}, "SupportedUsageClasses": ["on-demand", "spot"], "MemoryInfo": {"SizeInMiB": 8192}, "CurrentGeneration": true, "DedicatedHostsSupported": true, "VCpuInfo": {"ValidThreadsPerCore": [1, 2], "DefaultCores": 1, "DefaultVCpus": 2, "ValidCores": [1], "DefaultThreadsPerCore": 2}, "ProcessorInfo": {"SupportedArchitectures": ["x86_64"], "SustainedClockSpeedInGhz": 3.1}, "BareMetal": false, "AutoRecoverySupported": false, "NetworkInfo": {"NetworkPerformance": "Up to 10 Gigabit", "MaximumNetworkInterfaces": 3, "Ipv6Supported": true, "Ipv6AddressesPerInterface": 10, "EnaSupport": "required", "Ipv4AddressesPerInterface": 10}, "SupportedRootDeviceTypes": ["ebs"], "EbsInfo": {"EbsOptimizedSupport": "default", "EncryptionSupport": "supported"}, "HibernationSupported": false, "BurstablePerformanceSupported": false, "InstanceType": "m5d.large", "InstanceStorageInfo": {"TotalSizeInGB": 75, "Disks": [{"Count": 1, "Type": "ssd", "SizeInGB": 75}]}}, {"FreeTierEligible": false, "InstanceStorageSupported": false, "Hypervisor": "nitro", "PlacementGroupInfo": {"SupportedStrategies": ["cluster", "partition", "spread"]}, "SupportedUsageClasses": ["on-demand", "spot"], "MemoryInfo": {"SizeInMiB": 786432}, "CurrentGeneration": true, "DedicatedHostsSupported": true, "VCpuInfo": {"ValidThreadsPerCore": [1, 2], "DefaultCores": 48, "DefaultVCpus": 96, "ValidCores": [4, 6, 8, 10, 12, 14, 16, 18, 20, 22, 24, 26, 28, 30, 32, 34, 36, 38, 40, 42, 44, 46, 48], "DefaultThreadsPerCore": 2}, "ProcessorInfo": {"SupportedArchitectures": ["x86_64"], "SustainedClockSpeedInGhz": 3.1}, "BareMetal": false, "AutoRecoverySupported": true, "NetworkInfo": {"NetworkPerformance": "25 Gigabit", "MaximumNetworkInterfaces": 15, "Ipv6Supported": true, "Ipv6AddressesPerInterface": 50, "EnaSupport": "required", "Ipv4AddressesPerInterface": 50}, "SupportedRootDeviceTypes": ["ebs"], "EbsInfo": {"EbsOptimizedSupport": "default", "EncryptionSupport": "supported"}, "HibernationSupported": false, "BurstablePerformanceSupported": false, "InstanceType": "r5.24xlarge"}, {"FreeTierEligible": false, "InstanceStorageSupported": true, "Hypervisor": "nitro", "PlacementGroupInfo": {"SupportedStrategies": ["cluster", "partition", "spread"]}, "SupportedUsageClasses": ["on-demand", "spot"], "MemoryInfo": {"SizeInMiB": 16384}, "CurrentGeneration": true, "DedicatedHostsSupported": true, "VCpuInfo": {"ValidThreadsPerCore": [1, 2], "DefaultCores": 4, "DefaultVCpus": 8, "ValidCores": [2, 4], "DefaultThreadsPerCore": 2}, "ProcessorInfo": {"SupportedArchitectures": ["x86_64"], "SustainedClockSpeedInGhz": 3.4}, "BareMetal": false, "AutoRecoverySupported": false, "NetworkInfo": {"NetworkPerformance": "Up to 10 Gigabit", "MaximumNetworkInterfaces": 4, "Ipv6Supported": true, "Ipv6AddressesPerInterface": 15, "EnaSupport": "required", "Ipv4AddressesPerInterface": 15}, "SupportedRootDeviceTypes": ["ebs"], "EbsInfo": {"EbsOptimizedSupport": "default", "EncryptionSupport": "supported"}, "HibernationSupported": false, "BurstablePerformanceSupported": false, "InstanceType": "c5d.2xlarge", "InstanceStorageInfo": {"TotalSizeInGB": 200, "Disks": [{"Count": 1, "Type": "ssd", "SizeInGB": 200}]}}, {"FreeTierEligible": false, "InstanceStorageSupported": true, "Hypervisor": "nitro", "PlacementGroupInfo": {"SupportedStrategies": ["cluster", "partition", "spread"]}, "SupportedUsageClasses": ["on-demand", "spot"], "MemoryInfo": {"SizeInMiB": 16384}, "CurrentGeneration": true, "DedicatedHostsSupported": true, "VCpuInfo": {"ValidThreadsPerCore": [1, 2], "DefaultCores": 1, "DefaultVCpus": 2, "ValidCores": [1], "DefaultThreadsPerCore": 2}, "ProcessorInfo": {"SupportedArchitectures": ["x86_64"], "SustainedClockSpeedInGhz": 3.1}, "BareMetal": false, "AutoRecoverySupported": false, "NetworkInfo": {"NetworkPerformance": "Up to 10 Gigabit", "MaximumNetworkInterfaces": 3, "Ipv6Supported": true, "Ipv6AddressesPerInterface": 10, "EnaSupport": "required", "Ipv4AddressesPerInterface": 10}, "SupportedRootDeviceTypes": ["ebs"], "EbsInfo": {"EbsOptimizedSupport": "default", "EncryptionSupport": "supported"}, "HibernationSupported": false, "BurstablePerformanceSupported": false, "InstanceType": "r5d.large", "InstanceStorageInfo": {"TotalSizeInGB": 75, "Disks": [{"Count": 1, "Type": "ssd", "SizeInGB": 75}]}}, {"FreeTierEligible": false, "InstanceStorageSupported": true, "Hypervisor": "xen", "PlacementGroupInfo": {"SupportedStrategies": ["cluster", "partition", "spread"]}, "SupportedUsageClasses": ["on-demand"], "MemoryInfo": {"SizeInMiB": 249856}, "CurrentGeneration": true, "DedicatedHostsSupported": true, "VCpuInfo": {"ValidThreadsPerCore": [1, 2], "DefaultCores": 18, "DefaultVCpus": 36, "ValidCores": [2, 4, 6, 8, 10, 12, 14, 16, 18], "DefaultThreadsPerCore": 2}, "ProcessorInfo": {"SupportedArchitectures": ["x86_64"], "SustainedClockSpeedInGhz": 2.4}, "BareMetal": false, "AutoRecoverySupported": false, "NetworkInfo": {"NetworkPerformance": "10 Gigabit", "MaximumNetworkInterfaces": 8, "Ipv6Supported": true, "Ipv6AddressesPerInterface": 30, "EnaSupport": "unsupported", "Ipv4AddressesPerInterface": 30}, "SupportedRootDeviceTypes": ["ebs", "instance-store"], "EbsInfo": {"EbsOptimizedSupport": "default", "EncryptionSupport": "supported"}, "HibernationSupported": false, "BurstablePerformanceSupported": false, "InstanceType": "d2.8xlarge", "InstanceStorageInfo": {"TotalSizeInGB": 49152, "Disks": [{"Count": 24, "Type": "hdd", "SizeInGB": 2048}]}}, {"FreeTierEligible": false, "InstanceStorageSupported": true, "Hypervisor": "nitro", "PlacementGroupInfo": {"SupportedStrategies": ["cluster", "partition", "spread"]}, "SupportedUsageClasses": ["on-demand", "spot"], "MemoryInfo": {"SizeInMiB": 65536}, "CurrentGeneration": true, "DedicatedHostsSupported": true, "VCpuInfo": {"ValidThreadsPerCore": [1, 2], "DefaultCores": 8, "DefaultVCpus": 16, "ValidCores": [2, 4, 6, 8], "DefaultThreadsPerCore": 2}, "ProcessorInfo": {"SupportedArchitectures": ["x86_64"], "SustainedClockSpeedInGhz": 3.1}, "BareMetal": false, "AutoRecoverySupported": false, "NetworkInfo": {"NetworkPerformance": "Up to 10 Gigabit", "MaximumNetworkInterfaces": 8, "Ipv6Supported": true, "Ipv6AddressesPerInterface": 30, "EnaSupport": "required", "Ipv4AddressesPerInterface": 30}, "SupportedRootDeviceTypes": ["ebs"], "EbsInfo": {"EbsOptimizedSupport": "default", "EncryptionSupport": "supported"}, "HibernationSupported": false, "BurstablePerformanceSupported": false, "InstanceType": "m5d.4xlarge", "InstanceStorageInfo": {"TotalSizeInGB": 600, "Disks": [{"Count": 2, "Type": "ssd", "SizeInGB": 300}]}}, {"FreeTierEligible": false, "InstanceStorageSupported": true, "Hypervisor": "nitro", "PlacementGroupInfo": {"SupportedStrategies": ["cluster", "partition", "spread"]}, "SupportedUsageClasses": ["on-demand", "spot"], "MemoryInfo": {"SizeInMiB": 131072}, "CurrentGeneration": true, "GpuInfo": {"Gpus": [{"Count": 1, "MemoryInfo": {"SizeInMiB": 16384}, "Name": "T4", "Manufacturer": "NVIDIA"}], "TotalGpuMemoryInMiB": 16384}, "VCpuInfo": {"ValidThreadsPerCore": [1, 2], "DefaultCores": 16, "DefaultVCpus": 32, "ValidCores": [2, 4, 6, 8, 10, 12, 14, 16], "DefaultThreadsPerCore": 2}, "ProcessorInfo": {"SupportedArchitectures": ["x86_64"], "SustainedClockSpeedInGhz": 2.5}, "BareMetal": false, "AutoRecoverySupported": false, "NetworkInfo": {"NetworkPerformance": "50 Gigabit", "MaximumNetworkInterfaces": 4, "Ipv6Supported": true, "Ipv6AddressesPerInterface": 15, "EnaSupport": "required", "Ipv4AddressesPerInterface": 15}, "SupportedRootDeviceTypes": ["ebs"], "EbsInfo": {"EbsOptimizedSupport": "default", "EncryptionSupport": "supported"}, "HibernationSupported": false, "DedicatedHostsSupported": false, "BurstablePerformanceSupported": false, "InstanceType": "g4dn.8xlarge", "InstanceStorageInfo": {"TotalSizeInGB": 900, "Disks": [{"Count": 1, "Type": "ssd", "SizeInGB": 900}]}}, {"FreeTierEligible": false, "InstanceStorageSupported": true, "Hypervisor": "nitro", "PlacementGroupInfo": {"SupportedStrategies": ["cluster", "partition", "spread"]}, "SupportedUsageClasses": ["on-demand", "spot"], "MemoryInfo": {"SizeInMiB": 131072}, "CurrentGeneration": true, "DedicatedHostsSupported": true, "VCpuInfo": {"ValidThreadsPerCore": [1, 2], "DefaultCores": 8, "DefaultVCpus": 16, "ValidCores": [2, 4, 6, 8], "DefaultThreadsPerCore": 2}, "ProcessorInfo": {"SupportedArchitectures": ["x86_64"], "SustainedClockSpeedInGhz": 3.1}, "BareMetal": false, "AutoRecoverySupported": false, "NetworkInfo": {"NetworkPerformance": "Up to 10 Gigabit", "MaximumNetworkInterfaces": 8, "Ipv6Supported": true, "Ipv6AddressesPerInterface": 30, "EnaSupport": "required", "Ipv4AddressesPerInterface": 30}, "SupportedRootDeviceTypes": ["ebs"], "EbsInfo": {"EbsOptimizedSupport": "default", "EncryptionSupport": "supported"}, "HibernationSupported": false, "BurstablePerformanceSupported": false, "InstanceType": "r5d.4xlarge", "InstanceStorageInfo": {"TotalSizeInGB": 600, "Disks": [{"Count": 2, "Type": "ssd", "SizeInGB": 300}]}}, {"FreeTierEligible": false, "InstanceStorageSupported": true, "Hypervisor": "xen", "PlacementGroupInfo": {"SupportedStrategies": ["cluster", "partition", "spread"]}, "SupportedUsageClasses": ["on-demand", "spot"], "MemoryInfo": {"SizeInMiB": 62464}, "CurrentGeneration": true, "DedicatedHostsSupported": true, "VCpuInfo": {"ValidThreadsPerCore": [1, 2], "DefaultCores": 4, "DefaultVCpus": 8, "ValidCores": [1, 2, 3, 4], "DefaultThreadsPerCore": 2}, "ProcessorInfo": {"SupportedArchitectures": ["x86_64"], "SustainedClockSpeedInGhz": 2.3}, "BareMetal": false, "AutoRecoverySupported": false, "NetworkInfo": {"NetworkPerformance": "Up to 10 Gigabit", "MaximumNetworkInterfaces": 4, "Ipv6Supported": true, "Ipv6AddressesPerInterface": 15, "EnaSupport": "supported", "Ipv4AddressesPerInterface": 15}, "SupportedRootDeviceTypes": ["ebs"], "EbsInfo": {"EbsOptimizedSupport": "default", "EncryptionSupport": "supported"}, "HibernationSupported": false, "BurstablePerformanceSupported": false, "InstanceType": "i3.2xlarge", "InstanceStorageInfo": {"TotalSizeInGB": 1900, "Disks": [{"Count": 1, "Type": "ssd", "SizeInGB": 1900}]}}, {"FreeTierEligible": false, "InstanceStorageSupported": false, "Hypervisor": "nitro", "PlacementGroupInfo": {"SupportedStrategies": ["cluster", "partition", "spread"]}, "SupportedUsageClasses": ["on-demand", "spot"], "MemoryInfo": {"SizeInMiB": 196608}, "CurrentGeneration": true, "DedicatedHostsSupported": true, "VCpuInfo": {"ValidThreadsPerCore": [1, 2], "DefaultCores": 24, "DefaultVCpus": 48, "ValidCores": [2, 4, 6, 8, 10, 12, 14, 16, 18, 20, 22, 24], "DefaultThreadsPerCore": 2}, "ProcessorInfo": {"SupportedArchitectures": ["x86_64"], "SustainedClockSpeedInGhz": 3.1}, "BareMetal": false, "AutoRecoverySupported": true, "NetworkInfo": {"NetworkPerformance": "10 Gigabit", "MaximumNetworkInterfaces": 8, "Ipv6Supported": true, "Ipv6AddressesPerInterface": 30, "EnaSupport": "required", "Ipv4AddressesPerInterface": 30}, "SupportedRootDeviceTypes": ["ebs"], "EbsInfo": {"EbsOptimizedSupport": "default", "EncryptionSupport": "supported"}, "HibernationSupported": false, "BurstablePerformanceSupported": false, "InstanceType": "m5.12xlarge"}, {"FreeTierEligible": false, "InstanceStorageSupported": true, "Hypervisor": "xen", "PlacementGroupInfo": {"SupportedStrategies": ["cluster", "partition", "spread"]}, "SupportedUsageClasses": ["on-demand"], "MemoryInfo": {"SizeInMiB": 124928}, "CurrentGeneration": true, "DedicatedHostsSupported": true, "VCpuInfo": {"ValidThreadsPerCore": [1, 2], "DefaultCores": 8, "DefaultVCpus": 16, "ValidCores": [1, 2, 3, 4, 5, 6, 7, 8], "DefaultThreadsPerCore": 2}, "ProcessorInfo": {"SupportedArchitectures": ["x86_64"], "SustainedClockSpeedInGhz": 2.4}, "BareMetal": false, "AutoRecoverySupported": false, "NetworkInfo": {"NetworkPerformance": "High", "MaximumNetworkInterfaces": 8, "Ipv6Supported": true, "Ipv6AddressesPerInterface": 30, "EnaSupport": "unsupported", "Ipv4AddressesPerInterface": 30}, "SupportedRootDeviceTypes": ["ebs", "instance-store"], "EbsInfo": {"EbsOptimizedSupport": "default", "EncryptionSupport": "supported"}, "HibernationSupported": false, "BurstablePerformanceSupported": false, "InstanceType": "d2.4xlarge", "InstanceStorageInfo": {"TotalSizeInGB": 24576, "Disks": [{"Count": 12, "Type": "hdd", "SizeInGB": 2048}]}}, {"FreeTierEligible": false, "InstanceStorageSupported": false, "Hypervisor": "nitro", "PlacementGroupInfo": {"SupportedStrategies": ["partition", "spread"]}, "SupportedUsageClasses": ["on-demand", "spot"], "MemoryInfo": {"SizeInMiB": 32768}, "CurrentGeneration": true, "DedicatedHostsSupported": false, "VCpuInfo": {"ValidThreadsPerCore": [1, 2], "DefaultCores": 4, "DefaultVCpus": 8, "ValidCores": [2, 4], "DefaultThreadsPerCore": 2}, "ProcessorInfo": {"SupportedArchitectures": ["x86_64"], "SustainedClockSpeedInGhz": 2.5}, "BareMetal": false, "AutoRecoverySupported": true, "NetworkInfo": {"NetworkPerformance": "Up to 5 Gigabit", "MaximumNetworkInterfaces": 4, "Ipv6Supported": true, "Ipv6AddressesPerInterface": 15, "EnaSupport": "required", "Ipv4AddressesPerInterface": 15}, "SupportedRootDeviceTypes": ["ebs"], "EbsInfo": {"EbsOptimizedSupport": "default", "EncryptionSupport": "supported"}, "HibernationSupported": false, "BurstablePerformanceSupported": true, "InstanceType": "t3.2xlarge"}, {"FreeTierEligible": false, "InstanceStorageSupported": false, "Hypervisor": "nitro", "PlacementGroupInfo": {"SupportedStrategies": ["cluster", "partition", "spread"]}, "SupportedUsageClasses": ["on-demand", "spot"], "MemoryInfo": {"SizeInMiB": 131072}, "CurrentGeneration": true, "DedicatedHostsSupported": false, "VCpuInfo": {"ValidThreadsPerCore": [1, 2], "DefaultCores": 16, "DefaultVCpus": 32, "ValidCores": [2, 4, 6, 8, 10, 12, 14, 16], "DefaultThreadsPerCore": 2}, "ProcessorInfo": {"SupportedArchitectures": ["x86_64"], "SustainedClockSpeedInGhz": 3.1}, "BareMetal": false, "AutoRecoverySupported": true, "NetworkInfo": {"NetworkPerformance": "10 Gigabit", "MaximumNetworkInterfaces": 8, "Ipv6Supported": true, "Ipv6AddressesPerInterface": 30, "EnaSupport": "required", "Ipv4AddressesPerInterface": 30}, "SupportedRootDeviceTypes": ["ebs"], "EbsInfo": {"EbsOptimizedSupport": "default", "EncryptionSupport": "supported"}, "HibernationSupported": true, "BurstablePerformanceSupported": false, "InstanceType": "m5.8xlarge"}, {"FreeTierEligible": false, "InstanceStorageSupported": false, "PlacementGroupInfo": {"SupportedStrategies": ["cluster", "partition", "spread"]}, "SupportedUsageClasses": ["on-demand", "spot"], "MemoryInfo": {"SizeInMiB": 786432}, "CurrentGeneration": true, "DedicatedHostsSupported": true, "VCpuInfo": {"DefaultVCpus": 96}, "ProcessorInfo": {"SupportedArchitectures": ["x86_64"], "SustainedClockSpeedInGhz": 3.1}, "BareMetal": true, "AutoRecoverySupported": true, "NetworkInfo": {"NetworkPerformance": "25 Gigabit", "MaximumNetworkInterfaces": 15, "Ipv6Supported": true, "Ipv6AddressesPerInterface": 50, "EnaSupport": "required", "Ipv4AddressesPerInterface": 50}, "SupportedRootDeviceTypes": ["ebs"], "EbsInfo": {"EbsOptimizedSupport": "default", "EncryptionSupport": "supported"}, "HibernationSupported": false, "BurstablePerformanceSupported": false, "InstanceType": "r5.metal"}, {"FreeTierEligible": false, "InstanceStorageSupported": true, "Hypervisor": "nitro", "PlacementGroupInfo": {"SupportedStrategies": ["cluster", "partition", "spread"]}, "SupportedUsageClasses": ["on-demand", "spot"], "MemoryInfo": {"SizeInMiB": 16384}, "CurrentGeneration": true, "GpuInfo": {"Gpus": [{"Count": 1, "MemoryInfo": {"SizeInMiB": 16384}, "Name": "T4", "Manufacturer": "NVIDIA"}], "TotalGpuMemoryInMiB": 16384}, "VCpuInfo": {"ValidThreadsPerCore": [1, 2], "DefaultCores": 2, "DefaultVCpus": 4, "ValidCores": [2], "DefaultThreadsPerCore": 2}, "ProcessorInfo": {"SupportedArchitectures": ["x86_64"], "SustainedClockSpeedInGhz": 2.5}, "BareMetal": false, "AutoRecoverySupported": false, "NetworkInfo": {"NetworkPerformance": "Up to 25 Gigabit", "MaximumNetworkInterfaces": 3, "Ipv6Supported": true, "Ipv6AddressesPerInterface": 10, "EnaSupport": "required", "Ipv4AddressesPerInterface": 10}, "SupportedRootDeviceTypes": ["ebs"], "EbsInfo": {"EbsOptimizedSupport": "default", "EncryptionSupport": "supported"}, "HibernationSupported": false, "DedicatedHostsSupported": false, "BurstablePerformanceSupported": false, "InstanceType": "g4dn.xlarge", "InstanceStorageInfo": {"TotalSizeInGB": 125, "Disks": [{"Count": 1, "Type": "ssd", "SizeInGB": 125}]}}, {"FreeTierEligible": false, "InstanceStorageSupported": false, "Hypervisor": "nitro", "PlacementGroupInfo": {"SupportedStrategies": ["partition", "spread"]}, "SupportedUsageClasses": ["on-demand", "spot"], "MemoryInfo": {"SizeInMiB": 8192}, "CurrentGeneration": true, "DedicatedHostsSupported": false, "VCpuInfo": {"ValidThreadsPerCore": [1, 2], "DefaultCores": 1, "DefaultVCpus": 2, "ValidCores": [1], "DefaultThreadsPerCore": 2}, "ProcessorInfo": {"SupportedArchitectures": ["x86_64"], "SustainedClockSpeedInGhz": 2.5}, "BareMetal": false, "AutoRecoverySupported": true, "NetworkInfo": {"NetworkPerformance": "Up to 5 Gigabit", "MaximumNetworkInterfaces": 3, "Ipv6Supported": true, "Ipv6AddressesPerInterface": 12, "EnaSupport": "required", "Ipv4AddressesPerInterface": 12}, "SupportedRootDeviceTypes": ["ebs"], "EbsInfo": {"EbsOptimizedSupport": "default", "EncryptionSupport": "supported"}, "HibernationSupported": false, "BurstablePerformanceSupported": true, "InstanceType": "t3.large"}, {"FreeTierEligible": false, "InstanceStorageSupported": false, "Hypervisor": "nitro", "PlacementGroupInfo": {"SupportedStrategies": ["cluster", "partition", "spread"]}, "SupportedUsageClasses": ["on-demand", "spot"], "MemoryInfo": {"SizeInMiB": 73728}, "CurrentGeneration": true, "DedicatedHostsSupported": true, "VCpuInfo": {"ValidThreadsPerCore": [1, 2], "DefaultCores": 18, "DefaultVCpus": 36, "ValidCores": [2, 4, 6, 8, 10, 12, 14, 16, 18], "DefaultThreadsPerCore": 2}, "ProcessorInfo": {"SupportedArchitectures": ["x86_64"], "SustainedClockSpeedInGhz": 3.4}, "BareMetal": false, "AutoRecoverySupported": true, "NetworkInfo": {"NetworkPerformance": "10 Gigabit", "MaximumNetworkInterfaces": 8, "Ipv6Supported": true, "Ipv6AddressesPerInterface": 30, "EnaSupport": "required", "Ipv4AddressesPerInterface": 30}, "SupportedRootDeviceTypes": ["ebs"], "EbsInfo": {"EbsOptimizedSupport": "default", "EncryptionSupport": "supported"}, "HibernationSupported": true, "BurstablePerformanceSupported": false, "InstanceType": "c5.9xlarge"}, {"FreeTierEligible": false, "InstanceStorageSupported": false, "Hypervisor": "nitro", "PlacementGroupInfo": {"SupportedStrategies": ["cluster", "partition", "spread"]}, "SupportedUsageClasses": ["on-demand", "spot"], "MemoryInfo": {"SizeInMiB": 8192}, "CurrentGeneration": true, "DedicatedHostsSupported": true, "VCpuInfo": {"ValidThreadsPerCore": [1, 2], "DefaultCores": 2, "DefaultVCpus": 4, "ValidCores": [2], "DefaultThreadsPerCore": 2}, "ProcessorInfo": {"SupportedArchitectures": ["x86_64"], "SustainedClockSpeedInGhz": 3.4}, "BareMetal": false, "AutoRecoverySupported": true, "NetworkInfo": {"NetworkPerformance": "Up to 10 Gigabit", "MaximumNetworkInterfaces": 4, "Ipv6Supported": true, "Ipv6AddressesPerInterface": 15, "EnaSupport": "required", "Ipv4AddressesPerInterface": 15}, "SupportedRootDeviceTypes": ["ebs"], "EbsInfo": {"EbsOptimizedSupport": "default", "EncryptionSupport": "supported"}, "HibernationSupported": true, "BurstablePerformanceSupported": false, "InstanceType": "c5.xlarge"}, {"FreeTierEligible": false, "InstanceStorageSupported": false, "Hypervisor": "nitro", "PlacementGroupInfo": {"SupportedStrategies": ["cluster", "partition", "spread"]}, "SupportedUsageClasses": ["on-demand", "spot"], "MemoryInfo": {"SizeInMiB": 65536}, "CurrentGeneration": true, "DedicatedHostsSupported": true, "VCpuInfo": {"ValidThreadsPerCore": [1, 2], "DefaultCores": 4, "DefaultVCpus": 8, "ValidCores": [2, 4], "DefaultThreadsPerCore": 2}, "ProcessorInfo": {"SupportedArchitectures": ["x86_64"], "SustainedClockSpeedInGhz": 3.1}, "BareMetal": false, "AutoRecoverySupported": true, "NetworkInfo": {"NetworkPerformance": "Up to 10 Gigabit", "MaximumNetworkInterfaces": 4, "Ipv6Supported": true, "Ipv6AddressesPerInterface": 15, "EnaSupport": "required", "Ipv4AddressesPerInterface": 15}, "SupportedRootDeviceTypes": ["ebs"], "EbsInfo": {"EbsOptimizedSupport": "default", "EncryptionSupport": "supported"}, "HibernationSupported": true, "BurstablePerformanceSupported": false, "InstanceType": "r5.2xlarge"}, {"FreeTierEligible": false, "InstanceStorageSupported": false, "Hypervisor": "nitro", "PlacementGroupInfo": {"SupportedStrategies": ["cluster", "partition", "spread"]}, "SupportedUsageClasses": ["on-demand", "spot"], "MemoryInfo": {"SizeInMiB": 16384}, "CurrentGeneration": true, "DedicatedHostsSupported": true, "VCpuInfo": {"ValidThreadsPerCore": [1, 2], "DefaultCores": 4, "DefaultVCpus": 8, "ValidCores": [2, 4], "DefaultThreadsPerCore": 2}, "ProcessorInfo": {"SupportedArchitectures": ["x86_64"], "SustainedClockSpeedInGhz": 3.4}, "BareMetal": false, "AutoRecoverySupported": true, "NetworkInfo": {"NetworkPerformance": "Up to 10 Gigabit", "MaximumNetworkInterfaces": 4, "Ipv6Supported": true, "Ipv6AddressesPerInterface": 15, "EnaSupport": "required", "Ipv4AddressesPerInterface": 15}, "SupportedRootDeviceTypes": ["ebs"], "EbsInfo": {"EbsOptimizedSupport": "default", "EncryptionSupport": "supported"}, "HibernationSupported": true, "BurstablePerformanceSupported": false, "InstanceType": "c5.2xlarge"}, {"FreeTierEligible": false, "InstanceStorageSupported": true, "Hypervisor": "xen", "PlacementGroupInfo": {"SupportedStrategies": ["cluster", "partition", "spread"]}, "SupportedUsageClasses": ["on-demand", "spot"], "MemoryInfo": {"SizeInMiB": 499712}, "CurrentGeneration": true, "DedicatedHostsSupported": true, "VCpuInfo": {"ValidThreadsPerCore": [1, 2], "DefaultCores": 32, "DefaultVCpus": 64, "ValidCores": [2, 4, 6, 8, 10, 12, 14, 16, 18, 20, 22, 24, 26, 28, 30, 32], "DefaultThreadsPerCore": 2}, "ProcessorInfo": {"SupportedArchitectures": ["x86_64"], "SustainedClockSpeedInGhz": 2.3}, "BareMetal": false, "AutoRecoverySupported": false, "NetworkInfo": {"NetworkPerformance": "25 Gigabit", "MaximumNetworkInterfaces": 15, "Ipv6Supported": true, "Ipv6AddressesPerInterface": 50, "EnaSupport": "supported", "Ipv4AddressesPerInterface": 50}, "SupportedRootDeviceTypes": ["ebs"], "EbsInfo": {"EbsOptimizedSupport": "default", "EncryptionSupport": "supported"}, "HibernationSupported": false, "BurstablePerformanceSupported": false, "InstanceType": "i3.16xlarge", "InstanceStorageInfo": {"TotalSizeInGB": 15200, "Disks": [{"Count": 8, "Type": "ssd", "SizeInGB": 1900}]}}], "ResponseMetadata": {"RetryAttempts": 0, "HTTPStatusCode": 200, "RequestId": "6ce5f591-75bd-4acb-94a0-b802f286d126", "HTTPHeaders": {"x-amzn-requestid": "6ce5f591-75bd-4acb-94a0-b802f286d126", "transfer-encoding": "chunked", "vary": "accept-encoding", "server": "AmazonEC2", "date": "Tue, 19 May 2020 15:19:38 GMT", "content-type": "text/xml;charset=UTF-8"}}}}