{"region": "us-east-2", "operation": "DescribeNetworkInterfacePermissions", "service": "ec2", "response": {"NetworkInterfacePermissions": [{"NetworkInterfacePermissionId": "eni-perm-0cbecf251cf19b20c", "NetworkInterfaceId": "eni-06c7fc5f26e26417f", "PermissionState": {"State": "GRANTED"}, "AwsService": "routing.hyperplane.us-east-2.amazonaws.com", "Permission": "INSTANCE-ATTACH"}, {"NetworkInterfacePermissionId": "eni-perm-0f18231ccbc69f198", "NetworkInterfaceId": "eni-0a87b8c719ddb1139", "PermissionState": {"State": "GRANTED"}, "AwsService": "routing.hyperplane.us-east-2.amazonaws.com", "Permission": "INSTANCE-ATTACH"}, {"NetworkInterfacePermissionId": "eni-perm-08e7264f0955ab8cd", "NetworkInterfaceId": "eni-0bc5b64aca53df01a", "PermissionState": {"State": "GRANTED"}, "AwsService": "routing.hyperplane.us-east-2.amazonaws.com", "Permission": "INSTANCE-ATTACH"}], "ResponseMetadata": {"RetryAttempts": 0, "HTTPStatusCode": 200, "RequestId": "9c162200-3f1b-4ab6-83eb-7f08f38ca2fa", "HTTPHeaders": {"x-amzn-requestid": "9c162200-3f1b-4ab6-83eb-7f08f38ca2fa", "transfer-encoding": "chunked", "vary": "accept-encoding", "server": "AmazonEC2", "date": "Tue, 19 May 2020 15:18:37 GMT", "content-type": "text/xml;charset=UTF-8"}}}}