{"region": "us-west-1", "operation": "DescribeInstanceTypeOfferings", "service": "ec2", "response": {"ResponseMetadata": {"RetryAttempts": 0, "HTTPStatusCode": 200, "RequestId": "2e63304c-85ed-40b9-a73d-40d494aa4ddf", "HTTPHeaders": {"x-amzn-requestid": "2e63304c-85ed-40b9-a73d-40d494aa4ddf", "transfer-encoding": "chunked", "vary": "accept-encoding", "server": "AmazonEC2", "date": "Tue, 19 May 2020 15:19:33 GMT", "content-type": "text/xml;charset=UTF-8"}}, "InstanceTypeOfferings": [{"LocationType": "region", "InstanceType": "r3.4xlarge", "Location": "us-west-1"}, {"LocationType": "region", "InstanceType": "r5ad.4xlarge", "Location": "us-west-1"}, {"LocationType": "region", "InstanceType": "t3.large", "Location": "us-west-1"}, {"LocationType": "region", "InstanceType": "m5.8xlarge", "Location": "us-west-1"}, {"LocationType": "region", "InstanceType": "r5.8xlarge", "Location": "us-west-1"}, {"LocationType": "region", "InstanceType": "g3.8xlarge", "Location": "us-west-1"}, {"LocationType": "region", "InstanceType": "m5d.2xlarge", "Location": "us-west-1"}, {"LocationType": "region", "InstanceType": "t3a.2xlarge", "Location": "us-west-1"}, {"LocationType": "region", "InstanceType": "m5ad.large", "Location": "us-west-1"}, {"LocationType": "region", "InstanceType": "m5.24xlarge", "Location": "us-west-1"}, {"LocationType": "region", "InstanceType": "t2.nano", "Location": "us-west-1"}, {"LocationType": "region", "InstanceType": "r5.12xlarge", "Location": "us-west-1"}, {"LocationType": "region", "InstanceType": "r5.16xlarge", "Location": "us-west-1"}, {"LocationType": "region", "InstanceType": "c3.2xlarge", "Location": "us-west-1"}, {"LocationType": "region", "InstanceType": "m5a.8xlarge", "Location": "us-west-1"}, {"LocationType": "region", "InstanceType": "c5d.xlarge", "Location": "us-west-1"}, {"LocationType": "region", "InstanceType": "c4.xlarge", "Location": "us-west-1"}, {"LocationType": "region", "InstanceType": "z1d.12xlarge", "Location": "us-west-1"}, {"LocationType": "region", "InstanceType": "r5ad.large", "Location": "us-west-1"}, {"LocationType": "region", "InstanceType": "c5.18xlarge", "Location": "us-west-1"}, {"LocationType": "region", "InstanceType": "m5ad.12xlarge", "Location": "us-west-1"}, {"LocationType": "region", "InstanceType": "c5.large", "Location": "us-west-1"}, {"LocationType": "region", "InstanceType": "d2.2xlarge", "Location": "us-west-1"}, {"LocationType": "region", "InstanceType": "c5.xlarge", "Location": "us-west-1"}, {"LocationType": "region", "InstanceType": "m5.2xlarge", "Location": "us-west-1"}, {"LocationType": "region", "InstanceType": "r5a.12xlarge", "Location": "us-west-1"}, {"LocationType": "region", "InstanceType": "i3en.6xlarge", "Location": "us-west-1"}, {"LocationType": "region", "InstanceType": "r5a.24xlarge", "Location": "us-west-1"}, {"LocationType": "region", "InstanceType": "t3.small", "Location": "us-west-1"}, {"LocationType": "region", "InstanceType": "m5.large", "Location": "us-west-1"}, {"LocationType": "region", "InstanceType": "c5n.18xlarge", "Location": "us-west-1"}, {"LocationType": "region", "InstanceType": "m5a.xlarge", "Location": "us-west-1"}, {"LocationType": "region", "InstanceType": "r5d.xlarge", "Location": "us-west-1"}, {"LocationType": "region", "InstanceType": "i2.8xlarge", "Location": "us-west-1"}, {"LocationType": "region", "InstanceType": "m2.4xlarge", "Location": "us-west-1"}, {"LocationType": "region", "InstanceType": "m2.xlarge", "Location": "us-west-1"}, {"LocationType": "region", "InstanceType": "i3.metal", "Location": "us-west-1"}, {"LocationType": "region", "InstanceType": "g2.8xlarge", "Location": "us-west-1"}, {"LocationType": "region", "InstanceType": "z1d.large", "Location": "us-west-1"}, {"LocationType": "region", "InstanceType": "r5ad.16xlarge", "Location": "us-west-1"}, {"LocationType": "region", "InstanceType": "c5n.metal", "Location": "us-west-1"}, {"LocationType": "region", "InstanceType": "r5.large", "Location": "us-west-1"}, {"LocationType": "region", "InstanceType": "r5a.16xlarge", "Location": "us-west-1"}, {"LocationType": "region", "InstanceType": "t2.large", "Location": "us-west-1"}, {"LocationType": "region", "InstanceType": "i3en.metal", "Location": "us-west-1"}, {"LocationType": "region", "InstanceType": "i3.large", "Location": "us-west-1"}, {"LocationType": "region", "InstanceType": "c5.9xlarge", "Location": "us-west-1"}, {"LocationType": "region", "InstanceType": "g4dn.16xlarge", "Location": "us-west-1"}, {"LocationType": "region", "InstanceType": "t3a.micro", "Location": "us-west-1"}, {"LocationType": "region", "InstanceType": "t3.micro", "Location": "us-west-1"}, {"LocationType": "region", "InstanceType": "m5a.24xlarge", "Location": "us-west-1"}, {"LocationType": "region", "InstanceType": "r5d.metal", "Location": "us-west-1"}, {"LocationType": "region", "InstanceType": "z1d.2xlarge", "Location": "us-west-1"}, {"LocationType": "region", "InstanceType": "t3a.small", "Location": "us-west-1"}, {"LocationType": "region", "InstanceType": "m5d.16xlarge", "Location": "us-west-1"}, {"LocationType": "region", "InstanceType": "c5n.2xlarge", "Location": "us-west-1"}, {"LocationType": "region", "InstanceType": "c5d.metal", "Location": "us-west-1"}, {"LocationType": "region", "InstanceType": "r5ad.24xlarge", "Location": "us-west-1"}, {"LocationType": "region", "InstanceType": "z1d.3xlarge", "Location": "us-west-1"}, {"LocationType": "region", "InstanceType": "c5.12xlarge", "Location": "us-west-1"}, {"LocationType": "region", "InstanceType": "r5.24xlarge", "Location": "us-west-1"}, {"LocationType": "region", "InstanceType": "c5d.4xlarge", "Location": "us-west-1"}, {"LocationType": "region", "InstanceType": "t2.2xlarge", "Location": "us-west-1"}, {"LocationType": "region", "InstanceType": "m5.12xlarge", "Location": "us-west-1"}, {"LocationType": "region", "InstanceType": "t3a.nano", "Location": "us-west-1"}, {"LocationType": "region", "InstanceType": "m2.2xlarge", "Location": "us-west-1"}, {"LocationType": "region", "InstanceType": "r5.xlarge", "Location": "us-west-1"}, {"LocationType": "region", "InstanceType": "m4.4xlarge", "Location": "us-west-1"}, {"LocationType": "region", "InstanceType": "g4dn.8xlarge", "Location": "us-west-1"}, {"LocationType": "region", "InstanceType": "g3.4xlarge", "Location": "us-west-1"}, {"LocationType": "region", "InstanceType": "c3.large", "Location": "us-west-1"}, {"LocationType": "region", "InstanceType": "r4.2xlarge", "Location": "us-west-1"}, {"LocationType": "region", "InstanceType": "m5ad.24xlarge", "Location": "us-west-1"}, {"LocationType": "region", "InstanceType": "i3en.xlarge", "Location": "us-west-1"}, {"LocationType": "region", "InstanceType": "i3.2xlarge", "Location": "us-west-1"}, {"LocationType": "region", "InstanceType": "m5d.xlarge", "Location": "us-west-1"}, {"LocationType": "region", "InstanceType": "d2.4xlarge", "Location": "us-west-1"}, {"LocationType": "region", "InstanceType": "c5n.large", "Location": "us-west-1"}, {"LocationType": "region", "InstanceType": "r5ad.xlarge", "Location": "us-west-1"}, {"LocationType": "region", "InstanceType": "m3.medium", "Location": "us-west-1"}, {"LocationType": "region", "InstanceType": "r5d.12xlarge", "Location": "us-west-1"}, {"LocationType": "region", "InstanceType": "m3.large", "Location": "us-west-1"}, {"LocationType": "region", "InstanceType": "m5.16xlarge", "Location": "us-west-1"}, {"LocationType": "region", "InstanceType": "r5d.2xlarge", "Location": "us-west-1"}, {"LocationType": "region", "InstanceType": "c5d.9xlarge", "Location": "us-west-1"}, {"LocationType": "region", "InstanceType": "m4.xlarge", "Location": "us-west-1"}, {"LocationType": "region", "InstanceType": "m3.2xlarge", "Location": "us-west-1"}, {"LocationType": "region", "InstanceType": "t2.xlarge", "Location": "us-west-1"}, {"LocationType": "region", "InstanceType": "c4.8xlarge", "Location": "us-west-1"}, {"LocationType": "region", "InstanceType": "c5n.9xlarge", "Location": "us-west-1"}, {"LocationType": "region", "InstanceType": "m5.metal", "Location": "us-west-1"}, {"LocationType": "region", "InstanceType": "c3.4xlarge", "Location": "us-west-1"}, {"LocationType": "region", "InstanceType": "c5.2xlarge", "Location": "us-west-1"}, {"LocationType": "region", "InstanceType": "i3en.2xlarge", "Location": "us-west-1"}, {"LocationType": "region", "InstanceType": "c5n.4xlarge", "Location": "us-west-1"}, {"LocationType": "region", "InstanceType": "i3en.12xlarge", "Location": "us-west-1"}, {"LocationType": "region", "InstanceType": "i2.4xlarge", "Location": "us-west-1"}, {"LocationType": "region", "InstanceType": "r4.4xlarge", "Location": "us-west-1"}, {"LocationType": "region", "InstanceType": "m5ad.16xlarge", "Location": "us-west-1"}, {"LocationType": "region", "InstanceType": "m5ad.2xlarge", "Location": "us-west-1"}, {"LocationType": "region", "InstanceType": "c5n.xlarge", "Location": "us-west-1"}, {"LocationType": "region", "InstanceType": "r3.2xlarge", "Location": "us-west-1"}, {"LocationType": "region", "InstanceType": "z1d.6xlarge", "Location": "us-west-1"}, {"LocationType": "region", "InstanceType": "g4dn.4xlarge", "Location": "us-west-1"}, {"LocationType": "region", "InstanceType": "d2.8xlarge", "Location": "us-west-1"}, {"LocationType": "region", "InstanceType": "m4.2xlarge", "Location": "us-west-1"}, {"LocationType": "region", "InstanceType": "i3.xlarge", "Location": "us-west-1"}, {"LocationType": "region", "InstanceType": "g2.2xlarge", "Location": "us-west-1"}, {"LocationType": "region", "InstanceType": "m4.10xlarge", "Location": "us-west-1"}, {"LocationType": "region", "InstanceType": "t3a.xlarge", "Location": "us-west-1"}, {"LocationType": "region", "InstanceType": "m5a.12xlarge", "Location": "us-west-1"}, {"LocationType": "region", "InstanceType": "i3en.3xlarge", "Location": "us-west-1"}, {"LocationType": "region", "InstanceType": "c3.xlarge", "Location": "us-west-1"}, {"LocationType": "region", "InstanceType": "r5.2xlarge", "Location": "us-west-1"}, {"LocationType": "region", "InstanceType": "m1.medium", "Location": "us-west-1"}, {"LocationType": "region", "InstanceType": "i2.2xlarge", "Location": "us-west-1"}, {"LocationType": "region", "InstanceType": "m5d.8xlarge", "Location": "us-west-1"}, {"LocationType": "region", "InstanceType": "r5.4xlarge", "Location": "us-west-1"}, {"LocationType": "region", "InstanceType": "m5.xlarge", "Location": "us-west-1"}, {"LocationType": "region", "InstanceType": "c5d.12xlarge", "Location": "us-west-1"}, {"LocationType": "region", "InstanceType": "m1.large", "Location": "us-west-1"}, {"LocationType": "region", "InstanceType": "i3.16xlarge", "Location": "us-west-1"}, {"LocationType": "region", "InstanceType": "r5a.2xlarge", "Location": "us-west-1"}, {"LocationType": "region", "InstanceType": "c4.4xlarge", "Location": "us-west-1"}, {"LocationType": "region", "InstanceType": "m5a.4xlarge", "Location": "us-west-1"}, {"LocationType": "region", "InstanceType": "c4.large", "Location": "us-west-1"}, {"LocationType": "region", "InstanceType": "i3.8xlarge", "Location": "us-west-1"}, {"LocationType": "region", "InstanceType": "r5d.large", "Location": "us-west-1"}, {"LocationType": "region", "InstanceType": "c1.xlarge", "Location": "us-west-1"}, {"LocationType": "region", "InstanceType": "t3.medium", "Location": "us-west-1"}, {"LocationType": "region", "InstanceType": "r3.8xlarge", "Location": "us-west-1"}, {"LocationType": "region", "InstanceType": "m5a.2xlarge", "Location": "us-west-1"}, {"LocationType": "region", "InstanceType": "t3a.medium", "Location": "us-west-1"}, {"LocationType": "region", "InstanceType": "m5a.16xlarge", "Location": "us-west-1"}, {"LocationType": "region", "InstanceType": "i2.xlarge", "Location": "us-west-1"}, {"LocationType": "region", "InstanceType": "z1d.metal", "Location": "us-west-1"}, {"LocationType": "region", "InstanceType": "m5d.12xlarge", "Location": "us-west-1"}, {"LocationType": "region", "InstanceType": "c5.4xlarge", "Location": "us-west-1"}, {"LocationType": "region", "InstanceType": "m5ad.4xlarge", "Location": "us-west-1"}, {"LocationType": "region", "InstanceType": "m4.16xlarge", "Location": "us-west-1"}, {"LocationType": "region", "InstanceType": "r4.8xlarge", "Location": "us-west-1"}, {"LocationType": "region", "InstanceType": "m5d.metal", "Location": "us-west-1"}, {"LocationType": "region", "InstanceType": "r5a.large", "Location": "us-west-1"}, {"LocationType": "region", "InstanceType": "g4dn.2xlarge", "Location": "us-west-1"}, {"LocationType": "region", "InstanceType": "m1.small", "Location": "us-west-1"}, {"LocationType": "region", "InstanceType": "r5ad.12xlarge", "Location": "us-west-1"}, {"LocationType": "region", "InstanceType": "r4.16xlarge", "Location": "us-west-1"}, {"LocationType": "region", "InstanceType": "c4.2xlarge", "Location": "us-west-1"}, {"LocationType": "region", "InstanceType": "m5a.large", "Location": "us-west-1"}, {"LocationType": "region", "InstanceType": "c5.24xlarge", "Location": "us-west-1"}, {"LocationType": "region", "InstanceType": "z1d.xlarge", "Location": "us-west-1"}, {"LocationType": "region", "InstanceType": "r5a.8xlarge", "Location": "us-west-1"}, {"LocationType": "region", "InstanceType": "r5d.16xlarge", "Location": "us-west-1"}, {"LocationType": "region", "InstanceType": "i3en.24xlarge", "Location": "us-west-1"}, {"LocationType": "region", "InstanceType": "c5d.24xlarge", "Location": "us-west-1"}, {"LocationType": "region", "InstanceType": "t3.nano", "Location": "us-west-1"}, {"LocationType": "region", "InstanceType": "m1.xlarge", "Location": "us-west-1"}, {"LocationType": "region", "InstanceType": "r5d.24xlarge", "Location": "us-west-1"}, {"LocationType": "region", "InstanceType": "t2.small", "Location": "us-west-1"}, {"LocationType": "region", "InstanceType": "c1.medium", "Location": "us-west-1"}, {"LocationType": "region", "InstanceType": "m3.xlarge", "Location": "us-west-1"}, {"LocationType": "region", "InstanceType": "r3.large", "Location": "us-west-1"}, {"LocationType": "region", "InstanceType": "m5ad.xlarge", "Location": "us-west-1"}, {"LocationType": "region", "InstanceType": "t2.medium", "Location": "us-west-1"}, {"LocationType": "region", "InstanceType": "t3.xlarge", "Location": "us-west-1"}, {"LocationType": "region", "InstanceType": "d2.xlarge", "Location": "us-west-1"}, {"LocationType": "region", "InstanceType": "r5.metal", "Location": "us-west-1"}, {"LocationType": "region", "InstanceType": "m5.4xlarge", "Location": "us-west-1"}, {"LocationType": "region", "InstanceType": "r4.large", "Location": "us-west-1"}, {"LocationType": "region", "InstanceType": "t1.micro", "Location": "us-west-1"}, {"LocationType": "region", "InstanceType": "r5ad.2xlarge", "Location": "us-west-1"}, {"LocationType": "region", "InstanceType": "i3.4xlarge", "Location": "us-west-1"}, {"LocationType": "region", "InstanceType": "m5d.24xlarge", "Location": "us-west-1"}, {"LocationType": "region", "InstanceType": "g3.16xlarge", "Location": "us-west-1"}, {"LocationType": "region", "InstanceType": "c3.8xlarge", "Location": "us-west-1"}, {"LocationType": "region", "InstanceType": "r5d.8xlarge", "Location": "us-west-1"}, {"LocationType": "region", "InstanceType": "c5.metal", "Location": "us-west-1"}, {"LocationType": "region", "InstanceType": "c5d.2xlarge", "Location": "us-west-1"}, {"LocationType": "region", "InstanceType": "t2.micro", "Location": "us-west-1"}, {"LocationType": "region", "InstanceType": "t3a.large", "Location": "us-west-1"}, {"LocationType": "region", "InstanceType": "r4.xlarge", "Location": "us-west-1"}, {"LocationType": "region", "InstanceType": "i3en.large", "Location": "us-west-1"}, {"LocationType": "region", "InstanceType": "r5a.xlarge", "Location": "us-west-1"}, {"LocationType": "region", "InstanceType": "c5d.18xlarge", "Location": "us-west-1"}, {"LocationType": "region", "InstanceType": "m4.large", "Location": "us-west-1"}, {"LocationType": "region", "InstanceType": "g4dn.xlarge", "Location": "us-west-1"}, {"LocationType": "region", "InstanceType": "r5a.4xlarge", "Location": "us-west-1"}, {"LocationType": "region", "InstanceType": "g4dn.12xlarge", "Location": "us-west-1"}, {"LocationType": "region", "InstanceType": "m5ad.8xlarge", "Location": "us-west-1"}, {"LocationType": "region", "InstanceType": "m5d.large", "Location": "us-west-1"}, {"LocationType": "region", "InstanceType": "c5d.large", "Location": "us-west-1"}, {"LocationType": "region", "InstanceType": "r5ad.8xlarge", "Location": "us-west-1"}, {"LocationType": "region", "InstanceType": "t3.2xlarge", "Location": "us-west-1"}, {"LocationType": "region", "InstanceType": "m5d.4xlarge", "Location": "us-west-1"}, {"LocationType": "region", "InstanceType": "r3.xlarge", "Location": "us-west-1"}, {"LocationType": "region", "InstanceType": "r5d.4xlarge", "Location": "us-west-1"}]}}