{"region": "us-east-2", "operation": "DescribeKeyPairs", "service": "ec2", "response": {"KeyPairs": [{"Tags": [], "KeyName": "Carrier-10135", "KeyFingerprint": "f2:06:e5:e7:58:3d:4e:e3:02:b3:59:7c:a5:5e:df:67:9b:32:e2:48", "KeyPairId": "key-0b074baed90727ed4"}], "ResponseMetadata": {"RetryAttempts": 0, "HTTPStatusCode": 200, "RequestId": "9cbd707a-7a12-4893-8b2b-e9f69379fd01", "HTTPHeaders": {"x-amzn-requestid": "9cbd707a-7a12-4893-8b2b-e9f69379fd01", "date": "Tue, 19 May 2020 15:20:20 GMT", "content-length": "494", "content-type": "text/xml;charset=UTF-8", "server": "AmazonEC2"}}}}