{"region": "us-east-1", "operation": "DescribeInstances", "service": "ec2", "response": {"Reservations": [{"Instances": [{"Monitoring": {"State": "disabled"}, "PublicDnsName": "", "StateReason": {"Message": "Client.UserInitiatedShutdown: User initiated shutdown", "Code": "Client.UserInitiatedShutdown"}, "State": {"Code": 80, "Name": "stopped"}, "EbsOptimized": false, "LaunchTime": "2020-04-08T00:27:13+00:00", "PrivateIpAddress": "10.233.14.216", "ProductCodes": [], "VpcId": "vpc-05dff179d55496415", "CpuOptions": {"CoreCount": 1, "ThreadsPerCore": 1}, "StateTransitionReason": "User initiated (2020-04-30 16:00:58 GMT)", "InstanceId": "i-0155b55df525813a0", "EnaSupport": true, "ImageId": "ami-07ebfd5b3428b6f4d", "PrivateDnsName": "ip-10-233-14-216.ec2.internal", "KeyName": "temp-billh-keypair", "SecurityGroups": [{"GroupName": "temp-test-azure-agent", "GroupId": "sg-0d6dbb351aca1eb5d"}], "ClientToken": "", "SubnetId": "subnet-0b09149c97eff827d", "InstanceType": "t2.micro", "CapacityReservationSpecification": {"CapacityReservationPreference": "open"}, "NetworkInterfaces": [{"Status": "in-use", "MacAddress": "02:fe:d6:db:8e:1d", "SourceDestCheck": true, "VpcId": "vpc-05dff179d55496415", "Description": "Primary network interface", "NetworkInterfaceId": "eni-026d73784b775c49c", "PrivateIpAddresses": [{"PrivateDnsName": "ip-10-233-14-216.ec2.internal", "Primary": true, "PrivateIpAddress": "10.233.14.216"}], "PrivateDnsName": "ip-10-233-14-216.ec2.internal", "InterfaceType": "interface", "Attachment": {"Status": "attached", "DeviceIndex": 0, "DeleteOnTermination": true, "AttachmentId": "eni-attach-041b06dbad63c6c4b", "AttachTime": "2020-03-13T16:07:59+00:00"}, "Groups": [{"GroupName": "temp-test-azure-agent", "GroupId": "sg-0d6dbb351aca1eb5d"}], "Ipv6Addresses": [], "OwnerId": "043898046743", "SubnetId": "subnet-0b09149c97eff827d", "PrivateIpAddress": "10.233.14.216"}], "SourceDestCheck": true, "Placement": {"Tenancy": "default", "GroupName": "", "AvailabilityZone": "us-east-1c"}, "Hypervisor": "xen", "BlockDeviceMappings": [{"DeviceName": "/dev/sda1", "Ebs": {"Status": "attached", "DeleteOnTermination": true, "VolumeId": "vol-01fad23f6cdd3788a", "AttachTime": "2020-03-13T16:08:00+00:00"}}], "Architecture": "x86_64", "RootDeviceType": "ebs", "IamInstanceProfile": {"Id": "AIPAQUOEHBELUMOPHQCMU", "Arn": "arn:aws:iam::043898046743:instance-profile/AmazonSSMRoleForInstancesQuickSetup"}, "RootDeviceName": "/dev/sda1", "VirtualizationType": "hvm", "Tags": [{"Value": "wiham@amazon.com", "Key": "ApplicationOwner"}, {"Value": "temp-azureAgent-test-ubuntu", "Key": "Name"}], "HibernationOptions": {"Configured": false}, "MetadataOptions": {"State": "applied", "HttpEndpoint": "enabled", "HttpTokens": "optional", "HttpPutResponseHopLimit": 1}, "AmiLaunchIndex": 0}], "ReservationId": "r-0df77bbfb06102ba0", "Groups": [], "OwnerId": "043898046743"}, {"Instances": [{"Monitoring": {"State": "disabled"}, "PublicDnsName": "", "Platform": "windows", "State": {"Code": 16, "Name": "running"}, "EbsOptimized": false, "LaunchTime": "2020-04-22T19:47:41+00:00", "PrivateIpAddress": "10.233.14.149", "ProductCodes": [], "VpcId": "vpc-05dff179d55496415", "CpuOptions": {"CoreCount": 4, "ThreadsPerCore": 1}, "StateTransitionReason": "", "InstanceId": "i-0a0388e946df86c62", "EnaSupport": true, "ImageId": "ami-08bf5f54919fada4a", "PrivateDnsName": "ip-10-233-14-149.ec2.internal", "KeyName": "Carrier-Infra", "SecurityGroups": [{"GroupName": "CAR_AD_SecGrp", "GroupId": "sg-0c3cb90a3546e02ac"}], "ClientToken": "", "SubnetId": "subnet-0b09149c97eff827d", "InstanceType": "t2.xlarge", "CapacityReservationSpecification": {"CapacityReservationPreference": "open"}, "NetworkInterfaces": [{"Status": "in-use", "MacAddress": "02:bb:30:8a:05:15", "SourceDestCheck": true, "VpcId": "vpc-05dff179d55496415", "Description": "Primary network interface", "NetworkInterfaceId": "eni-020be0ae680e1407d", "PrivateIpAddresses": [{"PrivateDnsName": "ip-10-233-14-149.ec2.internal", "Primary": true, "PrivateIpAddress": "10.233.14.149"}], "PrivateDnsName": "ip-10-233-14-149.ec2.internal", "InterfaceType": "interface", "Attachment": {"Status": "attached", "DeviceIndex": 0, "DeleteOnTermination": true, "AttachmentId": "eni-attach-0bc2f3f0c535cdfb3", "AttachTime": "2020-04-17T12:56:28+00:00"}, "Groups": [{"GroupName": "CAR_AD_SecGrp", "GroupId": "sg-0c3cb90a3546e02ac"}], "Ipv6Addresses": [], "OwnerId": "043898046743", "SubnetId": "subnet-0b09149c97eff827d", "PrivateIpAddress": "10.233.14.149"}], "SourceDestCheck": true, "Placement": {"Tenancy": "default", "GroupName": "", "AvailabilityZone": "us-east-1c"}, "Hypervisor": "xen", "BlockDeviceMappings": [{"DeviceName": "/dev/sda1", "Ebs": {"Status": "attached", "DeleteOnTermination": false, "VolumeId": "vol-01b7f6fb56bc47866", "AttachTime": "2020-04-17T12:56:29+00:00"}}, {"DeviceName": "xvdb", "Ebs": {"Status": "attached", "DeleteOnTermination": false, "VolumeId": "vol-0ee188d7b2467f450", "AttachTime": "2020-04-17T12:56:29+00:00"}}], "Architecture": "x86_64", "RootDeviceType": "ebs", "RootDeviceName": "/dev/sda1", "VirtualizationType": "hvm", "Tags": [{"Value": "y", "Key": "Backup"}, {"Value": "lt", "Key": "MaxLifeTime"}, {"Value": "prod", "Key": "Environment"}, {"Value": "1.0", "Key": "Version"}, {"Value": "", "Key": "ApplicationOwner"}, {"Value": "whq", "Key": "BusinessUnit"}, {"Value": "", "Key": "ComplianceRequirement"}, {"Value": "109741", "Key": "CostCenter"}, {"Value": "Platinum", "Key": "AppCat"}, {"Value": "gcs", "Key": "Department"}, {"Value": "AD", "Key": "Role"}, {"Value": "VMC10134PC001", "Key": "Name"}, {"Value": "", "Key": "ApplicationID"}, {"Value": "", "Key": "FQDN"}], "HibernationOptions": {"Configured": false}, "MetadataOptions": {"State": "applied", "HttpEndpoint": "enabled", "HttpTokens": "optional", "HttpPutResponseHopLimit": 1}, "AmiLaunchIndex": 0}], "ReservationId": "r-0689061c7e2acd352", "Groups": [], "OwnerId": "043898046743"}, {"Instances": [{"Monitoring": {"State": "disabled"}, "PublicDnsName": "", "Platform": "windows", "State": {"Code": 16, "Name": "running"}, "EbsOptimized": false, "LaunchTime": "2020-04-29T15:16:32+00:00", "PrivateIpAddress": "10.233.14.147", "ProductCodes": [], "VpcId": "vpc-05dff179d55496415", "CpuOptions": {"CoreCount": 4, "ThreadsPerCore": 1}, "StateTransitionReason": "", "InstanceId": "i-0728f06e98cb41178", "EnaSupport": true, "ImageId": "ami-08bf5f54919fada4a", "PrivateDnsName": "ip-10-233-14-147.ec2.internal", "KeyName": "Carrier-Infra", "SecurityGroups": [{"GroupName": "CAR_AD_SecGrp", "GroupId": "sg-0c3cb90a3546e02ac"}], "ClientToken": "", "SubnetId": "subnet-0b09149c97eff827d", "InstanceType": "t2.xlarge", "CapacityReservationSpecification": {"CapacityReservationPreference": "open"}, "NetworkInterfaces": [{"Status": "in-use", "MacAddress": "02:a4:d0:10:68:25", "SourceDestCheck": true, "VpcId": "vpc-05dff179d55496415", "Description": "Primary network interface", "NetworkInterfaceId": "eni-09aa984541f4f24a3", "PrivateIpAddresses": [{"PrivateDnsName": "ip-10-233-14-147.ec2.internal", "Primary": true, "PrivateIpAddress": "10.233.14.147"}], "PrivateDnsName": "ip-10-233-14-147.ec2.internal", "InterfaceType": "interface", "Attachment": {"Status": "attached", "DeviceIndex": 0, "DeleteOnTermination": true, "AttachmentId": "eni-attach-02087b2a1fd774834", "AttachTime": "2020-04-17T13:10:16+00:00"}, "Groups": [{"GroupName": "CAR_AD_SecGrp", "GroupId": "sg-0c3cb90a3546e02ac"}], "Ipv6Addresses": [], "OwnerId": "043898046743", "SubnetId": "subnet-0b09149c97eff827d", "PrivateIpAddress": "10.233.14.147"}], "SourceDestCheck": true, "Placement": {"Tenancy": "default", "GroupName": "", "AvailabilityZone": "us-east-1c"}, "Hypervisor": "xen", "BlockDeviceMappings": [{"DeviceName": "/dev/sda1", "Ebs": {"Status": "attached", "DeleteOnTermination": true, "VolumeId": "vol-0a8fc74d6e40a9a74", "AttachTime": "2020-04-17T13:10:17+00:00"}}, {"DeviceName": "xvdb", "Ebs": {"Status": "attached", "DeleteOnTermination": false, "VolumeId": "vol-0845900f757e8affc", "AttachTime": "2020-04-17T13:10:17+00:00"}}], "Architecture": "x86_64", "RootDeviceType": "ebs", "RootDeviceName": "/dev/sda1", "VirtualizationType": "hvm", "Tags": [{"Value": "y", "Key": "Backup"}, {"Value": "lt", "Key": "MaxLifeTime"}, {"Value": "109741", "Key": "CostCenter"}, {"Value": "Platinum", "Key": "AppCat"}, {"Value": "", "Key": "ApplicationOwner"}, {"Value": "whq", "Key": "BusinessUnit"}, {"Value": "", "Key": "ComplianceRequirement"}, {"Value": "AD", "Key": "Role"}, {"Value": "1.0", "Key": "Version"}, {"Value": "prod", "Key": "Environment"}, {"Value": "gcs", "Key": "Department"}, {"Value": "", "Key": "FQDN"}, {"Value": "VMC10134PC003", "Key": "Name"}, {"Value": "", "Key": "ApplicationID"}], "HibernationOptions": {"Configured": false}, "MetadataOptions": {"State": "applied", "HttpEndpoint": "enabled", "HttpTokens": "optional", "HttpPutResponseHopLimit": 1}, "AmiLaunchIndex": 0}], "ReservationId": "r-006e673213d3c0f00", "Groups": [], "OwnerId": "043898046743"}, {"Instances": [{"Monitoring": {"State": "disabled"}, "StateReason": {"Message": "Client.UserInitiatedShutdown: User initiated shutdown", "Code": "Client.UserInitiatedShutdown"}, "PublicDnsName": "", "Platform": "windows", "State": {"Code": 80, "Name": "stopped"}, "EbsOptimized": false, "LaunchTime": "2020-04-21T13:48:57+00:00", "PrivateIpAddress": "10.233.14.135", "ProductCodes": [], "VpcId": "vpc-05dff179d55496415", "CpuOptions": {"CoreCount": 4, "ThreadsPerCore": 1}, "StateTransitionReason": "User initiated (2020-04-21 13:51:29 GMT)", "InstanceId": "i-095e5628f91e61b80", "EnaSupport": true, "ImageId": "ami-0f7122ac3de6f22b2", "PrivateDnsName": "ip-10-233-14-135.ec2.internal", "KeyName": "Carrier-Infra", "SecurityGroups": [{"GroupName": "CAR_AD_SecGrp", "GroupId": "sg-0c3cb90a3546e02ac"}], "ClientToken": "", "SubnetId": "subnet-0b09149c97eff827d", "InstanceType": "t2.xlarge", "CapacityReservationSpecification": {"CapacityReservationPreference": "open"}, "NetworkInterfaces": [{"Status": "in-use", "MacAddress": "02:87:3f:10:f6:37", "SourceDestCheck": true, "VpcId": "vpc-05dff179d55496415", "Description": "Primary network interface", "NetworkInterfaceId": "eni-0cd127d39cad578f2", "PrivateIpAddresses": [{"PrivateDnsName": "ip-10-233-14-135.ec2.internal", "Primary": true, "PrivateIpAddress": "10.233.14.135"}], "PrivateDnsName": "ip-10-233-14-135.ec2.internal", "InterfaceType": "interface", "Attachment": {"Status": "attached", "DeviceIndex": 0, "DeleteOnTermination": true, "AttachmentId": "eni-attach-0e2bd57081c96f88f", "AttachTime": "2020-04-21T13:48:57+00:00"}, "Groups": [{"GroupName": "CAR_AD_SecGrp", "GroupId": "sg-0c3cb90a3546e02ac"}], "Ipv6Addresses": [], "OwnerId": "043898046743", "SubnetId": "subnet-0b09149c97eff827d", "PrivateIpAddress": "10.233.14.135"}], "SourceDestCheck": true, "Placement": {"Tenancy": "default", "GroupName": "", "AvailabilityZone": "us-east-1c"}, "Hypervisor": "xen", "BlockDeviceMappings": [{"DeviceName": "/dev/sda1", "Ebs": {"Status": "attached", "DeleteOnTermination": false, "VolumeId": "vol-0dffc025bef3b4c12", "AttachTime": "2020-04-21T13:48:58+00:00"}}, {"DeviceName": "xvdb", "Ebs": {"Status": "attached", "DeleteOnTermination": false, "VolumeId": "vol-036d8488375db1624", "AttachTime": "2020-04-21T13:48:58+00:00"}}], "Architecture": "x86_64", "RootDeviceType": "ebs", "RootDeviceName": "/dev/sda1", "VirtualizationType": "hvm", "Tags": [{"Value": "External-DMZ01", "Key": "Name"}], "HibernationOptions": {"Configured": false}, "MetadataOptions": {"State": "applied", "HttpEndpoint": "enabled", "HttpTokens": "optional", "HttpPutResponseHopLimit": 1}, "AmiLaunchIndex": 0}], "ReservationId": "r-0dd21353dc854eb6d", "Groups": [], "OwnerId": "043898046743"}, {"Instances": [{"Monitoring": {"State": "disabled"}, "PublicDnsName": "", "State": {"Code": 16, "Name": "running"}, "EbsOptimized": false, "LaunchTime": "2020-04-23T18:25:37+00:00", "PrivateIpAddress": "10.233.14.203", "ProductCodes": [], "VpcId": "vpc-05dff179d55496415", "CpuOptions": {"CoreCount": 2, "ThreadsPerCore": 1}, "StateTransitionReason": "", "InstanceId": "i-0a8986ba7d05ec05a", "EnaSupport": true, "ImageId": "ami-079ed1e1193fae78f", "PrivateDnsName": "ip-10-233-14-203.ec2.internal", "KeyName": "OAG-OKTA", "SecurityGroups": [{"GroupName": "Okta-Access-Gateway-Rules", "GroupId": "sg-01f1f8deb09377c74"}], "ClientToken": "", "SubnetId": "subnet-0b09149c97eff827d", "InstanceType": "t2.medium", "CapacityReservationSpecification": {"CapacityReservationPreference": "open"}, "NetworkInterfaces": [{"Status": "in-use", "MacAddress": "02:c6:c6:c9:15:7f", "SourceDestCheck": true, "VpcId": "vpc-05dff179d55496415", "Description": "Primary network interface", "NetworkInterfaceId": "eni-0611af92fd7a51096", "PrivateIpAddresses": [{"PrivateDnsName": "ip-10-233-14-203.ec2.internal", "Primary": true, "PrivateIpAddress": "10.233.14.203"}], "PrivateDnsName": "ip-10-233-14-203.ec2.internal", "InterfaceType": "interface", "Attachment": {"Status": "attached", "DeviceIndex": 0, "DeleteOnTermination": true, "AttachmentId": "eni-attach-09a9f2736a40a5be5", "AttachTime": "2020-04-23T18:25:37+00:00"}, "Groups": [{"GroupName": "Okta-Access-Gateway-Rules", "GroupId": "sg-01f1f8deb09377c74"}], "Ipv6Addresses": [], "OwnerId": "043898046743", "SubnetId": "subnet-0b09149c97eff827d", "PrivateIpAddress": "10.233.14.203"}], "SourceDestCheck": true, "Placement": {"Tenancy": "default", "GroupName": "", "AvailabilityZone": "us-east-1c"}, "Hypervisor": "xen", "BlockDeviceMappings": [{"DeviceName": "/dev/sda1", "Ebs": {"Status": "attached", "DeleteOnTermination": false, "VolumeId": "vol-0db10ec61df7f8a15", "AttachTime": "2020-04-23T18:25:38+00:00"}}], "Architecture": "x86_64", "RootDeviceType": "ebs", "RootDeviceName": "/dev/sda1", "VirtualizationType": "hvm", "Tags": [{"Value": "OKTA-INT-PreProd", "Key": "Name"}], "HibernationOptions": {"Configured": false}, "MetadataOptions": {"State": "applied", "HttpEndpoint": "enabled", "HttpTokens": "optional", "HttpPutResponseHopLimit": 1}, "AmiLaunchIndex": 2}, {"Monitoring": {"State": "disabled"}, "PublicDnsName": "", "State": {"Code": 16, "Name": "running"}, "EbsOptimized": false, "LaunchTime": "2020-04-23T18:25:37+00:00", "PrivateIpAddress": "10.233.14.182", "ProductCodes": [], "VpcId": "vpc-05dff179d55496415", "CpuOptions": {"CoreCount": 2, "ThreadsPerCore": 1}, "StateTransitionReason": "", "InstanceId": "i-06bff189b8c823b4d", "EnaSupport": true, "ImageId": "ami-079ed1e1193fae78f", "PrivateDnsName": "ip-10-233-14-182.ec2.internal", "KeyName": "OAG-OKTA", "SecurityGroups": [{"GroupName": "Okta-Access-Gateway-Rules", "GroupId": "sg-01f1f8deb09377c74"}], "ClientToken": "", "SubnetId": "subnet-0b09149c97eff827d", "InstanceType": "t2.medium", "CapacityReservationSpecification": {"CapacityReservationPreference": "open"}, "NetworkInterfaces": [{"Status": "in-use", "MacAddress": "02:2d:58:e0:46:c1", "SourceDestCheck": true, "VpcId": "vpc-05dff179d55496415", "Description": "Primary network interface", "NetworkInterfaceId": "eni-0dfc767b531b12820", "PrivateIpAddresses": [{"PrivateDnsName": "ip-10-233-14-182.ec2.internal", "Primary": true, "PrivateIpAddress": "10.233.14.182"}], "PrivateDnsName": "ip-10-233-14-182.ec2.internal", "InterfaceType": "interface", "Attachment": {"Status": "attached", "DeviceIndex": 0, "DeleteOnTermination": true, "AttachmentId": "eni-attach-006a0ee22a5bb4b36", "AttachTime": "2020-04-23T18:25:37+00:00"}, "Groups": [{"GroupName": "Okta-Access-Gateway-Rules", "GroupId": "sg-01f1f8deb09377c74"}], "Ipv6Addresses": [], "OwnerId": "043898046743", "SubnetId": "subnet-0b09149c97eff827d", "PrivateIpAddress": "10.233.14.182"}], "SourceDestCheck": true, "Placement": {"Tenancy": "default", "GroupName": "", "AvailabilityZone": "us-east-1c"}, "Hypervisor": "xen", "BlockDeviceMappings": [{"DeviceName": "/dev/sda1", "Ebs": {"Status": "attached", "DeleteOnTermination": false, "VolumeId": "vol-030747dd72fe98de0", "AttachTime": "2020-04-23T18:25:38+00:00"}}], "Architecture": "x86_64", "RootDeviceType": "ebs", "RootDeviceName": "/dev/sda1", "VirtualizationType": "hvm", "Tags": [{"Value": "OKTA-INT-Sandbox", "Key": "Name"}], "HibernationOptions": {"Configured": false}, "MetadataOptions": {"State": "applied", "HttpEndpoint": "enabled", "HttpTokens": "optional", "HttpPutResponseHopLimit": 1}, "AmiLaunchIndex": 0}, {"Monitoring": {"State": "disabled"}, "PublicDnsName": "", "State": {"Code": 16, "Name": "running"}, "EbsOptimized": false, "LaunchTime": "2020-04-23T18:25:37+00:00", "PrivateIpAddress": "10.233.14.195", "ProductCodes": [], "VpcId": "vpc-05dff179d55496415", "CpuOptions": {"CoreCount": 2, "ThreadsPerCore": 1}, "StateTransitionReason": "", "InstanceId": "i-01b8e308f84b80096", "EnaSupport": true, "ImageId": "ami-079ed1e1193fae78f", "PrivateDnsName": "ip-10-233-14-195.ec2.internal", "KeyName": "OAG-OKTA", "SecurityGroups": [{"GroupName": "Okta-Access-Gateway-Rules", "GroupId": "sg-01f1f8deb09377c74"}], "ClientToken": "", "SubnetId": "subnet-0b09149c97eff827d", "InstanceType": "t2.medium", "CapacityReservationSpecification": {"CapacityReservationPreference": "open"}, "NetworkInterfaces": [{"Status": "in-use", "MacAddress": "02:b4:d1:1d:72:93", "SourceDestCheck": true, "VpcId": "vpc-05dff179d55496415", "Description": "Primary network interface", "NetworkInterfaceId": "eni-0ef450db9df2cebf0", "PrivateIpAddresses": [{"PrivateDnsName": "ip-10-233-14-195.ec2.internal", "Primary": true, "PrivateIpAddress": "10.233.14.195"}], "PrivateDnsName": "ip-10-233-14-195.ec2.internal", "InterfaceType": "interface", "Attachment": {"Status": "attached", "DeviceIndex": 0, "DeleteOnTermination": true, "AttachmentId": "eni-attach-0004b62c74efa1a6d", "AttachTime": "2020-04-23T18:25:37+00:00"}, "Groups": [{"GroupName": "Okta-Access-Gateway-Rules", "GroupId": "sg-01f1f8deb09377c74"}], "Ipv6Addresses": [], "OwnerId": "043898046743", "SubnetId": "subnet-0b09149c97eff827d", "PrivateIpAddress": "10.233.14.195"}], "SourceDestCheck": true, "Placement": {"Tenancy": "default", "GroupName": "", "AvailabilityZone": "us-east-1c"}, "Hypervisor": "xen", "BlockDeviceMappings": [{"DeviceName": "/dev/sda1", "Ebs": {"Status": "attached", "DeleteOnTermination": false, "VolumeId": "vol-0140ae9c7c4e7a4a5", "AttachTime": "2020-04-23T18:25:38+00:00"}}], "Architecture": "x86_64", "RootDeviceType": "ebs", "RootDeviceName": "/dev/sda1", "VirtualizationType": "hvm", "Tags": [{"Value": "OKTA-INT-Dev", "Key": "Name"}], "HibernationOptions": {"Configured": false}, "MetadataOptions": {"State": "applied", "HttpEndpoint": "enabled", "HttpTokens": "optional", "HttpPutResponseHopLimit": 1}, "AmiLaunchIndex": 1}], "ReservationId": "r-0638f2cfaaa6bba39", "Groups": [], "OwnerId": "043898046743"}, {"Instances": [{"Monitoring": {"State": "disabled"}, "PublicDnsName": "", "State": {"Code": 16, "Name": "running"}, "EbsOptimized": false, "LaunchTime": "2020-04-23T18:44:20+00:00", "PrivateIpAddress": "10.233.14.177", "ProductCodes": [], "VpcId": "vpc-05dff179d55496415", "CpuOptions": {"CoreCount": 2, "ThreadsPerCore": 1}, "StateTransitionReason": "", "InstanceId": "i-0dcbde7239c871630", "EnaSupport": true, "ImageId": "ami-079ed1e1193fae78f", "PrivateDnsName": "ip-10-233-14-177.ec2.internal", "KeyName": "OAG-OKTA", "SecurityGroups": [{"GroupName": "Okta-Access-Gateway-Rules", "GroupId": "sg-01f1f8deb09377c74"}], "ClientToken": "", "SubnetId": "subnet-0b09149c97eff827d", "InstanceType": "t2.medium", "CapacityReservationSpecification": {"CapacityReservationPreference": "open"}, "NetworkInterfaces": [{"Status": "in-use", "MacAddress": "02:47:11:4c:cd:3b", "SourceDestCheck": true, "VpcId": "vpc-05dff179d55496415", "Description": "Primary network interface", "NetworkInterfaceId": "eni-005103a9ced78e8c4", "PrivateIpAddresses": [{"PrivateDnsName": "ip-10-233-14-177.ec2.internal", "Primary": true, "PrivateIpAddress": "10.233.14.177"}], "PrivateDnsName": "ip-10-233-14-177.ec2.internal", "InterfaceType": "interface", "Attachment": {"Status": "attached", "DeviceIndex": 0, "DeleteOnTermination": true, "AttachmentId": "eni-attach-07b3455e7227abae9", "AttachTime": "2020-04-23T18:44:20+00:00"}, "Groups": [{"GroupName": "Okta-Access-Gateway-Rules", "GroupId": "sg-01f1f8deb09377c74"}], "Ipv6Addresses": [], "OwnerId": "043898046743", "SubnetId": "subnet-0b09149c97eff827d", "PrivateIpAddress": "10.233.14.177"}], "SourceDestCheck": true, "Placement": {"Tenancy": "default", "GroupName": "", "AvailabilityZone": "us-east-1c"}, "Hypervisor": "xen", "BlockDeviceMappings": [{"DeviceName": "/dev/sda1", "Ebs": {"Status": "attached", "DeleteOnTermination": false, "VolumeId": "vol-070761aaa0ce2aeb4", "AttachTime": "2020-04-23T18:44:20+00:00"}}], "Architecture": "x86_64", "RootDeviceType": "ebs", "RootDeviceName": "/dev/sda1", "VirtualizationType": "hvm", "Tags": [{"Value": "OKTA-INT-Prod1", "Key": "Name"}], "HibernationOptions": {"Configured": false}, "MetadataOptions": {"State": "applied", "HttpEndpoint": "enabled", "HttpTokens": "optional", "HttpPutResponseHopLimit": 1}, "AmiLaunchIndex": 0}], "ReservationId": "r-04701290a69882777", "Groups": [], "OwnerId": "043898046743"}, {"Instances": [{"Monitoring": {"State": "disabled"}, "PublicDnsName": "", "State": {"Code": 16, "Name": "running"}, "EbsOptimized": false, "LaunchTime": "2020-05-01T19:35:14+00:00", "PrivateIpAddress": "10.233.14.254", "ProductCodes": [], "VpcId": "vpc-05dff179d55496415", "CpuOptions": {"CoreCount": 1, "ThreadsPerCore": 1}, "StateTransitionReason": "", "InstanceId": "i-0a701a3b183d8ff13", "EnaSupport": true, "ImageId": "ami-079ed1e1193fae78f", "PrivateDnsName": "ip-10-233-14-254.ec2.internal", "KeyName": "temp-billh-keypair", "SecurityGroups": [{"GroupName": "temp-test-azure-agent", "GroupId": "sg-0d6dbb351aca1eb5d"}], "ClientToken": "", "SubnetId": "subnet-0b09149c97eff827d", "InstanceType": "t2.micro", "CapacityReservationSpecification": {"CapacityReservationPreference": "open"}, "NetworkInterfaces": [{"Status": "in-use", "MacAddress": "02:48:21:39:84:23", "SourceDestCheck": true, "VpcId": "vpc-05dff179d55496415", "Description": "Primary network interface", "NetworkInterfaceId": "eni-0fd5b279f2697f20d", "PrivateIpAddresses": [{"PrivateDnsName": "ip-10-233-14-254.ec2.internal", "Primary": true, "PrivateIpAddress": "10.233.14.254"}], "PrivateDnsName": "ip-10-233-14-254.ec2.internal", "InterfaceType": "interface", "Attachment": {"Status": "attached", "DeviceIndex": 0, "DeleteOnTermination": true, "AttachmentId": "eni-attach-021b305de7a65aca5", "AttachTime": "2020-05-01T19:35:14+00:00"}, "Groups": [{"GroupName": "temp-test-azure-agent", "GroupId": "sg-0d6dbb351aca1eb5d"}], "Ipv6Addresses": [], "OwnerId": "043898046743", "SubnetId": "subnet-0b09149c97eff827d", "PrivateIpAddress": "10.233.14.254"}], "SourceDestCheck": true, "Placement": {"Tenancy": "default", "GroupName": "", "AvailabilityZone": "us-east-1c"}, "Hypervisor": "xen", "BlockDeviceMappings": [{"DeviceName": "/dev/sda1", "Ebs": {"Status": "attached", "DeleteOnTermination": false, "VolumeId": "vol-0d0e2ef3831ee3b69", "AttachTime": "2020-05-01T19:35:15+00:00"}}], "Architecture": "x86_64", "RootDeviceType": "ebs", "RootDeviceName": "/dev/sda1", "VirtualizationType": "hvm", "Tags": [{"Value": "temp-azureAgent-test-centOS", "Key": "Name"}, {"Value": "wiham@amazon.com", "Key": "ApplicationOwner"}], "HibernationOptions": {"Configured": false}, "MetadataOptions": {"State": "applied", "HttpEndpoint": "enabled", "HttpTokens": "optional", "HttpPutResponseHopLimit": 1}, "AmiLaunchIndex": 0}], "ReservationId": "r-0cc8ea9aad9932b76", "Groups": [], "OwnerId": "043898046743"}, {"Instances": [{"Monitoring": {"State": "disabled"}, "PublicDnsName": "", "State": {"Code": 16, "Name": "running"}, "EbsOptimized": false, "LaunchTime": "2020-05-13T15:25:51+00:00", "PrivateIpAddress": "10.233.14.199", "ProductCodes": [], "VpcId": "vpc-05dff179d55496415", "CpuOptions": {"CoreCount": 1, "ThreadsPerCore": 1}, "StateTransitionReason": "", "InstanceId": "i-0d10e5ca6af69b9ee", "EnaSupport": true, "ImageId": "ami-0323c3dd2da7fb37d", "PrivateDnsName": "ip-10-233-14-199.ec2.internal", "KeyName": "Carrier-Infra", "SecurityGroups": [{"GroupName": "launch-wizard-4", "GroupId": "sg-04b645146c6794c4b"}], "ClientToken": "", "SubnetId": "subnet-0b09149c97eff827d", "InstanceType": "t2.micro", "CapacityReservationSpecification": {"CapacityReservationPreference": "open"}, "NetworkInterfaces": [{"Status": "in-use", "MacAddress": "02:66:26:be:39:6f", "SourceDestCheck": true, "VpcId": "vpc-05dff179d55496415", "Description": "Primary network interface", "NetworkInterfaceId": "eni-0a2737c2137e0f9ac", "PrivateIpAddresses": [{"PrivateDnsName": "ip-10-233-14-199.ec2.internal", "Primary": true, "PrivateIpAddress": "10.233.14.199"}], "PrivateDnsName": "ip-10-233-14-199.ec2.internal", "InterfaceType": "interface", "Attachment": {"Status": "attached", "DeviceIndex": 0, "DeleteOnTermination": true, "AttachmentId": "eni-attach-0e92008fca9cfd0fb", "AttachTime": "2020-05-13T15:14:31+00:00"}, "Groups": [{"GroupName": "launch-wizard-4", "GroupId": "sg-04b645146c6794c4b"}], "Ipv6Addresses": [], "OwnerId": "043898046743", "SubnetId": "subnet-0b09149c97eff827d", "PrivateIpAddress": "10.233.14.199"}], "SourceDestCheck": true, "Placement": {"Tenancy": "default", "GroupName": "", "AvailabilityZone": "us-east-1c"}, "Hypervisor": "xen", "BlockDeviceMappings": [{"DeviceName": "/dev/xvda", "Ebs": {"Status": "attached", "DeleteOnTermination": false, "VolumeId": "vol-059c2fa43587aee14", "AttachTime": "2020-05-13T15:25:37+00:00"}}], "Architecture": "x86_64", "RootDeviceType": "ebs", "RootDeviceName": "/dev/xvda", "VirtualizationType": "hvm", "Tags": [{"Value": "LinuxTest", "Key": "Name"}], "HibernationOptions": {"Configured": false}, "MetadataOptions": {"State": "applied", "HttpEndpoint": "enabled", "HttpTokens": "optional", "HttpPutResponseHopLimit": 1}, "AmiLaunchIndex": 0}], "ReservationId": "r-0254a2f337b1c7bb8", "Groups": [], "OwnerId": "043898046743"}, {"Instances": [{"Monitoring": {"State": "disabled"}, "PublicDnsName": "", "StateReason": {"Message": "Client.UserInitiatedShutdown: User initiated shutdown", "Code": "Client.UserInitiatedShutdown"}, "State": {"Code": 48, "Name": "terminated"}, "EbsOptimized": false, "LaunchTime": "2020-05-19T14:17:47+00:00", "ProductCodes": [], "CpuOptions": {"CoreCount": 4, "ThreadsPerCore": 1}, "StateTransitionReason": "User initiated (2020-05-19 15:06:20 GMT)", "InstanceId": "i-03265b23d7376b79c", "EnaSupport": true, "ImageId": "ami-0323c3dd2da7fb37d", "PrivateDnsName": "", "KeyName": "Carrier-Infra", "SecurityGroups": [], "ClientToken": "", "InstanceType": "t2.xlarge", "CapacityReservationSpecification": {"CapacityReservationPreference": "open"}, "NetworkInterfaces": [], "Placement": {"Tenancy": "default", "GroupName": "", "AvailabilityZone": "us-east-1c"}, "Hypervisor": "xen", "BlockDeviceMappings": [], "Architecture": "x86_64", "RootDeviceType": "ebs", "RootDeviceName": "/dev/xvda", "VirtualizationType": "hvm", "Tags": [{"Value": "AWS-List-All2", "Key": "Name"}], "HibernationOptions": {"Configured": false}, "MetadataOptions": {"State": "pending", "HttpEndpoint": "enabled", "HttpTokens": "optional", "HttpPutResponseHopLimit": 1}, "AmiLaunchIndex": 0}], "ReservationId": "r-071d9cde34b07a070", "Groups": [], "OwnerId": "043898046743"}, {"Instances": [{"Monitoring": {"State": "disabled"}, "PublicDnsName": "", "State": {"Code": 16, "Name": "running"}, "EbsOptimized": false, "LaunchTime": "2020-05-19T15:08:10+00:00", "PrivateIpAddress": "10.233.14.227", "ProductCodes": [], "VpcId": "vpc-05dff179d55496415", "CpuOptions": {"CoreCount": 8, "ThreadsPerCore": 1}, "StateTransitionReason": "", "InstanceId": "i-0753728a43be9a163", "EnaSupport": true, "ImageId": "ami-0323c3dd2da7fb37d", "PrivateDnsName": "ip-10-233-14-227.ec2.internal", "KeyName": "Carrier-Infra", "SecurityGroups": [{"GroupName": "CAR_AD_SecGrp", "GroupId": "sg-0c3cb90a3546e02ac"}], "ClientToken": "", "SubnetId": "subnet-0b09149c97eff827d", "InstanceType": "t2.2xlarge", "CapacityReservationSpecification": {"CapacityReservationPreference": "open"}, "NetworkInterfaces": [{"Status": "in-use", "MacAddress": "02:c7:fc:00:c2:27", "SourceDestCheck": true, "VpcId": "vpc-05dff179d55496415", "Description": "Primary network interface", "NetworkInterfaceId": "eni-0b33ab4996ef92d1f", "PrivateIpAddresses": [{"PrivateDnsName": "ip-10-233-14-227.ec2.internal", "Primary": true, "PrivateIpAddress": "10.233.14.227"}], "PrivateDnsName": "ip-10-233-14-227.ec2.internal", "InterfaceType": "interface", "Attachment": {"Status": "attached", "DeviceIndex": 0, "DeleteOnTermination": true, "AttachmentId": "eni-attach-0722252fb3556b41e", "AttachTime": "2020-05-19T15:08:10+00:00"}, "Groups": [{"GroupName": "CAR_AD_SecGrp", "GroupId": "sg-0c3cb90a3546e02ac"}], "Ipv6Addresses": [], "OwnerId": "043898046743", "SubnetId": "subnet-0b09149c97eff827d", "PrivateIpAddress": "10.233.14.227"}], "SourceDestCheck": true, "Placement": {"Tenancy": "default", "GroupName": "", "AvailabilityZone": "us-east-1c"}, "Hypervisor": "xen", "BlockDeviceMappings": [{"DeviceName": "/dev/xvda", "Ebs": {"Status": "attached", "DeleteOnTermination": true, "VolumeId": "vol-0d3256120df173996", "AttachTime": "2020-05-19T15:08:11+00:00"}}], "Architecture": "x86_64", "RootDeviceType": "ebs", "IamInstanceProfile": {"Id": "AIPAQUOEHBEL2B6X7PL7P", "Arn": "arn:aws:iam::043898046743:instance-profile/EC2_Admin_Delete_if_Seen"}, "RootDeviceName": "/dev/xvda", "VirtualizationType": "hvm", "Tags": [{"Value": "AWS-List-All3", "Key": "Name"}], "HibernationOptions": {"Configured": false}, "MetadataOptions": {"State": "applied", "HttpEndpoint": "enabled", "HttpTokens": "optional", "HttpPutResponseHopLimit": 1}, "AmiLaunchIndex": 0}], "ReservationId": "r-0bf9891c16c0cef94", "Groups": [], "OwnerId": "043898046743"}, {"Instances": [{"Monitoring": {"State": "disabled"}, "PublicDnsName": "", "Platform": "windows", "State": {"Code": 16, "Name": "running"}, "EbsOptimized": false, "LaunchTime": "2020-04-29T15:16:32+00:00", "PrivateIpAddress": "10.233.14.78", "ProductCodes": [], "VpcId": "vpc-05dff179d55496415", "CpuOptions": {"CoreCount": 4, "ThreadsPerCore": 1}, "StateTransitionReason": "", "InstanceId": "i-0f3b31fc441828849", "EnaSupport": true, "ImageId": "ami-08bf5f54919fada4a", "PrivateDnsName": "ip-10-233-14-78.ec2.internal", "KeyName": "Carrier-Infra", "SecurityGroups": [{"GroupName": "CAR_AD_SecGrp", "GroupId": "sg-0c3cb90a3546e02ac"}], "ClientToken": "", "SubnetId": "subnet-0b79fc122ee8c2d6b", "InstanceType": "t2.xlarge", "CapacityReservationSpecification": {"CapacityReservationPreference": "open"}, "NetworkInterfaces": [{"Status": "in-use", "MacAddress": "0e:24:1b:cd:30:03", "SourceDestCheck": true, "VpcId": "vpc-05dff179d55496415", "Description": "Primary network interface", "NetworkInterfaceId": "eni-08213565a8ebbb932", "PrivateIpAddresses": [{"PrivateDnsName": "ip-10-233-14-78.ec2.internal", "Primary": true, "PrivateIpAddress": "10.233.14.78"}], "PrivateDnsName": "ip-10-233-14-78.ec2.internal", "InterfaceType": "interface", "Attachment": {"Status": "attached", "DeviceIndex": 0, "DeleteOnTermination": true, "AttachmentId": "eni-attach-0fbddd72939315b85", "AttachTime": "2020-04-17T12:59:49+00:00"}, "Groups": [{"GroupName": "CAR_AD_SecGrp", "GroupId": "sg-0c3cb90a3546e02ac"}], "Ipv6Addresses": [], "OwnerId": "043898046743", "SubnetId": "subnet-0b79fc122ee8c2d6b", "PrivateIpAddress": "10.233.14.78"}], "SourceDestCheck": true, "Placement": {"Tenancy": "default", "GroupName": "", "AvailabilityZone": "us-east-1b"}, "Hypervisor": "xen", "BlockDeviceMappings": [{"DeviceName": "/dev/sda1", "Ebs": {"Status": "attached", "DeleteOnTermination": true, "VolumeId": "vol-066324dbd7b53a8ee", "AttachTime": "2020-04-17T12:59:50+00:00"}}, {"DeviceName": "xvdb", "Ebs": {"Status": "attached", "DeleteOnTermination": false, "VolumeId": "vol-0a8b03ff25141c623", "AttachTime": "2020-04-17T12:59:50+00:00"}}], "Architecture": "x86_64", "RootDeviceType": "ebs", "RootDeviceName": "/dev/sda1", "VirtualizationType": "hvm", "Tags": [{"Value": "109741", "Key": "CostCenter"}, {"Value": "gcs", "Key": "Department"}, {"Value": "VMC10134PC002", "Key": "Name"}, {"Value": "Platinum", "Key": "AppCat"}, {"Value": "", "Key": "ComplianceRequirement"}, {"Value": "whq", "Key": "BusinessUnit"}, {"Value": "AD", "Key": "Role"}, {"Value": "", "Key": "ApplicationID"}, {"Value": "", "Key": "FQDN"}, {"Value": "1.0", "Key": "Version"}, {"Value": "y", "Key": "Backup"}, {"Value": "lt", "Key": "MaxLifeTime"}, {"Value": "", "Key": "ApplicationOwner"}, {"Value": "prod", "Key": "Environment"}], "HibernationOptions": {"Configured": false}, "MetadataOptions": {"State": "applied", "HttpEndpoint": "enabled", "HttpTokens": "optional", "HttpPutResponseHopLimit": 1}, "AmiLaunchIndex": 0}], "ReservationId": "r-0dd4534085f70d7cb", "Groups": [], "OwnerId": "043898046743"}, {"Instances": [{"Monitoring": {"State": "disabled"}, "PublicDnsName": "", "Platform": "windows", "State": {"Code": 16, "Name": "running"}, "EbsOptimized": false, "LaunchTime": "2020-04-29T15:16:32+00:00", "PrivateIpAddress": "10.233.14.95", "ProductCodes": [], "VpcId": "vpc-05dff179d55496415", "CpuOptions": {"CoreCount": 4, "ThreadsPerCore": 1}, "StateTransitionReason": "", "InstanceId": "i-0891d7dedaadde439", "EnaSupport": true, "ImageId": "ami-08bf5f54919fada4a", "PrivateDnsName": "ip-10-233-14-95.ec2.internal", "KeyName": "Carrier-Infra", "SecurityGroups": [{"GroupName": "CAR_AD_SecGrp", "GroupId": "sg-0c3cb90a3546e02ac"}], "ClientToken": "", "SubnetId": "subnet-0b79fc122ee8c2d6b", "InstanceType": "t2.xlarge", "CapacityReservationSpecification": {"CapacityReservationPreference": "open"}, "NetworkInterfaces": [{"Status": "in-use", "MacAddress": "0e:0f:4b:c8:6d:a9", "SourceDestCheck": true, "VpcId": "vpc-05dff179d55496415", "Description": "Primary network interface", "NetworkInterfaceId": "eni-0a39f045a14340c41", "PrivateIpAddresses": [{"PrivateDnsName": "ip-10-233-14-95.ec2.internal", "Primary": true, "PrivateIpAddress": "10.233.14.95"}], "PrivateDnsName": "ip-10-233-14-95.ec2.internal", "InterfaceType": "interface", "Attachment": {"Status": "attached", "DeviceIndex": 0, "DeleteOnTermination": true, "AttachmentId": "eni-attach-01a5242164caff965", "AttachTime": "2020-04-17T13:13:08+00:00"}, "Groups": [{"GroupName": "CAR_AD_SecGrp", "GroupId": "sg-0c3cb90a3546e02ac"}], "Ipv6Addresses": [], "OwnerId": "043898046743", "SubnetId": "subnet-0b79fc122ee8c2d6b", "PrivateIpAddress": "10.233.14.95"}], "SourceDestCheck": true, "Placement": {"Tenancy": "default", "GroupName": "", "AvailabilityZone": "us-east-1b"}, "Hypervisor": "xen", "BlockDeviceMappings": [{"DeviceName": "/dev/sda1", "Ebs": {"Status": "attached", "DeleteOnTermination": false, "VolumeId": "vol-02eba4c74cfe09658", "AttachTime": "2020-04-17T13:13:09+00:00"}}, {"DeviceName": "xvdb", "Ebs": {"Status": "attached", "DeleteOnTermination": false, "VolumeId": "vol-05c7313baa5fcd299", "AttachTime": "2020-04-17T13:13:09+00:00"}}], "Architecture": "x86_64", "RootDeviceType": "ebs", "RootDeviceName": "/dev/sda1", "VirtualizationType": "hvm", "Tags": [{"Value": "109741", "Key": "CostCenter"}, {"Value": "Platinum", "Key": "AppCat"}, {"Value": "gcs", "Key": "Department"}, {"Value": "VMC10134PC004", "Key": "Name"}, {"Value": "AD", "Key": "Role"}, {"Value": "", "Key": "FQDN"}, {"Value": "", "Key": "ApplicationID"}, {"Value": "y", "Key": "Backup"}, {"Value": "lt", "Key": "MaxLifeTime"}, {"Value": "1.0", "Key": "Version"}, {"Value": "prod", "Key": "Environment"}, {"Value": "", "Key": "ApplicationOwner"}, {"Value": "whq", "Key": "BusinessUnit"}, {"Value": "", "Key": "ComplianceRequirement"}], "HibernationOptions": {"Configured": false}, "MetadataOptions": {"State": "applied", "HttpEndpoint": "enabled", "HttpTokens": "optional", "HttpPutResponseHopLimit": 1}, "AmiLaunchIndex": 0}], "ReservationId": "r-056dfc6e8389c1b18", "Groups": [], "OwnerId": "043898046743"}, {"Instances": [{"Monitoring": {"State": "disabled"}, "StateReason": {"Message": "Client.UserInitiatedShutdown: User initiated shutdown", "Code": "Client.UserInitiatedShutdown"}, "PublicDnsName": "", "Platform": "windows", "State": {"Code": 80, "Name": "stopped"}, "EbsOptimized": false, "LaunchTime": "2020-04-21T13:55:47+00:00", "PrivateIpAddress": "10.233.14.116", "ProductCodes": [], "VpcId": "vpc-05dff179d55496415", "CpuOptions": {"CoreCount": 4, "ThreadsPerCore": 1}, "StateTransitionReason": "User initiated (2020-04-21 13:57:45 GMT)", "InstanceId": "i-058ba9ba9d2340298", "EnaSupport": true, "ImageId": "ami-0f7122ac3de6f22b2", "PrivateDnsName": "ip-10-233-14-116.ec2.internal", "KeyName": "Carrier-Infra", "SecurityGroups": [{"GroupName": "CAR_AD_SecGrp", "GroupId": "sg-0c3cb90a3546e02ac"}], "ClientToken": "", "SubnetId": "subnet-0b79fc122ee8c2d6b", "InstanceType": "t2.xlarge", "CapacityReservationSpecification": {"CapacityReservationPreference": "open"}, "NetworkInterfaces": [{"Status": "in-use", "MacAddress": "0e:a3:a6:d2:74:69", "SourceDestCheck": true, "VpcId": "vpc-05dff179d55496415", "Description": "Primary network interface", "NetworkInterfaceId": "eni-09c2a5e830f70f0e5", "PrivateIpAddresses": [{"PrivateDnsName": "ip-10-233-14-116.ec2.internal", "Primary": true, "PrivateIpAddress": "10.233.14.116"}], "PrivateDnsName": "ip-10-233-14-116.ec2.internal", "InterfaceType": "interface", "Attachment": {"Status": "attached", "DeviceIndex": 0, "DeleteOnTermination": true, "AttachmentId": "eni-attach-0e719707ff84bbcc5", "AttachTime": "2020-04-21T13:55:47+00:00"}, "Groups": [{"GroupName": "CAR_AD_SecGrp", "GroupId": "sg-0c3cb90a3546e02ac"}], "Ipv6Addresses": [], "OwnerId": "043898046743", "SubnetId": "subnet-0b79fc122ee8c2d6b", "PrivateIpAddress": "10.233.14.116"}], "SourceDestCheck": true, "Placement": {"Tenancy": "default", "GroupName": "", "AvailabilityZone": "us-east-1b"}, "Hypervisor": "xen", "BlockDeviceMappings": [{"DeviceName": "/dev/sda1", "Ebs": {"Status": "attached", "DeleteOnTermination": true, "VolumeId": "vol-0b42949fd4318b0eb", "AttachTime": "2020-04-21T13:55:48+00:00"}}, {"DeviceName": "xvdb", "Ebs": {"Status": "attached", "DeleteOnTermination": false, "VolumeId": "vol-0ca035133f2ec26d8", "AttachTime": "2020-04-21T13:55:48+00:00"}}], "Architecture": "x86_64", "RootDeviceType": "ebs", "RootDeviceName": "/dev/sda1", "VirtualizationType": "hvm", "Tags": [{"Value": "External-DMZ02", "Key": "Name"}], "HibernationOptions": {"Configured": false}, "MetadataOptions": {"State": "applied", "HttpEndpoint": "enabled", "HttpTokens": "optional", "HttpPutResponseHopLimit": 1}, "AmiLaunchIndex": 0}], "ReservationId": "r-0532dc7e2cf6a9a5a", "Groups": [], "OwnerId": "043898046743"}, {"Instances": [{"Monitoring": {"State": "disabled"}, "PublicDnsName": "", "State": {"Code": 16, "Name": "running"}, "EbsOptimized": false, "LaunchTime": "2020-04-23T18:45:31+00:00", "PrivateIpAddress": "10.233.14.96", "ProductCodes": [], "VpcId": "vpc-05dff179d55496415", "CpuOptions": {"CoreCount": 2, "ThreadsPerCore": 1}, "StateTransitionReason": "", "InstanceId": "i-0360d226d51ce48ed", "EnaSupport": true, "ImageId": "ami-079ed1e1193fae78f", "PrivateDnsName": "ip-10-233-14-96.ec2.internal", "KeyName": "OAG-OKTA", "SecurityGroups": [{"GroupName": "Okta-Access-Gateway-Rules", "GroupId": "sg-01f1f8deb09377c74"}], "ClientToken": "", "SubnetId": "subnet-0b79fc122ee8c2d6b", "InstanceType": "t2.medium", "CapacityReservationSpecification": {"CapacityReservationPreference": "open"}, "NetworkInterfaces": [{"Status": "in-use", "MacAddress": "0e:38:69:f7:93:9b", "SourceDestCheck": true, "VpcId": "vpc-05dff179d55496415", "Description": "Primary network interface", "NetworkInterfaceId": "eni-05a50115c5fb7efa4", "PrivateIpAddresses": [{"PrivateDnsName": "ip-10-233-14-96.ec2.internal", "Primary": true, "PrivateIpAddress": "10.233.14.96"}], "PrivateDnsName": "ip-10-233-14-96.ec2.internal", "InterfaceType": "interface", "Attachment": {"Status": "attached", "DeviceIndex": 0, "DeleteOnTermination": true, "AttachmentId": "eni-attach-01db2072c63aed861", "AttachTime": "2020-04-23T18:45:31+00:00"}, "Groups": [{"GroupName": "Okta-Access-Gateway-Rules", "GroupId": "sg-01f1f8deb09377c74"}], "Ipv6Addresses": [], "OwnerId": "043898046743", "SubnetId": "subnet-0b79fc122ee8c2d6b", "PrivateIpAddress": "10.233.14.96"}], "SourceDestCheck": true, "Placement": {"Tenancy": "default", "GroupName": "", "AvailabilityZone": "us-east-1b"}, "Hypervisor": "xen", "BlockDeviceMappings": [{"DeviceName": "/dev/sda1", "Ebs": {"Status": "attached", "DeleteOnTermination": false, "VolumeId": "vol-0636b73f03627e467", "AttachTime": "2020-04-23T18:45:32+00:00"}}], "Architecture": "x86_64", "RootDeviceType": "ebs", "RootDeviceName": "/dev/sda1", "VirtualizationType": "hvm", "Tags": [{"Value": "OKTA-INT-Prod2", "Key": "Name"}], "HibernationOptions": {"Configured": false}, "MetadataOptions": {"State": "applied", "HttpEndpoint": "enabled", "HttpTokens": "optional", "HttpPutResponseHopLimit": 1}, "AmiLaunchIndex": 0}], "ReservationId": "r-0346daf9b74152236", "Groups": [], "OwnerId": "043898046743"}, {"Instances": [{"Monitoring": {"State": "disabled"}, "PublicDnsName": "", "State": {"Code": 16, "Name": "running"}, "EbsOptimized": false, "LaunchTime": "2020-04-23T19:42:54+00:00", "PrivateIpAddress": "10.233.12.189", "ProductCodes": [], "VpcId": "vpc-05dff179d55496415", "CpuOptions": {"CoreCount": 2, "ThreadsPerCore": 1}, "StateTransitionReason": "", "InstanceId": "i-0f484108343b74ef8", "EnaSupport": true, "ImageId": "ami-079ed1e1193fae78f", "PrivateDnsName": "ip-10-233-12-189.ec2.internal", "KeyName": "OAG-OKTA", "SecurityGroups": [{"GroupName": "Okta-Access-Gateway-Rules", "GroupId": "sg-01f1f8deb09377c74"}], "ClientToken": "", "SubnetId": "subnet-0efbb46377d374389", "InstanceType": "t2.medium", "CapacityReservationSpecification": {"CapacityReservationPreference": "open"}, "NetworkInterfaces": [{"Status": "in-use", "MacAddress": "0e:36:af:52:01:95", "SourceDestCheck": true, "VpcId": "vpc-05dff179d55496415", "Description": "Primary network interface", "NetworkInterfaceId": "eni-054a59786fed52a5b", "PrivateIpAddresses": [{"PrivateDnsName": "ip-10-233-12-189.ec2.internal", "Primary": true, "PrivateIpAddress": "10.233.12.189"}], "PrivateDnsName": "ip-10-233-12-189.ec2.internal", "InterfaceType": "interface", "Attachment": {"Status": "attached", "DeviceIndex": 0, "DeleteOnTermination": true, "AttachmentId": "eni-attach-059ddb2497c1cbad2", "AttachTime": "2020-04-23T19:42:54+00:00"}, "Groups": [{"GroupName": "Okta-Access-Gateway-Rules", "GroupId": "sg-01f1f8deb09377c74"}], "Ipv6Addresses": [], "OwnerId": "043898046743", "SubnetId": "subnet-0efbb46377d374389", "PrivateIpAddress": "10.233.12.189"}], "SourceDestCheck": true, "Placement": {"Tenancy": "default", "GroupName": "", "AvailabilityZone": "us-east-1b"}, "Hypervisor": "xen", "BlockDeviceMappings": [{"DeviceName": "/dev/sda1", "Ebs": {"Status": "attached", "DeleteOnTermination": false, "VolumeId": "vol-0631cb30ab1348057", "AttachTime": "2020-04-23T19:42:55+00:00"}}], "Architecture": "x86_64", "RootDeviceType": "ebs", "RootDeviceName": "/dev/sda1", "VirtualizationType": "hvm", "Tags": [{"Value": "OKTA-EXT-Prod2", "Key": "Name"}], "HibernationOptions": {"Configured": false}, "MetadataOptions": {"State": "applied", "HttpEndpoint": "enabled", "HttpTokens": "optional", "HttpPutResponseHopLimit": 1}, "AmiLaunchIndex": 0}], "ReservationId": "r-0f3beacd80bb2af49", "Groups": [], "OwnerId": "043898046743"}, {"Instances": [{"Monitoring": {"State": "disabled"}, "PublicDnsName": "", "State": {"Code": 16, "Name": "running"}, "EbsOptimized": false, "LaunchTime": "2020-03-04T18:29:46+00:00", "PrivateIpAddress": "10.233.12.110", "ProductCodes": [], "VpcId": "vpc-05dff179d55496415", "CpuOptions": {"CoreCount": 1, "ThreadsPerCore": 1}, "StateTransitionReason": "", "InstanceId": "i-0a5c16d303391679c", "EnaSupport": true, "ImageId": "ami-0a887e401f7654935", "PrivateDnsName": "ip-10-233-12-110.ec2.internal", "KeyName": "Temp_Key", "SecurityGroups": [{"GroupName": "TempPleaseDelete", "GroupId": "sg-028888211a601ac24"}], "ClientToken": "", "SubnetId": "subnet-073ef09df06785144", "InstanceType": "t2.micro", "CapacityReservationSpecification": {"CapacityReservationPreference": "open"}, "NetworkInterfaces": [{"Status": "in-use", "MacAddress": "0a:a5:2b:ab:8c:09", "SourceDestCheck": true, "VpcId": "vpc-05dff179d55496415", "Description": "Primary network interface", "NetworkInterfaceId": "eni-0a4a71e7495e24768", "PrivateIpAddresses": [{"PrivateDnsName": "ip-10-233-12-110.ec2.internal", "Primary": true, "PrivateIpAddress": "10.233.12.110"}], "PrivateDnsName": "ip-10-233-12-110.ec2.internal", "InterfaceType": "interface", "Attachment": {"Status": "attached", "DeviceIndex": 0, "DeleteOnTermination": true, "AttachmentId": "eni-attach-0ee2080b96be8ffc5", "AttachTime": "2020-03-04T18:29:46+00:00"}, "Groups": [{"GroupName": "TempPleaseDelete", "GroupId": "sg-028888211a601ac24"}], "Ipv6Addresses": [], "OwnerId": "043898046743", "SubnetId": "subnet-073ef09df06785144", "PrivateIpAddress": "10.233.12.110"}], "SourceDestCheck": true, "Placement": {"Tenancy": "default", "GroupName": "", "AvailabilityZone": "us-east-1a"}, "Hypervisor": "xen", "BlockDeviceMappings": [{"DeviceName": "/dev/xvda", "Ebs": {"Status": "attached", "DeleteOnTermination": true, "VolumeId": "vol-083fb56ed8d249c05", "AttachTime": "2020-03-04T18:29:48+00:00"}}], "Architecture": "x86_64", "RootDeviceType": "ebs", "RootDeviceName": "/dev/xvda", "VirtualizationType": "hvm", "Tags": [{"Value": "Temp for tests (Yaniv and Sudhakar)", "Key": "Environment"}, {"Value": "Please delete me", "Key": "Name"}], "HibernationOptions": {"Configured": false}, "MetadataOptions": {"State": "applied", "HttpEndpoint": "enabled", "HttpTokens": "optional", "HttpPutResponseHopLimit": 1}, "AmiLaunchIndex": 0}], "ReservationId": "r-0ffa83a860ed09126", "Groups": [], "OwnerId": "043898046743"}, {"Instances": [{"Monitoring": {"State": "disabled"}, "StateReason": {"Message": "Client.UserInitiatedShutdown: User initiated shutdown", "Code": "Client.UserInitiatedShutdown"}, "PublicDnsName": "", "Platform": "windows", "State": {"Code": 80, "Name": "stopped"}, "EbsOptimized": false, "LaunchTime": "2020-04-22T19:50:23+00:00", "PrivateIpAddress": "10.233.13.247", "ProductCodes": [], "VpcId": "vpc-05dff179d55496415", "CpuOptions": {"CoreCount": 1, "ThreadsPerCore": 1}, "StateTransitionReason": "User initiated (2020-04-22 19:51:20 GMT)", "InstanceId": "i-0961f5d86123ac3c5", "EnaSupport": true, "ImageId": "ami-01652280c5135f94b", "PrivateDnsName": "ip-10-233-13-247.ec2.internal", "KeyName": "carrier-shared-test", "SecurityGroups": [{"GroupName": "launch-wizard-2", "GroupId": "sg-05bd23671dc169af2"}], "ClientToken": "", "SubnetId": "subnet-06fdc7df220e648cc", "InstanceType": "t2.micro", "CapacityReservationSpecification": {"CapacityReservationPreference": "open"}, "NetworkInterfaces": [{"Status": "in-use", "MacAddress": "0a:45:0f:fe:76:43", "SourceDestCheck": true, "VpcId": "vpc-05dff179d55496415", "Description": "Primary network interface", "NetworkInterfaceId": "eni-05d5d280c734a9e24", "PrivateIpAddresses": [{"PrivateDnsName": "ip-10-233-13-247.ec2.internal", "Primary": true, "PrivateIpAddress": "10.233.13.247"}], "PrivateDnsName": "ip-10-233-13-247.ec2.internal", "InterfaceType": "interface", "Attachment": {"Status": "attached", "DeviceIndex": 0, "DeleteOnTermination": true, "AttachmentId": "eni-attach-0b9ecadce01f8a3db", "AttachTime": "2020-04-01T19:26:44+00:00"}, "Groups": [{"GroupName": "launch-wizard-2", "GroupId": "sg-05bd23671dc169af2"}], "Ipv6Addresses": [], "OwnerId": "043898046743", "SubnetId": "subnet-06fdc7df220e648cc", "PrivateIpAddress": "10.233.13.247"}], "SourceDestCheck": true, "Placement": {"Tenancy": "default", "GroupName": "", "AvailabilityZone": "us-east-1a"}, "Hypervisor": "xen", "BlockDeviceMappings": [{"DeviceName": "/dev/sda1", "Ebs": {"Status": "attached", "DeleteOnTermination": true, "VolumeId": "vol-02c6ec585242c05a0", "AttachTime": "2020-04-01T19:26:49+00:00"}}], "Architecture": "x86_64", "RootDeviceType": "ebs", "RootDeviceName": "/dev/sda1", "VirtualizationType": "hvm", "Tags": [{"Value": "DirectConect-Test", "Key": "Name"}], "HibernationOptions": {"Configured": false}, "MetadataOptions": {"State": "applied", "HttpEndpoint": "enabled", "HttpTokens": "optional", "HttpPutResponseHopLimit": 1}, "AmiLaunchIndex": 0}], "ReservationId": "r-02d2c6f9a864e4879", "Groups": [], "OwnerId": "043898046743"}, {"Instances": [{"Monitoring": {"State": "disabled"}, "StateReason": {"Message": "Client.UserInitiatedShutdown: User initiated shutdown", "Code": "Client.UserInitiatedShutdown"}, "PublicDnsName": "", "Platform": "windows", "State": {"Code": 80, "Name": "stopped"}, "EbsOptimized": false, "LaunchTime": "2020-04-14T20:46:49+00:00", "PrivateIpAddress": "10.233.13.193", "ProductCodes": [], "VpcId": "vpc-05dff179d55496415", "CpuOptions": {"CoreCount": 1, "ThreadsPerCore": 1}, "StateTransitionReason": "User initiated (2020-04-14 21:18:02 GMT)", "InstanceId": "i-03a5d9a31e7748b58", "EnaSupport": true, "ImageId": "ami-09d496c26aa745869", "PrivateDnsName": "ip-10-233-13-193.ec2.internal", "KeyName": "Shared-Services", "SecurityGroups": [{"GroupName": "launch-wizard-2", "GroupId": "sg-05bd23671dc169af2"}], "ClientToken": "", "SubnetId": "subnet-06fdc7df220e648cc", "InstanceType": "t2.micro", "CapacityReservationSpecification": {"CapacityReservationPreference": "open"}, "NetworkInterfaces": [{"Status": "in-use", "MacAddress": "0a:b0:a9:13:95:a1", "SourceDestCheck": true, "VpcId": "vpc-05dff179d55496415", "Description": "Primary network interface", "NetworkInterfaceId": "eni-0e84008ee059e1d6b", "PrivateIpAddresses": [{"PrivateDnsName": "ip-10-233-13-193.ec2.internal", "Primary": true, "PrivateIpAddress": "10.233.13.193"}], "PrivateDnsName": "ip-10-233-13-193.ec2.internal", "InterfaceType": "interface", "Attachment": {"Status": "attached", "DeviceIndex": 0, "DeleteOnTermination": true, "AttachmentId": "eni-attach-01039855c2b24af5e", "AttachTime": "2020-04-08T12:04:55+00:00"}, "Groups": [{"GroupName": "launch-wizard-2", "GroupId": "sg-05bd23671dc169af2"}], "Ipv6Addresses": [], "OwnerId": "043898046743", "SubnetId": "subnet-06fdc7df220e648cc", "PrivateIpAddress": "10.233.13.193"}], "SourceDestCheck": true, "Placement": {"Tenancy": "default", "GroupName": "", "AvailabilityZone": "us-east-1a"}, "Hypervisor": "xen", "BlockDeviceMappings": [{"DeviceName": "/dev/sda1", "Ebs": {"Status": "attached", "DeleteOnTermination": true, "VolumeId": "vol-0e6378605872a1724", "AttachTime": "2020-04-08T12:04:56+00:00"}}], "Architecture": "x86_64", "RootDeviceType": "ebs", "RootDeviceName": "/dev/sda1", "VirtualizationType": "hvm", "Tags": [{"Value": "Firewall-Test-VM", "Key": "Name"}], "HibernationOptions": {"Configured": false}, "MetadataOptions": {"State": "applied", "HttpEndpoint": "enabled", "HttpTokens": "optional", "HttpPutResponseHopLimit": 1}, "AmiLaunchIndex": 0}], "ReservationId": "r-0cdf1501e56059829", "Groups": [], "OwnerId": "043898046743"}, {"Instances": [{"Monitoring": {"State": "disabled"}, "PublicDnsName": "", "State": {"Code": 16, "Name": "running"}, "EbsOptimized": true, "LaunchTime": "2020-04-29T18:49:39+00:00", "PrivateIpAddress": "10.233.15.250", "ProductCodes": [{"ProductCodeId": "eclz7j04vu9lf8ont8ta3n17o", "ProductCodeType": "marketplace"}], "VpcId": "vpc-05dff179d55496415", "CpuOptions": {"CoreCount": 4, "ThreadsPerCore": 2}, "StateTransitionReason": "", "InstanceId": "i-026309d95a957e5f6", "EnaSupport": true, "ImageId": "ami-0d223a3ed251da3a0", "PrivateDnsName": "ip-10-233-15-250.ec2.internal", "KeyName": "Panorama", "SecurityGroups": [{"GroupName": "Palo Alto Networks Panorama-Panorama 9-1-2-AutogenByAWSMP-", "GroupId": "sg-014f40af8d0d31590"}], "ClientToken": "158818617716244055", "SubnetId": "subnet-04eed47a74ec8e925", "InstanceType": "m4.2xlarge", "CapacityReservationSpecification": {"CapacityReservationPreference": "open"}, "NetworkInterfaces": [{"Status": "in-use", "MacAddress": "12:ef:d3:a5:61:eb", "SourceDestCheck": true, "VpcId": "vpc-05dff179d55496415", "Description": "Primary network interface", "NetworkInterfaceId": "eni-046802e008aa18eaf", "PrivateIpAddresses": [{"PrivateDnsName": "ip-10-233-15-250.ec2.internal", "Primary": true, "PrivateIpAddress": "10.233.15.250"}], "PrivateDnsName": "ip-10-233-15-250.ec2.internal", "InterfaceType": "interface", "Attachment": {"Status": "attached", "DeviceIndex": 0, "DeleteOnTermination": true, "AttachmentId": "eni-attach-0eba69cdf850244d9", "AttachTime": "2020-04-29T18:49:39+00:00"}, "Groups": [{"GroupName": "Palo Alto Networks Panorama-Panorama 9-1-2-AutogenByAWSMP-", "GroupId": "sg-014f40af8d0d31590"}], "Ipv6Addresses": [], "OwnerId": "043898046743", "SubnetId": "subnet-04eed47a74ec8e925", "PrivateIpAddress": "10.233.15.250"}], "SourceDestCheck": true, "Placement": {"Tenancy": "default", "GroupName": "", "AvailabilityZone": "us-east-1d"}, "Hypervisor": "xen", "BlockDeviceMappings": [{"DeviceName": "/dev/xvda", "Ebs": {"Status": "attached", "DeleteOnTermination": false, "VolumeId": "vol-02cc84d8727a873fd", "AttachTime": "2020-04-29T18:49:40+00:00"}}], "Architecture": "x86_64", "RootDeviceType": "ebs", "RootDeviceName": "/dev/xvda", "VirtualizationType": "hvm", "Tags": [{"Value": "Panorama-VM", "Key": "Name"}], "HibernationOptions": {"Configured": false}, "MetadataOptions": {"State": "applied", "HttpEndpoint": "enabled", "HttpTokens": "optional", "HttpPutResponseHopLimit": 1}, "AmiLaunchIndex": 0}], "ReservationId": "r-02465eb3cfe377e73", "RequesterId": "086189789714", "Groups": [], "OwnerId": "043898046743"}, {"Instances": [{"Monitoring": {"State": "disabled"}, "PublicDnsName": "", "State": {"Code": 16, "Name": "running"}, "EbsOptimized": false, "LaunchTime": "2020-04-30T16:02:23+00:00", "PrivateIpAddress": "10.233.15.17", "ProductCodes": [], "VpcId": "vpc-05dff179d55496415", "CpuOptions": {"CoreCount": 1, "ThreadsPerCore": 1}, "StateTransitionReason": "", "InstanceId": "i-0e5f673de9a4664ac", "EnaSupport": true, "ImageId": "ami-0323c3dd2da7fb37d", "PrivateDnsName": "ip-10-233-15-17.ec2.internal", "KeyName": "temp-billh-keypair", "SecurityGroups": [{"GroupName": "temp-test-azure-agent", "GroupId": "sg-0d6dbb351aca1eb5d"}], "ClientToken": "", "SubnetId": "subnet-01df4022290e915cb", "InstanceType": "t2.micro", "CapacityReservationSpecification": {"CapacityReservationPreference": "open"}, "NetworkInterfaces": [{"Status": "in-use", "MacAddress": "12:bb:96:31:35:79", "SourceDestCheck": true, "VpcId": "vpc-05dff179d55496415", "Description": "Primary network interface", "NetworkInterfaceId": "eni-087203bb70ed9a3b2", "PrivateIpAddresses": [{"PrivateDnsName": "ip-10-233-15-17.ec2.internal", "Primary": true, "PrivateIpAddress": "10.233.15.17"}], "PrivateDnsName": "ip-10-233-15-17.ec2.internal", "InterfaceType": "interface", "Attachment": {"Status": "attached", "DeviceIndex": 0, "DeleteOnTermination": true, "AttachmentId": "eni-attach-0eda0239147188e5f", "AttachTime": "2020-04-30T16:02:23+00:00"}, "Groups": [{"GroupName": "temp-test-azure-agent", "GroupId": "sg-0d6dbb351aca1eb5d"}], "Ipv6Addresses": [], "OwnerId": "043898046743", "SubnetId": "subnet-01df4022290e915cb", "PrivateIpAddress": "10.233.15.17"}], "SourceDestCheck": true, "Placement": {"Tenancy": "default", "GroupName": "", "AvailabilityZone": "us-east-1d"}, "Hypervisor": "xen", "BlockDeviceMappings": [{"DeviceName": "/dev/xvda", "Ebs": {"Status": "attached", "DeleteOnTermination": true, "VolumeId": "vol-0d5ed63f4ef1db449", "AttachTime": "2020-04-30T16:02:24+00:00"}}], "Architecture": "x86_64", "RootDeviceType": "ebs", "IamInstanceProfile": {"Id": "AIPAQUOEHBELUMOPHQCMU", "Arn": "arn:aws:iam::043898046743:instance-profile/AmazonSSMRoleForInstancesQuickSetup"}, "RootDeviceName": "/dev/xvda", "VirtualizationType": "hvm", "Tags": [{"Value": "temp-azureAgent-test-aws", "Key": "Name"}, {"Value": "wiham@amazon.com", "Key": "ApplicationOwner"}], "HibernationOptions": {"Configured": false}, "MetadataOptions": {"State": "applied", "HttpEndpoint": "enabled", "HttpTokens": "optional", "HttpPutResponseHopLimit": 1}, "AmiLaunchIndex": 0}], "ReservationId": "r-0fb609da5aee1c64a", "Groups": [], "OwnerId": "043898046743"}, {"Instances": [{"Monitoring": {"State": "disabled"}, "PublicDnsName": "", "Platform": "windows", "State": {"Code": 16, "Name": "running"}, "EbsOptimized": false, "LaunchTime": "2020-04-30T18:19:31+00:00", "PrivateIpAddress": "10.233.15.38", "ProductCodes": [], "VpcId": "vpc-05dff179d55496415", "CpuOptions": {"CoreCount": 1, "ThreadsPerCore": 1}, "StateTransitionReason": "", "InstanceId": "i-0288b466de41fdf80", "EnaSupport": true, "ImageId": "ami-0c278895328cddfdd", "PrivateDnsName": "ip-10-233-15-38.ec2.internal", "KeyName": "temp-billh-keypair", "SecurityGroups": [{"GroupName": "temp-test-azure-agent", "GroupId": "sg-0d6dbb351aca1eb5d"}], "ClientToken": "", "SubnetId": "subnet-01df4022290e915cb", "InstanceType": "t2.micro", "CapacityReservationSpecification": {"CapacityReservationPreference": "open"}, "NetworkInterfaces": [{"Status": "in-use", "MacAddress": "12:47:65:22:f6:5f", "SourceDestCheck": true, "VpcId": "vpc-05dff179d55496415", "Description": "Primary network interface", "NetworkInterfaceId": "eni-0f8cf01bfb69837de", "PrivateIpAddresses": [{"PrivateDnsName": "ip-10-233-15-38.ec2.internal", "Primary": true, "PrivateIpAddress": "10.233.15.38"}], "PrivateDnsName": "ip-10-233-15-38.ec2.internal", "InterfaceType": "interface", "Attachment": {"Status": "attached", "DeviceIndex": 0, "DeleteOnTermination": true, "AttachmentId": "eni-attach-0fa18cd8a0eec9550", "AttachTime": "2020-04-30T18:19:31+00:00"}, "Groups": [{"GroupName": "temp-test-azure-agent", "GroupId": "sg-0d6dbb351aca1eb5d"}], "Ipv6Addresses": [], "OwnerId": "043898046743", "SubnetId": "subnet-01df4022290e915cb", "PrivateIpAddress": "10.233.15.38"}], "SourceDestCheck": true, "Placement": {"Tenancy": "default", "GroupName": "", "AvailabilityZone": "us-east-1d"}, "Hypervisor": "xen", "BlockDeviceMappings": [{"DeviceName": "/dev/sda1", "Ebs": {"Status": "attached", "DeleteOnTermination": true, "VolumeId": "vol-009b73de01482f3df", "AttachTime": "2020-04-30T18:19:32+00:00"}}], "Architecture": "x86_64", "RootDeviceType": "ebs", "IamInstanceProfile": {"Id": "AIPAQUOEHBELUMOPHQCMU", "Arn": "arn:aws:iam::043898046743:instance-profile/AmazonSSMRoleForInstancesQuickSetup"}, "RootDeviceName": "/dev/sda1", "VirtualizationType": "hvm", "Tags": [{"Value": "wiham@amazon.com", "Key": "ApplicationOwner"}, {"Value": "temp-azureAgent-test-Windows", "Key": "Name"}], "HibernationOptions": {"Configured": false}, "MetadataOptions": {"State": "applied", "HttpEndpoint": "enabled", "HttpTokens": "optional", "HttpPutResponseHopLimit": 1}, "AmiLaunchIndex": 0}], "ReservationId": "r-0b6189366545f9496", "Groups": [], "OwnerId": "043898046743"}, {"Instances": [{"Monitoring": {"State": "disabled"}, "PublicDnsName": "", "State": {"Code": 16, "Name": "running"}, "EbsOptimized": false, "LaunchTime": "2020-04-23T18:51:47+00:00", "PrivateIpAddress": "10.233.12.107", "ProductCodes": [], "VpcId": "vpc-05dff179d55496415", "CpuOptions": {"CoreCount": 2, "ThreadsPerCore": 1}, "StateTransitionReason": "", "InstanceId": "i-006ab644df730d293", "EnaSupport": true, "ImageId": "ami-079ed1e1193fae78f", "PrivateDnsName": "ip-10-233-12-107.ec2.internal", "KeyName": "OAG-OKTA", "SecurityGroups": [{"GroupName": "Okta-Access-Gateway-Rules", "GroupId": "sg-01f1f8deb09377c74"}], "ClientToken": "", "SubnetId": "subnet-073ef09df06785144", "InstanceType": "t2.medium", "CapacityReservationSpecification": {"CapacityReservationPreference": "open"}, "NetworkInterfaces": [{"Status": "in-use", "MacAddress": "0a:00:a7:00:d3:15", "SourceDestCheck": true, "VpcId": "vpc-05dff179d55496415", "Description": "Primary network interface", "NetworkInterfaceId": "eni-015d69f3adf03ed41", "PrivateIpAddresses": [{"PrivateDnsName": "ip-10-233-12-107.ec2.internal", "Primary": true, "PrivateIpAddress": "10.233.12.107"}], "PrivateDnsName": "ip-10-233-12-107.ec2.internal", "InterfaceType": "interface", "Attachment": {"Status": "attached", "DeviceIndex": 0, "DeleteOnTermination": true, "AttachmentId": "eni-attach-0acfe4a4a15b7df18", "AttachTime": "2020-04-23T18:51:47+00:00"}, "Groups": [{"GroupName": "Okta-Access-Gateway-Rules", "GroupId": "sg-01f1f8deb09377c74"}], "Ipv6Addresses": [], "OwnerId": "043898046743", "SubnetId": "subnet-073ef09df06785144", "PrivateIpAddress": "10.233.12.107"}], "SourceDestCheck": true, "Placement": {"Tenancy": "default", "GroupName": "", "AvailabilityZone": "us-east-1a"}, "Hypervisor": "xen", "BlockDeviceMappings": [{"DeviceName": "/dev/sda1", "Ebs": {"Status": "attached", "DeleteOnTermination": false, "VolumeId": "vol-041733f9928040c94", "AttachTime": "2020-04-23T18:51:48+00:00"}}], "Architecture": "x86_64", "RootDeviceType": "ebs", "RootDeviceName": "/dev/sda1", "VirtualizationType": "hvm", "Tags": [{"Value": "OKTA-EXT-Dev", "Key": "Name"}], "HibernationOptions": {"Configured": false}, "MetadataOptions": {"State": "applied", "HttpEndpoint": "enabled", "HttpTokens": "optional", "HttpPutResponseHopLimit": 1}, "AmiLaunchIndex": 0}], "ReservationId": "r-08bb82fc3dd33b612", "Groups": [], "OwnerId": "043898046743"}, {"Instances": [{"Monitoring": {"State": "disabled"}, "PublicDnsName": "", "State": {"Code": 16, "Name": "running"}, "EbsOptimized": false, "LaunchTime": "2020-04-23T19:31:35+00:00", "PrivateIpAddress": "10.233.12.66", "ProductCodes": [], "VpcId": "vpc-05dff179d55496415", "CpuOptions": {"CoreCount": 2, "ThreadsPerCore": 1}, "StateTransitionReason": "", "InstanceId": "i-077f454c63e21bc17", "EnaSupport": true, "ImageId": "ami-079ed1e1193fae78f", "PrivateDnsName": "ip-10-233-12-66.ec2.internal", "KeyName": "OAG-OKTA", "SecurityGroups": [{"GroupName": "Okta-Access-Gateway-Rules", "GroupId": "sg-01f1f8deb09377c74"}], "ClientToken": "", "SubnetId": "subnet-073ef09df06785144", "InstanceType": "t2.medium", "CapacityReservationSpecification": {"CapacityReservationPreference": "open"}, "NetworkInterfaces": [{"Status": "in-use", "MacAddress": "0a:a6:5e:b4:a4:13", "SourceDestCheck": true, "VpcId": "vpc-05dff179d55496415", "Description": "Primary network interface", "NetworkInterfaceId": "eni-06d17e97e5d89df48", "PrivateIpAddresses": [{"PrivateDnsName": "ip-10-233-12-66.ec2.internal", "Primary": true, "PrivateIpAddress": "10.233.12.66"}], "PrivateDnsName": "ip-10-233-12-66.ec2.internal", "InterfaceType": "interface", "Attachment": {"Status": "attached", "DeviceIndex": 0, "DeleteOnTermination": true, "AttachmentId": "eni-attach-0d600ada677027032", "AttachTime": "2020-04-23T19:31:35+00:00"}, "Groups": [{"GroupName": "Okta-Access-Gateway-Rules", "GroupId": "sg-01f1f8deb09377c74"}], "Ipv6Addresses": [], "OwnerId": "043898046743", "SubnetId": "subnet-073ef09df06785144", "PrivateIpAddress": "10.233.12.66"}], "SourceDestCheck": true, "Placement": {"Tenancy": "default", "GroupName": "", "AvailabilityZone": "us-east-1a"}, "Hypervisor": "xen", "BlockDeviceMappings": [{"DeviceName": "/dev/sda1", "Ebs": {"Status": "attached", "DeleteOnTermination": false, "VolumeId": "vol-0f6fb408491b4bc3e", "AttachTime": "2020-04-23T19:31:36+00:00"}}], "Architecture": "x86_64", "RootDeviceType": "ebs", "RootDeviceName": "/dev/sda1", "VirtualizationType": "hvm", "Tags": [{"Value": "OKTA-EXT-PreProd", "Key": "Name"}], "HibernationOptions": {"Configured": false}, "MetadataOptions": {"State": "applied", "HttpEndpoint": "enabled", "HttpTokens": "optional", "HttpPutResponseHopLimit": 1}, "AmiLaunchIndex": 0}], "ReservationId": "r-04e20310c4f714084", "Groups": [], "OwnerId": "043898046743"}, {"Instances": [{"Monitoring": {"State": "disabled"}, "PublicDnsName": "", "State": {"Code": 16, "Name": "running"}, "EbsOptimized": false, "LaunchTime": "2020-04-23T19:35:07+00:00", "PrivateIpAddress": "10.233.12.4", "ProductCodes": [], "VpcId": "vpc-05dff179d55496415", "CpuOptions": {"CoreCount": 2, "ThreadsPerCore": 1}, "StateTransitionReason": "", "InstanceId": "i-03dae88eba0e66551", "EnaSupport": true, "ImageId": "ami-079ed1e1193fae78f", "PrivateDnsName": "ip-10-233-12-4.ec2.internal", "KeyName": "OAG-OKTA", "SecurityGroups": [{"GroupName": "Okta-Access-Gateway-Rules", "GroupId": "sg-01f1f8deb09377c74"}], "ClientToken": "", "SubnetId": "subnet-073ef09df06785144", "InstanceType": "t2.medium", "CapacityReservationSpecification": {"CapacityReservationPreference": "open"}, "NetworkInterfaces": [{"Status": "in-use", "MacAddress": "0a:68:aa:11:26:3b", "SourceDestCheck": true, "VpcId": "vpc-05dff179d55496415", "Description": "Primary network interface", "NetworkInterfaceId": "eni-0ec6ffb08b68f44ac", "PrivateIpAddresses": [{"PrivateDnsName": "ip-10-233-12-4.ec2.internal", "Primary": true, "PrivateIpAddress": "10.233.12.4"}], "PrivateDnsName": "ip-10-233-12-4.ec2.internal", "InterfaceType": "interface", "Attachment": {"Status": "attached", "DeviceIndex": 0, "DeleteOnTermination": true, "AttachmentId": "eni-attach-09b062e634d753503", "AttachTime": "2020-04-23T19:35:07+00:00"}, "Groups": [{"GroupName": "Okta-Access-Gateway-Rules", "GroupId": "sg-01f1f8deb09377c74"}], "Ipv6Addresses": [], "OwnerId": "043898046743", "SubnetId": "subnet-073ef09df06785144", "PrivateIpAddress": "10.233.12.4"}], "SourceDestCheck": true, "Placement": {"Tenancy": "default", "GroupName": "", "AvailabilityZone": "us-east-1a"}, "Hypervisor": "xen", "BlockDeviceMappings": [{"DeviceName": "/dev/sda1", "Ebs": {"Status": "attached", "DeleteOnTermination": false, "VolumeId": "vol-0e9efd246cdc6ccf6", "AttachTime": "2020-04-23T19:35:07+00:00"}}], "Architecture": "x86_64", "RootDeviceType": "ebs", "RootDeviceName": "/dev/sda1", "VirtualizationType": "hvm", "Tags": [{"Value": "OKTA-EXT-Prod1", "Key": "Name"}], "HibernationOptions": {"Configured": false}, "MetadataOptions": {"State": "applied", "HttpEndpoint": "enabled", "HttpTokens": "optional", "HttpPutResponseHopLimit": 1}, "AmiLaunchIndex": 0}], "ReservationId": "r-0cfe833091763a8ed", "Groups": [], "OwnerId": "043898046743"}], "ResponseMetadata": {"RetryAttempts": 0, "HTTPStatusCode": 200, "RequestId": "d2c0a4b3-562f-445b-84f7-f3cbb26bf45a", "HTTPHeaders": {"x-amzn-requestid": "d2c0a4b3-562f-445b-84f7-f3cbb26bf45a", "transfer-encoding": "chunked", "vary": "accept-encoding", "server": "AmazonEC2", "date": "Tue, 19 May 2020 15:18:56 GMT", "content-type": "text/xml;charset=UTF-8"}}}}