{"region": "us-east-2", "operation": "DescribeRouteTables", "service": "ec2", "response": {"ResponseMetadata": {"RetryAttempts": 0, "HTTPStatusCode": 200, "RequestId": "6149f411-7f19-46fb-988a-79e5ca58fd51", "HTTPHeaders": {"x-amzn-requestid": "6149f411-7f19-46fb-988a-79e5ca58fd51", "content-length": "2439", "vary": "accept-encoding", "server": "AmazonEC2", "date": "Tue, 19 May 2020 15:20:06 GMT", "content-type": "text/xml;charset=UTF-8"}}, "RouteTables": [{"Associations": [{"AssociationState": {"State": "associated"}, "RouteTableAssociationId": "rtbassoc-081ac05bf5982f723", "Main": true, "RouteTableId": "rtb-0a24ba70d2c7068b5"}], "RouteTableId": "rtb-0a24ba70d2c7068b5", "VpcId": "vpc-0a2672b859b60b366", "PropagatingVgws": [], "Tags": [], "Routes": [{"GatewayId": "local", "DestinationCidrBlock": "10.233.72.0/22", "State": "active", "Origin": "CreateRouteTable"}], "OwnerId": "043898046743"}, {"Associations": [], "RouteTableId": "rtb-01ac2949d71ab9086", "VpcId": "vpc-0a2672b859b60b366", "PropagatingVgws": [], "Tags": [{"Value": "PublicRouteTable", "Key": "aws:cloudformation:logical-id"}, {"Value": "SharedServices-VPC", "Key": "aws:cloudformation:stack-name"}, {"Value": "arn:aws:cloudformation:us-east-2:043898046743:stack/SharedServices-VPC/a97cb7d0-62e4-11ea-8488-0213e0bd929e", "Key": "aws:cloudformation:stack-id"}], "Routes": [{"GatewayId": "local", "DestinationCidrBlock": "10.233.72.0/22", "State": "active", "Origin": "CreateRouteTable"}], "OwnerId": "043898046743"}]}}