{"region": "us-east-1", "operation": "DescribeInstanceStatus", "service": "ec2", "response": {"InstanceStatuses": [{"InstanceId": "i-0a0388e946df86c62", "InstanceState": {"Code": 16, "Name": "running"}, "AvailabilityZone": "us-east-1c", "SystemStatus": {"Status": "ok", "Details": [{"Status": "passed", "Name": "reachability"}]}, "InstanceStatus": {"Status": "ok", "Details": [{"Status": "passed", "Name": "reachability"}]}}, {"InstanceId": "i-0728f06e98cb41178", "InstanceState": {"Code": 16, "Name": "running"}, "AvailabilityZone": "us-east-1c", "SystemStatus": {"Status": "ok", "Details": [{"Status": "passed", "Name": "reachability"}]}, "InstanceStatus": {"Status": "ok", "Details": [{"Status": "passed", "Name": "reachability"}]}}, {"InstanceId": "i-0a8986ba7d05ec05a", "InstanceState": {"Code": 16, "Name": "running"}, "AvailabilityZone": "us-east-1c", "SystemStatus": {"Status": "ok", "Details": [{"Status": "passed", "Name": "reachability"}]}, "InstanceStatus": {"Status": "ok", "Details": [{"Status": "passed", "Name": "reachability"}]}}, {"InstanceId": "i-06bff189b8c823b4d", "InstanceState": {"Code": 16, "Name": "running"}, "AvailabilityZone": "us-east-1c", "SystemStatus": {"Status": "ok", "Details": [{"Status": "passed", "Name": "reachability"}]}, "InstanceStatus": {"Status": "ok", "Details": [{"Status": "passed", "Name": "reachability"}]}}, {"InstanceId": "i-01b8e308f84b80096", "InstanceState": {"Code": 16, "Name": "running"}, "AvailabilityZone": "us-east-1c", "SystemStatus": {"Status": "ok", "Details": [{"Status": "passed", "Name": "reachability"}]}, "InstanceStatus": {"Status": "ok", "Details": [{"Status": "passed", "Name": "reachability"}]}}, {"InstanceId": "i-0dcbde7239c871630", "InstanceState": {"Code": 16, "Name": "running"}, "AvailabilityZone": "us-east-1c", "SystemStatus": {"Status": "ok", "Details": [{"Status": "passed", "Name": "reachability"}]}, "InstanceStatus": {"Status": "ok", "Details": [{"Status": "passed", "Name": "reachability"}]}}, {"InstanceId": "i-0a701a3b183d8ff13", "InstanceState": {"Code": 16, "Name": "running"}, "AvailabilityZone": "us-east-1c", "SystemStatus": {"Status": "ok", "Details": [{"Status": "passed", "Name": "reachability"}]}, "InstanceStatus": {"Status": "ok", "Details": [{"Status": "passed", "Name": "reachability"}]}}, {"InstanceId": "i-0d10e5ca6af69b9ee", "InstanceState": {"Code": 16, "Name": "running"}, "AvailabilityZone": "us-east-1c", "SystemStatus": {"Status": "ok", "Details": [{"Status": "passed", "Name": "reachability"}]}, "InstanceStatus": {"Status": "ok", "Details": [{"Status": "passed", "Name": "reachability"}]}}, {"InstanceId": "i-0753728a43be9a163", "InstanceState": {"Code": 16, "Name": "running"}, "AvailabilityZone": "us-east-1c", "SystemStatus": {"Status": "ok", "Details": [{"Status": "passed", "Name": "reachability"}]}, "InstanceStatus": {"Status": "ok", "Details": [{"Status": "passed", "Name": "reachability"}]}}, {"InstanceId": "i-0f3b31fc441828849", "InstanceState": {"Code": 16, "Name": "running"}, "AvailabilityZone": "us-east-1b", "SystemStatus": {"Status": "ok", "Details": [{"Status": "passed", "Name": "reachability"}]}, "InstanceStatus": {"Status": "ok", "Details": [{"Status": "passed", "Name": "reachability"}]}}, {"InstanceId": "i-0891d7dedaadde439", "InstanceState": {"Code": 16, "Name": "running"}, "AvailabilityZone": "us-east-1b", "SystemStatus": {"Status": "ok", "Details": [{"Status": "passed", "Name": "reachability"}]}, "InstanceStatus": {"Status": "ok", "Details": [{"Status": "passed", "Name": "reachability"}]}}, {"InstanceId": "i-0360d226d51ce48ed", "InstanceState": {"Code": 16, "Name": "running"}, "AvailabilityZone": "us-east-1b", "SystemStatus": {"Status": "ok", "Details": [{"Status": "passed", "Name": "reachability"}]}, "InstanceStatus": {"Status": "ok", "Details": [{"Status": "passed", "Name": "reachability"}]}}, {"InstanceId": "i-0f484108343b74ef8", "InstanceState": {"Code": 16, "Name": "running"}, "AvailabilityZone": "us-east-1b", "SystemStatus": {"Status": "ok", "Details": [{"Status": "passed", "Name": "reachability"}]}, "InstanceStatus": {"Status": "ok", "Details": [{"Status": "passed", "Name": "reachability"}]}}, {"InstanceId": "i-0a5c16d303391679c", "InstanceState": {"Code": 16, "Name": "running"}, "AvailabilityZone": "us-east-1a", "SystemStatus": {"Status": "ok", "Details": [{"Status": "passed", "Name": "reachability"}]}, "InstanceStatus": {"Status": "ok", "Details": [{"Status": "passed", "Name": "reachability"}]}}, {"InstanceId": "i-026309d95a957e5f6", "InstanceState": {"Code": 16, "Name": "running"}, "AvailabilityZone": "us-east-1d", "SystemStatus": {"Status": "ok", "Details": [{"Status": "passed", "Name": "reachability"}]}, "InstanceStatus": {"Status": "ok", "Details": [{"Status": "passed", "Name": "reachability"}]}}, {"InstanceId": "i-0e5f673de9a4664ac", "InstanceState": {"Code": 16, "Name": "running"}, "AvailabilityZone": "us-east-1d", "SystemStatus": {"Status": "ok", "Details": [{"Status": "passed", "Name": "reachability"}]}, "InstanceStatus": {"Status": "ok", "Details": [{"Status": "passed", "Name": "reachability"}]}}, {"InstanceId": "i-0288b466de41fdf80", "InstanceState": {"Code": 16, "Name": "running"}, "AvailabilityZone": "us-east-1d", "SystemStatus": {"Status": "ok", "Details": [{"Status": "passed", "Name": "reachability"}]}, "InstanceStatus": {"Status": "ok", "Details": [{"Status": "passed", "Name": "reachability"}]}}, {"InstanceId": "i-006ab644df730d293", "InstanceState": {"Code": 16, "Name": "running"}, "AvailabilityZone": "us-east-1a", "SystemStatus": {"Status": "ok", "Details": [{"Status": "passed", "Name": "reachability"}]}, "InstanceStatus": {"Status": "ok", "Details": [{"Status": "passed", "Name": "reachability"}]}}, {"InstanceId": "i-077f454c63e21bc17", "InstanceState": {"Code": 16, "Name": "running"}, "AvailabilityZone": "us-east-1a", "SystemStatus": {"Status": "ok", "Details": [{"Status": "passed", "Name": "reachability"}]}, "InstanceStatus": {"Status": "ok", "Details": [{"Status": "passed", "Name": "reachability"}]}}, {"InstanceId": "i-03dae88eba0e66551", "InstanceState": {"Code": 16, "Name": "running"}, "AvailabilityZone": "us-east-1a", "SystemStatus": {"Status": "ok", "Details": [{"Status": "passed", "Name": "reachability"}]}, "InstanceStatus": {"Status": "ok", "Details": [{"Status": "passed", "Name": "reachability"}]}}], "ResponseMetadata": {"RetryAttempts": 0, "HTTPStatusCode": 200, "RequestId": "b491d3cd-25ee-45cf-b1d5-b08dabf25f93", "HTTPHeaders": {"x-amzn-requestid": "b491d3cd-25ee-45cf-b1d5-b08dabf25f93", "transfer-encoding": "chunked", "vary": "accept-encoding", "server": "AmazonEC2", "date": "Tue, 19 May 2020 15:20:10 GMT", "content-type": "text/xml;charset=UTF-8"}}}}