{"region": "us-east-1", "operation": "DescribeNetworkInterfacePermissions", "service": "ec2", "response": {"NetworkInterfacePermissions": [{"NetworkInterfacePermissionId": "eni-perm-076e3e9cc3f28e4b3", "NetworkInterfaceId": "eni-0528c700e2e574dae", "PermissionState": {"State": "GRANTED"}, "AwsService": "routing.hyperplane.us-east-1.amazonaws.com", "Permission": "INSTANCE-ATTACH"}, {"NetworkInterfacePermissionId": "eni-perm-07589b3ff20d18148", "NetworkInterfaceId": "eni-0991da933c9906f36", "PermissionState": {"State": "GRANTED"}, "AwsService": "routing.hyperplane.us-east-1.amazonaws.com", "Permission": "INSTANCE-ATTACH"}, {"NetworkInterfacePermissionId": "eni-perm-05ee23eccf6df13dc", "NetworkInterfaceId": "eni-05af3eea1e2e8f672", "PermissionState": {"State": "GRANTED"}, "AwsService": "routing.hyperplane.us-east-1.amazonaws.com", "Permission": "INSTANCE-ATTACH"}, {"NetworkInterfacePermissionId": "eni-perm-07f9db3701489a5e5", "NetworkInterfaceId": "eni-0f17f6b1a3bc32330", "PermissionState": {"State": "GRANTED"}, "AwsService": "routing.hyperplane.us-east-1.amazonaws.com", "Permission": "INSTANCE-ATTACH"}], "ResponseMetadata": {"RetryAttempts": 0, "HTTPStatusCode": 200, "RequestId": "7d8c1610-2009-4b76-b31e-3318575782af", "HTTPHeaders": {"x-amzn-requestid": "7d8c1610-2009-4b76-b31e-3318575782af", "transfer-encoding": "chunked", "vary": "accept-encoding", "server": "AmazonEC2", "date": "Tue, 19 May 2020 15:18:59 GMT", "content-type": "text/xml;charset=UTF-8"}}}}