{"region": "us-east-2", "operation": "DescribeVolumeStatus", "service": "ec2", "response": {"ResponseMetadata": {"RetryAttempts": 0, "HTTPStatusCode": 200, "RequestId": "d919c442-097c-4805-baef-c8a134775dbd", "HTTPHeaders": {"x-amzn-requestid": "d919c442-097c-4805-baef-c8a134775dbd", "content-length": "5499", "vary": "accept-encoding", "server": "AmazonEC2", "date": "Tue, 19 May 2020 15:20:11 GMT", "content-type": "text/xml;charset=UTF-8"}}, "VolumeStatuses": [{"VolumeStatus": {"Status": "ok", "Details": [{"Status": "passed", "Name": "io-enabled"}, {"Status": "not-applicable", "Name": "io-performance"}]}, "AvailabilityZone": "us-east-2c", "Events": [], "Actions": [], "VolumeId": "vol-09f3da221d323b69d"}, {"VolumeStatus": {"Status": "ok", "Details": [{"Status": "passed", "Name": "io-enabled"}, {"Status": "not-applicable", "Name": "io-performance"}]}, "AvailabilityZone": "us-east-2c", "Events": [], "Actions": [], "VolumeId": "vol-03bb45b0c91642c6f"}, {"VolumeStatus": {"Status": "ok", "Details": [{"Status": "passed", "Name": "io-enabled"}, {"Status": "not-applicable", "Name": "io-performance"}]}, "AvailabilityZone": "us-east-2c", "Events": [], "Actions": [], "VolumeId": "vol-03547ed9ed187259a"}, {"VolumeStatus": {"Status": "ok", "Details": [{"Status": "passed", "Name": "io-enabled"}, {"Status": "not-applicable", "Name": "io-performance"}]}, "AvailabilityZone": "us-east-2c", "Events": [], "Actions": [], "VolumeId": "vol-0b216025618fdf0f6"}, {"VolumeStatus": {"Status": "ok", "Details": [{"Status": "passed", "Name": "io-enabled"}, {"Status": "not-applicable", "Name": "io-performance"}]}, "AvailabilityZone": "us-east-2b", "Events": [], "Actions": [], "VolumeId": "vol-0718c7b56b4d04a00"}, {"VolumeStatus": {"Status": "ok", "Details": [{"Status": "passed", "Name": "io-enabled"}, {"Status": "not-applicable", "Name": "io-performance"}]}, "AvailabilityZone": "us-east-2b", "Events": [], "Actions": [], "VolumeId": "vol-0f58b720f41614750"}, {"VolumeStatus": {"Status": "ok", "Details": [{"Status": "passed", "Name": "io-enabled"}, {"Status": "not-applicable", "Name": "io-performance"}]}, "AvailabilityZone": "us-east-2b", "Events": [], "Actions": [], "VolumeId": "vol-055f8283a400818fc"}, {"VolumeStatus": {"Status": "ok", "Details": [{"Status": "passed", "Name": "io-enabled"}, {"Status": "not-applicable", "Name": "io-performance"}]}, "AvailabilityZone": "us-east-2b", "Events": [], "Actions": [], "VolumeId": "vol-0157943ec326cab2c"}]}}