{"region": "us-east-1", "operation": "DescribeVolumes", "service": "ec2", "response": {"ResponseMetadata": {"RetryAttempts": 0, "HTTPStatusCode": 200, "RequestId": "8e3a7e3e-29cb-45d4-ac6c-bc538da07785", "HTTPHeaders": {"x-amzn-requestid": "8e3a7e3e-29cb-45d4-ac6c-bc538da07785", "transfer-encoding": "chunked", "vary": "accept-encoding", "server": "AmazonEC2", "date": "Tue, 19 May 2020 15:18:46 GMT", "content-type": "text/xml;charset=UTF-8"}}, "Volumes": [{"AvailabilityZone": "us-east-1b", "Attachments": [{"AttachTime": "2020-04-17T12:59:50+00:00", "InstanceId": "i-0f3b31fc441828849", "VolumeId": "vol-066324dbd7b53a8ee", "State": "attached", "DeleteOnTermination": true, "Device": "/dev/sda1"}], "Encrypted": true, "VolumeType": "gp2", "VolumeId": "vol-066324dbd7b53a8ee", "State": "in-use", "KmsKeyId": "arn:aws:kms:us-east-1:043898046743:key/8162c920-85dc-4830-bce4-1810f1f74c9f", "SnapshotId": "snap-097660e4c86077c49", "Iops": 300, "CreateTime": "2020-04-17T12:59:50.862000+00:00", "MultiAttachEnabled": false, "Size": 100}, {"AvailabilityZone": "us-east-1b", "Attachments": [{"AttachTime": "2020-04-17T12:59:50+00:00", "InstanceId": "i-0f3b31fc441828849", "VolumeId": "vol-0a8b03ff25141c623", "State": "attached", "DeleteOnTermination": false, "Device": "xvdb"}], "Encrypted": true, "VolumeType": "gp2", "VolumeId": "vol-0a8b03ff25141c623", "State": "in-use", "KmsKeyId": "arn:aws:kms:us-east-1:043898046743:key/8162c920-85dc-4830-bce4-1810f1f74c9f", "SnapshotId": "", "Iops": 300, "CreateTime": "2020-04-17T12:59:50.569000+00:00", "MultiAttachEnabled": false, "Size": 100}, {"AvailabilityZone": "us-east-1b", "Attachments": [{"AttachTime": "2020-04-17T13:13:09+00:00", "InstanceId": "i-0891d7dedaadde439", "VolumeId": "vol-05c7313baa5fcd299", "State": "attached", "DeleteOnTermination": false, "Device": "xvdb"}], "Encrypted": true, "VolumeType": "gp2", "VolumeId": "vol-05c7313baa5fcd299", "State": "in-use", "KmsKeyId": "arn:aws:kms:us-east-1:043898046743:key/8162c920-85dc-4830-bce4-1810f1f74c9f", "SnapshotId": "", "Iops": 300, "CreateTime": "2020-04-17T13:13:09.325000+00:00", "MultiAttachEnabled": false, "Size": 100}, {"AvailabilityZone": "us-east-1b", "Attachments": [{"AttachTime": "2020-04-17T13:13:09+00:00", "InstanceId": "i-0891d7dedaadde439", "VolumeId": "vol-02eba4c74cfe09658", "State": "attached", "DeleteOnTermination": false, "Device": "/dev/sda1"}], "Encrypted": true, "VolumeType": "gp2", "VolumeId": "vol-02eba4c74cfe09658", "State": "in-use", "KmsKeyId": "arn:aws:kms:us-east-1:043898046743:key/8162c920-85dc-4830-bce4-1810f1f74c9f", "SnapshotId": "snap-0b4312da122f48678", "Iops": 300, "CreateTime": "2020-04-17T13:13:09.627000+00:00", "MultiAttachEnabled": false, "Size": 100}, {"AvailabilityZone": "us-east-1b", "Attachments": [], "Tags": [{"Value": "5", "Key": "Name"}], "Encrypted": true, "VolumeType": "gp2", "VolumeId": "vol-0c052f08957ddbc38", "State": "available", "KmsKeyId": "arn:aws:kms:us-east-1:043898046743:key/8162c920-85dc-4830-bce4-1810f1f74c9f", "SnapshotId": "", "Iops": 300, "CreateTime": "2020-04-17T13:19:24.119000+00:00", "MultiAttachEnabled": false, "Size": 100}, {"AvailabilityZone": "us-east-1b", "Attachments": [], "Encrypted": true, "VolumeType": "gp2", "VolumeId": "vol-0f29194bdcb87c93f", "State": "available", "KmsKeyId": "arn:aws:kms:us-east-1:043898046743:key/8162c920-85dc-4830-bce4-1810f1f74c9f", "SnapshotId": "", "Iops": 300, "CreateTime": "2020-04-17T13:27:07.926000+00:00", "MultiAttachEnabled": false, "Size": 100}, {"AvailabilityZone": "us-east-1b", "Attachments": [], "Encrypted": true, "VolumeType": "gp2", "VolumeId": "vol-063d681778336b161", "State": "available", "KmsKeyId": "arn:aws:kms:us-east-1:043898046743:key/8162c920-85dc-4830-bce4-1810f1f74c9f", "SnapshotId": "snap-0f2a47785565fcca2", "Iops": 300, "CreateTime": "2020-04-17T13:27:08.226000+00:00", "MultiAttachEnabled": false, "Size": 100}, {"AvailabilityZone": "us-east-1b", "Attachments": [{"AttachTime": "2020-04-21T13:55:48+00:00", "InstanceId": "i-058ba9ba9d2340298", "VolumeId": "vol-0b42949fd4318b0eb", "State": "attached", "DeleteOnTermination": true, "Device": "/dev/sda1"}], "Tags": [{"Value": "External-DMZ02", "Key": "Name"}], "Encrypted": true, "VolumeType": "gp2", "VolumeId": "vol-0b42949fd4318b0eb", "State": "in-use", "KmsKeyId": "arn:aws:kms:us-east-1:043898046743:key/8162c920-85dc-4830-bce4-1810f1f74c9f", "SnapshotId": "snap-0546c1500165a308a", "Iops": 300, "CreateTime": "2020-04-21T13:55:48.703000+00:00", "MultiAttachEnabled": false, "Size": 100}, {"AvailabilityZone": "us-east-1b", "Attachments": [{"AttachTime": "2020-04-21T13:55:48+00:00", "InstanceId": "i-058ba9ba9d2340298", "VolumeId": "vol-0ca035133f2ec26d8", "State": "attached", "DeleteOnTermination": false, "Device": "xvdb"}], "Tags": [{"Value": "External-DMZ02", "Key": "Name"}], "Encrypted": true, "VolumeType": "gp2", "VolumeId": "vol-0ca035133f2ec26d8", "State": "in-use", "KmsKeyId": "arn:aws:kms:us-east-1:043898046743:key/8162c920-85dc-4830-bce4-1810f1f74c9f", "SnapshotId": "", "Iops": 300, "CreateTime": "2020-04-21T13:55:48.374000+00:00", "MultiAttachEnabled": false, "Size": 100}, {"AvailabilityZone": "us-east-1b", "Attachments": [{"AttachTime": "2020-04-23T18:45:32+00:00", "InstanceId": "i-0360d226d51ce48ed", "VolumeId": "vol-0636b73f03627e467", "State": "attached", "DeleteOnTermination": false, "Device": "/dev/sda1"}], "Tags": [{"Value": "OKTA-INT-Prod2", "Key": "Name"}], "Encrypted": true, "VolumeType": "gp2", "VolumeId": "vol-0636b73f03627e467", "State": "in-use", "KmsKeyId": "arn:aws:kms:us-east-1:043898046743:key/8162c920-85dc-4830-bce4-1810f1f74c9f", "SnapshotId": "snap-071daa4bd42669d79", "Iops": 660, "CreateTime": "2020-04-23T18:45:32.498000+00:00", "MultiAttachEnabled": false, "Size": 220}, {"AvailabilityZone": "us-east-1b", "Attachments": [{"AttachTime": "2020-04-23T19:42:55+00:00", "InstanceId": "i-0f484108343b74ef8", "VolumeId": "vol-0631cb30ab1348057", "State": "attached", "DeleteOnTermination": false, "Device": "/dev/sda1"}], "Tags": [{"Value": "OKTA-EXT-Prod2", "Key": "Name"}], "Encrypted": true, "VolumeType": "gp2", "VolumeId": "vol-0631cb30ab1348057", "State": "in-use", "KmsKeyId": "arn:aws:kms:us-east-1:043898046743:key/8162c920-85dc-4830-bce4-1810f1f74c9f", "SnapshotId": "snap-071daa4bd42669d79", "Iops": 660, "CreateTime": "2020-04-23T19:42:55.063000+00:00", "MultiAttachEnabled": false, "Size": 220}, {"AvailabilityZone": "us-east-1a", "Attachments": [{"AttachTime": "2020-03-04T18:29:48+00:00", "InstanceId": "i-0a5c16d303391679c", "VolumeId": "vol-083fb56ed8d249c05", "State": "attached", "DeleteOnTermination": true, "Device": "/dev/xvda"}], "Tags": [{"Value": "Temp for tests (Yaniv and Sudhakar)", "Key": "Environment"}, {"Value": "Please delete me", "Key": "Name"}], "Encrypted": true, "VolumeType": "gp2", "VolumeId": "vol-083fb56ed8d249c05", "State": "in-use", "KmsKeyId": "arn:aws:kms:us-east-1:043898046743:key/8162c920-85dc-4830-bce4-1810f1f74c9f", "SnapshotId": "snap-03a475f314b035167", "Iops": 100, "CreateTime": "2020-03-04T18:29:48.538000+00:00", "MultiAttachEnabled": false, "Size": 8}, {"AvailabilityZone": "us-east-1a", "Attachments": [{"AttachTime": "2020-04-01T19:26:49+00:00", "InstanceId": "i-0961f5d86123ac3c5", "VolumeId": "vol-02c6ec585242c05a0", "State": "attached", "DeleteOnTermination": true, "Device": "/dev/sda1"}], "Encrypted": true, "VolumeType": "gp2", "VolumeId": "vol-02c6ec585242c05a0", "State": "in-use", "KmsKeyId": "arn:aws:kms:us-east-1:043898046743:key/8162c920-85dc-4830-bce4-1810f1f74c9f", "SnapshotId": "snap-07f9a809b9c765906", "Iops": 100, "CreateTime": "2020-04-01T19:26:49.629000+00:00", "MultiAttachEnabled": false, "Size": 30}, {"AvailabilityZone": "us-east-1a", "Attachments": [{"AttachTime": "2020-04-08T12:04:56+00:00", "InstanceId": "i-03a5d9a31e7748b58", "VolumeId": "vol-0e6378605872a1724", "State": "attached", "DeleteOnTermination": true, "Device": "/dev/sda1"}], "Tags": [{"Value": "Firewall-Test-VM", "Key": "Name"}], "Encrypted": true, "VolumeType": "gp2", "VolumeId": "vol-0e6378605872a1724", "State": "in-use", "KmsKeyId": "arn:aws:kms:us-east-1:043898046743:key/8162c920-85dc-4830-bce4-1810f1f74c9f", "SnapshotId": "snap-0c1be4e3198861f27", "Iops": 100, "CreateTime": "2020-04-08T12:04:56.526000+00:00", "MultiAttachEnabled": false, "Size": 30}, {"AvailabilityZone": "us-east-1a", "Attachments": [{"AttachTime": "2020-04-23T18:51:48+00:00", "InstanceId": "i-006ab644df730d293", "VolumeId": "vol-041733f9928040c94", "State": "attached", "DeleteOnTermination": false, "Device": "/dev/sda1"}], "Tags": [{"Value": "OKTA-EXT", "Key": "Name"}], "Encrypted": true, "VolumeType": "gp2", "VolumeId": "vol-041733f9928040c94", "State": "in-use", "KmsKeyId": "arn:aws:kms:us-east-1:043898046743:key/8162c920-85dc-4830-bce4-1810f1f74c9f", "SnapshotId": "snap-071daa4bd42669d79", "Iops": 660, "CreateTime": "2020-04-23T18:51:48.405000+00:00", "MultiAttachEnabled": false, "Size": 220}, {"AvailabilityZone": "us-east-1a", "Attachments": [{"AttachTime": "2020-04-23T19:31:36+00:00", "InstanceId": "i-077f454c63e21bc17", "VolumeId": "vol-0f6fb408491b4bc3e", "State": "attached", "DeleteOnTermination": false, "Device": "/dev/sda1"}], "Tags": [{"Value": "OKTA_PRE/PROD", "Key": "Name"}], "Encrypted": true, "VolumeType": "gp2", "VolumeId": "vol-0f6fb408491b4bc3e", "State": "in-use", "KmsKeyId": "arn:aws:kms:us-east-1:043898046743:key/8162c920-85dc-4830-bce4-1810f1f74c9f", "SnapshotId": "snap-071daa4bd42669d79", "Iops": 660, "CreateTime": "2020-04-23T19:31:36.657000+00:00", "MultiAttachEnabled": false, "Size": 220}, {"AvailabilityZone": "us-east-1a", "Attachments": [{"AttachTime": "2020-04-23T19:35:07+00:00", "InstanceId": "i-03dae88eba0e66551", "VolumeId": "vol-0e9efd246cdc6ccf6", "State": "attached", "DeleteOnTermination": false, "Device": "/dev/sda1"}], "Tags": [{"Value": "OKTA-EXT-Prod1", "Key": "Name"}], "Encrypted": true, "VolumeType": "gp2", "VolumeId": "vol-0e9efd246cdc6ccf6", "State": "in-use", "KmsKeyId": "arn:aws:kms:us-east-1:043898046743:key/8162c920-85dc-4830-bce4-1810f1f74c9f", "SnapshotId": "snap-071daa4bd42669d79", "Iops": 660, "CreateTime": "2020-04-23T19:35:07.828000+00:00", "MultiAttachEnabled": false, "Size": 220}, {"AvailabilityZone": "us-east-1d", "Attachments": [], "Encrypted": true, "VolumeType": "gp2", "VolumeId": "vol-0749c70740076642b", "State": "available", "KmsKeyId": "arn:aws:kms:us-east-1:043898046743:key/8162c920-85dc-4830-bce4-1810f1f74c9f", "SnapshotId": "snap-0b3fa1f28abd97e17", "Iops": 300, "CreateTime": "2020-04-29T15:12:51.734000+00:00", "MultiAttachEnabled": false, "Size": 100}, {"AvailabilityZone": "us-east-1d", "Attachments": [], "Encrypted": true, "VolumeType": "gp2", "VolumeId": "vol-09b3a2ec278843baf", "State": "available", "KmsKeyId": "arn:aws:kms:us-east-1:043898046743:key/8162c920-85dc-4830-bce4-1810f1f74c9f", "SnapshotId": "", "Iops": 6000, "CreateTime": "2020-04-29T15:12:51.837000+00:00", "MultiAttachEnabled": false, "Size": 2000}, {"AvailabilityZone": "us-east-1d", "Attachments": [{"AttachTime": "2020-04-29T18:49:40+00:00", "InstanceId": "i-026309d95a957e5f6", "VolumeId": "vol-02cc84d8727a873fd", "State": "attached", "DeleteOnTermination": false, "Device": "/dev/xvda"}], "Encrypted": true, "VolumeType": "gp2", "VolumeId": "vol-02cc84d8727a873fd", "State": "in-use", "KmsKeyId": "arn:aws:kms:us-east-1:043898046743:key/8162c920-85dc-4830-bce4-1810f1f74c9f", "SnapshotId": "snap-0b3fa1f28abd97e17", "Iops": 243, "CreateTime": "2020-04-29T18:49:40.749000+00:00", "MultiAttachEnabled": false, "Size": 81}, {"AvailabilityZone": "us-east-1d", "Attachments": [{"AttachTime": "2020-04-30T16:02:24+00:00", "InstanceId": "i-0e5f673de9a4664ac", "VolumeId": "vol-0d5ed63f4ef1db449", "State": "attached", "DeleteOnTermination": true, "Device": "/dev/xvda"}], "Tags": [{"Value": "wiham@amazon.com", "Key": "ApplicationOwner"}], "Encrypted": true, "VolumeType": "gp2", "VolumeId": "vol-0d5ed63f4ef1db449", "State": "in-use", "KmsKeyId": "arn:aws:kms:us-east-1:043898046743:key/8162c920-85dc-4830-bce4-1810f1f74c9f", "SnapshotId": "snap-0e1167baa50e9c0ff", "Iops": 100, "CreateTime": "2020-04-30T16:02:24.684000+00:00", "MultiAttachEnabled": false, "Size": 8}, {"AvailabilityZone": "us-east-1d", "Attachments": [{"AttachTime": "2020-04-30T18:19:32+00:00", "InstanceId": "i-0288b466de41fdf80", "VolumeId": "vol-009b73de01482f3df", "State": "attached", "DeleteOnTermination": true, "Device": "/dev/sda1"}], "Tags": [{"Value": "temp-azureAgent-test-Windows", "Key": "Name"}, {"Value": "wiham@amazon.com", "Key": "ApplicationOwner"}], "Encrypted": true, "VolumeType": "gp2", "VolumeId": "vol-009b73de01482f3df", "State": "in-use", "KmsKeyId": "arn:aws:kms:us-east-1:043898046743:key/8162c920-85dc-4830-bce4-1810f1f74c9f", "SnapshotId": "snap-08499d65f7dc898c0", "Iops": 100, "CreateTime": "2020-04-30T18:19:32.384000+00:00", "MultiAttachEnabled": false, "Size": 30}, {"AvailabilityZone": "us-east-1c", "Attachments": [{"AttachTime": "2020-03-13T16:08:00+00:00", "InstanceId": "i-0155b55df525813a0", "VolumeId": "vol-01fad23f6cdd3788a", "State": "attached", "DeleteOnTermination": true, "Device": "/dev/sda1"}], "Tags": [{"Value": "wiham@amazon.com", "Key": "ApplicationOwner"}, {"Value": "temp-azureAgent-test", "Key": "Name"}], "Encrypted": true, "VolumeType": "gp2", "VolumeId": "vol-01fad23f6cdd3788a", "State": "in-use", "KmsKeyId": "arn:aws:kms:us-east-1:043898046743:key/8162c920-85dc-4830-bce4-1810f1f74c9f", "SnapshotId": "snap-0e078112eedeec9db", "Iops": 100, "CreateTime": "2020-03-13T16:08:00.559000+00:00", "MultiAttachEnabled": false, "Size": 8}, {"AvailabilityZone": "us-east-1c", "Attachments": [], "Tags": [{"Value": "linuxBoxTest", "Key": "Name"}], "Encrypted": true, "VolumeType": "gp2", "VolumeId": "vol-06c6d1c5ad42eda4b", "State": "available", "KmsKeyId": "arn:aws:kms:us-east-1:043898046743:key/8162c920-85dc-4830-bce4-1810f1f74c9f", "SnapshotId": "snap-0e27a39c6e2f9f079", "Iops": 100, "CreateTime": "2020-03-16T14:46:11.147000+00:00", "MultiAttachEnabled": false, "Size": 8}, {"AvailabilityZone": "us-east-1c", "Attachments": [{"AttachTime": "2020-04-17T12:56:29+00:00", "InstanceId": "i-0a0388e946df86c62", "VolumeId": "vol-01b7f6fb56bc47866", "State": "attached", "DeleteOnTermination": false, "Device": "/dev/sda1"}], "Tags": [{"Value": "1", "Key": "Name"}], "Encrypted": true, "VolumeType": "gp2", "VolumeId": "vol-01b7f6fb56bc47866", "State": "in-use", "KmsKeyId": "arn:aws:kms:us-east-1:043898046743:key/8162c920-85dc-4830-bce4-1810f1f74c9f", "SnapshotId": "snap-0f027139b717b0512", "Iops": 300, "CreateTime": "2020-04-17T12:56:29.696000+00:00", "MultiAttachEnabled": false, "Size": 100}, {"AvailabilityZone": "us-east-1c", "Attachments": [{"AttachTime": "2020-04-17T12:56:29+00:00", "InstanceId": "i-0a0388e946df86c62", "VolumeId": "vol-0ee188d7b2467f450", "State": "attached", "DeleteOnTermination": false, "Device": "xvdb"}], "Tags": [{"Value": "1", "Key": "Name"}], "Encrypted": true, "VolumeType": "gp2", "VolumeId": "vol-0ee188d7b2467f450", "State": "in-use", "KmsKeyId": "arn:aws:kms:us-east-1:043898046743:key/8162c920-85dc-4830-bce4-1810f1f74c9f", "SnapshotId": "", "Iops": 300, "CreateTime": "2020-04-17T12:56:29.346000+00:00", "MultiAttachEnabled": false, "Size": 100}, {"AvailabilityZone": "us-east-1c", "Attachments": [{"AttachTime": "2020-04-17T13:10:17+00:00", "InstanceId": "i-0728f06e98cb41178", "VolumeId": "vol-0845900f757e8affc", "State": "attached", "DeleteOnTermination": false, "Device": "xvdb"}], "Encrypted": true, "VolumeType": "gp2", "VolumeId": "vol-0845900f757e8affc", "State": "in-use", "KmsKeyId": "arn:aws:kms:us-east-1:043898046743:key/8162c920-85dc-4830-bce4-1810f1f74c9f", "SnapshotId": "", "Iops": 300, "CreateTime": "2020-04-17T13:10:17.306000+00:00", "MultiAttachEnabled": false, "Size": 100}, {"AvailabilityZone": "us-east-1c", "Attachments": [{"AttachTime": "2020-04-17T13:10:17+00:00", "InstanceId": "i-0728f06e98cb41178", "VolumeId": "vol-0a8fc74d6e40a9a74", "State": "attached", "DeleteOnTermination": true, "Device": "/dev/sda1"}], "Encrypted": true, "VolumeType": "gp2", "VolumeId": "vol-0a8fc74d6e40a9a74", "State": "in-use", "KmsKeyId": "arn:aws:kms:us-east-1:043898046743:key/8162c920-85dc-4830-bce4-1810f1f74c9f", "SnapshotId": "snap-0f7dde5c998b8fb74", "Iops": 300, "CreateTime": "2020-04-17T13:10:17.630000+00:00", "MultiAttachEnabled": false, "Size": 100}, {"AvailabilityZone": "us-east-1c", "Attachments": [], "Tags": [{"Value": "55", "Key": "Name"}], "Encrypted": true, "VolumeType": "gp2", "VolumeId": "vol-09e4ef0f5dfee8f34", "State": "available", "KmsKeyId": "arn:aws:kms:us-east-1:043898046743:key/8162c920-85dc-4830-bce4-1810f1f74c9f", "SnapshotId": "", "Iops": 300, "CreateTime": "2020-04-17T13:23:35.721000+00:00", "MultiAttachEnabled": false, "Size": 100}, {"AvailabilityZone": "us-east-1c", "Attachments": [], "Tags": [{"Value": "55", "Key": "Name"}], "Encrypted": true, "VolumeType": "gp2", "VolumeId": "vol-0e186d7836504a444", "State": "available", "KmsKeyId": "arn:aws:kms:us-east-1:043898046743:key/8162c920-85dc-4830-bce4-1810f1f74c9f", "SnapshotId": "snap-0b03e3f4e5404d2d0", "Iops": 300, "CreateTime": "2020-04-17T13:23:36.013000+00:00", "MultiAttachEnabled": false, "Size": 100}, {"AvailabilityZone": "us-east-1c", "Attachments": [{"AttachTime": "2020-04-21T13:48:58+00:00", "InstanceId": "i-095e5628f91e61b80", "VolumeId": "vol-0dffc025bef3b4c12", "State": "attached", "DeleteOnTermination": false, "Device": "/dev/sda1"}], "Tags": [{"Value": "External-DMZ01", "Key": "Name"}], "Encrypted": true, "VolumeType": "gp2", "VolumeId": "vol-0dffc025bef3b4c12", "State": "in-use", "KmsKeyId": "arn:aws:kms:us-east-1:043898046743:key/8162c920-85dc-4830-bce4-1810f1f74c9f", "SnapshotId": "snap-0a181078c1592605b", "Iops": 300, "CreateTime": "2020-04-21T13:48:58.531000+00:00", "MultiAttachEnabled": false, "Size": 100}, {"AvailabilityZone": "us-east-1c", "Attachments": [{"AttachTime": "2020-04-21T13:48:58+00:00", "InstanceId": "i-095e5628f91e61b80", "VolumeId": "vol-036d8488375db1624", "State": "attached", "DeleteOnTermination": false, "Device": "xvdb"}], "Tags": [{"Value": "External-DMZ01", "Key": "Name"}], "Encrypted": true, "VolumeType": "gp2", "VolumeId": "vol-036d8488375db1624", "State": "in-use", "KmsKeyId": "arn:aws:kms:us-east-1:043898046743:key/8162c920-85dc-4830-bce4-1810f1f74c9f", "SnapshotId": "", "Iops": 300, "CreateTime": "2020-04-21T13:48:58.216000+00:00", "MultiAttachEnabled": false, "Size": 100}, {"AvailabilityZone": "us-east-1c", "Attachments": [{"AttachTime": "2020-04-23T18:25:38+00:00", "InstanceId": "i-0a8986ba7d05ec05a", "VolumeId": "vol-0db10ec61df7f8a15", "State": "attached", "DeleteOnTermination": false, "Device": "/dev/sda1"}], "Tags": [{"Value": "OKTAS", "Key": "Name"}], "Encrypted": true, "VolumeType": "gp2", "VolumeId": "vol-0db10ec61df7f8a15", "State": "in-use", "KmsKeyId": "arn:aws:kms:us-east-1:043898046743:key/8162c920-85dc-4830-bce4-1810f1f74c9f", "SnapshotId": "snap-071daa4bd42669d79", "Iops": 660, "CreateTime": "2020-04-23T18:25:38.672000+00:00", "MultiAttachEnabled": false, "Size": 220}, {"AvailabilityZone": "us-east-1c", "Attachments": [{"AttachTime": "2020-04-23T18:25:38+00:00", "InstanceId": "i-06bff189b8c823b4d", "VolumeId": "vol-030747dd72fe98de0", "State": "attached", "DeleteOnTermination": false, "Device": "/dev/sda1"}], "Tags": [{"Value": "OKTAS", "Key": "Name"}], "Encrypted": true, "VolumeType": "gp2", "VolumeId": "vol-030747dd72fe98de0", "State": "in-use", "KmsKeyId": "arn:aws:kms:us-east-1:043898046743:key/8162c920-85dc-4830-bce4-1810f1f74c9f", "SnapshotId": "snap-071daa4bd42669d79", "Iops": 660, "CreateTime": "2020-04-23T18:25:38.578000+00:00", "MultiAttachEnabled": false, "Size": 220}, {"AvailabilityZone": "us-east-1c", "Attachments": [{"AttachTime": "2020-04-23T18:25:38+00:00", "InstanceId": "i-01b8e308f84b80096", "VolumeId": "vol-0140ae9c7c4e7a4a5", "State": "attached", "DeleteOnTermination": false, "Device": "/dev/sda1"}], "Tags": [{"Value": "OKTAS", "Key": "Name"}], "Encrypted": true, "VolumeType": "gp2", "VolumeId": "vol-0140ae9c7c4e7a4a5", "State": "in-use", "KmsKeyId": "arn:aws:kms:us-east-1:043898046743:key/8162c920-85dc-4830-bce4-1810f1f74c9f", "SnapshotId": "snap-071daa4bd42669d79", "Iops": 660, "CreateTime": "2020-04-23T18:25:38.588000+00:00", "MultiAttachEnabled": false, "Size": 220}, {"AvailabilityZone": "us-east-1c", "Attachments": [{"AttachTime": "2020-04-23T18:44:20+00:00", "InstanceId": "i-0dcbde7239c871630", "VolumeId": "vol-070761aaa0ce2aeb4", "State": "attached", "DeleteOnTermination": false, "Device": "/dev/sda1"}], "Tags": [{"Value": "OKTA-INT-Prod1", "Key": "Name"}], "Encrypted": true, "VolumeType": "gp2", "VolumeId": "vol-070761aaa0ce2aeb4", "State": "in-use", "KmsKeyId": "arn:aws:kms:us-east-1:043898046743:key/8162c920-85dc-4830-bce4-1810f1f74c9f", "SnapshotId": "snap-071daa4bd42669d79", "Iops": 660, "CreateTime": "2020-04-23T18:44:20.782000+00:00", "MultiAttachEnabled": false, "Size": 220}, {"AvailabilityZone": "us-east-1c", "Attachments": [{"AttachTime": "2020-05-01T19:35:15+00:00", "InstanceId": "i-0a701a3b183d8ff13", "VolumeId": "vol-0d0e2ef3831ee3b69", "State": "attached", "DeleteOnTermination": false, "Device": "/dev/sda1"}], "Tags": [{"Value": "wiham@amazon.com", "Key": "ApplicationOwner"}, {"Value": "temp-azureAgent-test-centOS", "Key": "Name"}], "Encrypted": true, "VolumeType": "gp2", "VolumeId": "vol-0d0e2ef3831ee3b69", "State": "in-use", "KmsKeyId": "arn:aws:kms:us-east-1:043898046743:key/8162c920-85dc-4830-bce4-1810f1f74c9f", "SnapshotId": "snap-071daa4bd42669d79", "Iops": 660, "CreateTime": "2020-05-01T19:35:15.677000+00:00", "MultiAttachEnabled": false, "Size": 220}, {"AvailabilityZone": "us-east-1c", "Attachments": [], "Tags": [{"Value": "OKTA-TEST-PLZ-DELETE", "Key": "Name"}], "Encrypted": true, "VolumeType": "gp2", "VolumeId": "vol-01f9ff3155a1ef91d", "State": "available", "KmsKeyId": "arn:aws:kms:us-east-1:043898046743:key/8162c920-85dc-4830-bce4-1810f1f74c9f", "SnapshotId": "snap-071daa4bd42669d79", "Iops": 660, "CreateTime": "2020-05-07T20:19:41.507000+00:00", "MultiAttachEnabled": false, "Size": 220}, {"AvailabilityZone": "us-east-1c", "Attachments": [{"AttachTime": "2020-05-13T15:25:37+00:00", "InstanceId": "i-0d10e5ca6af69b9ee", "VolumeId": "vol-059c2fa43587aee14", "State": "attached", "DeleteOnTermination": false, "Device": "/dev/xvda"}], "Tags": [{"Value": "LinuxTest", "Key": "Name"}], "Encrypted": true, "VolumeType": "gp2", "VolumeId": "vol-059c2fa43587aee14", "State": "in-use", "KmsKeyId": "arn:aws:kms:us-east-1:043898046743:key/8162c920-85dc-4830-bce4-1810f1f74c9f", "SnapshotId": "snap-0e1167baa50e9c0ff", "Iops": 100, "CreateTime": "2020-05-13T15:14:32.374000+00:00", "MultiAttachEnabled": false, "Size": 8}, {"AvailabilityZone": "us-east-1c", "Attachments": [{"AttachTime": "2020-05-19T15:08:11+00:00", "InstanceId": "i-0753728a43be9a163", "VolumeId": "vol-0d3256120df173996", "State": "attached", "DeleteOnTermination": true, "Device": "/dev/xvda"}], "Tags": [{"Value": "AWS-List-All3", "Key": "Name"}], "Encrypted": true, "VolumeType": "gp2", "VolumeId": "vol-0d3256120df173996", "State": "in-use", "KmsKeyId": "arn:aws:kms:us-east-1:043898046743:key/8162c920-85dc-4830-bce4-1810f1f74c9f", "SnapshotId": "snap-0e1167baa50e9c0ff", "Iops": 100, "CreateTime": "2020-05-19T15:08:11.636000+00:00", "MultiAttachEnabled": false, "Size": 8}]}}