{"region": "us-east-2", "operation": "DescribeTransitGatewayAttachments", "service": "ec2", "response": {"TransitGatewayAttachments": [{"ResourceOwnerId": "043898046743", "TransitGatewayAttachmentId": "tgw-attach-09a268085760299e5", "ResourceType": "vpc", "ResourceId": "vpc-0a2672b859b60b366", "Tags": [{"Value": "SharedServices-VPC", "Key": "Name"}], "CreationTime": "2020-05-12T18:37:14+00:00", "State": "available", "TransitGatewayId": "tgw-0609533038cf5f42e", "TransitGatewayOwnerId": "396880251169", "Association": {"State": "associated", "TransitGatewayRouteTableId": "tgw-rtb-0e84577c20028ef4d"}}], "ResponseMetadata": {"RetryAttempts": 0, "HTTPStatusCode": 200, "RequestId": "b44274b3-d53a-46cb-9fab-d31249a4b481", "HTTPHeaders": {"x-amzn-requestid": "b44274b3-d53a-46cb-9fab-d31249a4b481", "transfer-encoding": "chunked", "vary": "accept-encoding", "server": "AmazonEC2", "date": "Tue, 19 May 2020 15:18:36 GMT", "content-type": "text/xml;charset=UTF-8"}}}}