{"region": "ap-northeast-1", "operation": "DescribeInstanceTypeOfferings", "service": "ec2", "response": {"ResponseMetadata": {"RetryAttempts": 0, "HTTPStatusCode": 200, "RequestId": "0b5ce0b7-f5c6-453f-a1ff-e5789edf4f18", "HTTPHeaders": {"x-amzn-requestid": "0b5ce0b7-f5c6-453f-a1ff-e5789edf4f18", "transfer-encoding": "chunked", "vary": "accept-encoding", "server": "AmazonEC2", "date": "Tue, 19 May 2020 15:18:26 GMT", "content-type": "text/xml;charset=UTF-8"}}, "InstanceTypeOfferings": [{"LocationType": "region", "InstanceType": "t3a.large", "Location": "ap-northeast-1"}, {"LocationType": "region", "InstanceType": "z1d.large", "Location": "ap-northeast-1"}, {"LocationType": "region", "InstanceType": "z1d.3xlarge", "Location": "ap-northeast-1"}, {"LocationType": "region", "InstanceType": "i3en.6xlarge", "Location": "ap-northeast-1"}, {"LocationType": "region", "InstanceType": "z1d.2xlarge", "Location": "ap-northeast-1"}, {"LocationType": "region", "InstanceType": "a1.2xlarge", "Location": "ap-northeast-1"}, {"LocationType": "region", "InstanceType": "c5.9xlarge", "Location": "ap-northeast-1"}, {"LocationType": "region", "InstanceType": "c1.xlarge", "Location": "ap-northeast-1"}, {"LocationType": "region", "InstanceType": "m5ad.2xlarge", "Location": "ap-northeast-1"}, {"LocationType": "region", "InstanceType": "m6g.8xlarge", "Location": "ap-northeast-1"}, {"LocationType": "region", "InstanceType": "r5dn.2xlarge", "Location": "ap-northeast-1"}, {"LocationType": "region", "InstanceType": "g4dn.2xlarge", "Location": "ap-northeast-1"}, {"LocationType": "region", "InstanceType": "c5n.4xlarge", "Location": "ap-northeast-1"}, {"LocationType": "region", "InstanceType": "c5.metal", "Location": "ap-northeast-1"}, {"LocationType": "region", "InstanceType": "m3.xlarge", "Location": "ap-northeast-1"}, {"LocationType": "region", "InstanceType": "r3.4xlarge", "Location": "ap-northeast-1"}, {"LocationType": "region", "InstanceType": "i3.4xlarge", "Location": "ap-northeast-1"}, {"LocationType": "region", "InstanceType": "r5.2xlarge", "Location": "ap-northeast-1"}, {"LocationType": "region", "InstanceType": "r4.2xlarge", "Location": "ap-northeast-1"}, {"LocationType": "region", "InstanceType": "m5a.24xlarge", "Location": "ap-northeast-1"}, {"LocationType": "region", "InstanceType": "m5d.4xlarge", "Location": "ap-northeast-1"}, {"LocationType": "region", "InstanceType": "t2.micro", "Location": "ap-northeast-1"}, {"LocationType": "region", "InstanceType": "t3.nano", "Location": "ap-northeast-1"}, {"LocationType": "region", "InstanceType": "m6g.large", "Location": "ap-northeast-1"}, {"LocationType": "region", "InstanceType": "r4.large", "Location": "ap-northeast-1"}, {"LocationType": "region", "InstanceType": "m5d.16xlarge", "Location": "ap-northeast-1"}, {"LocationType": "region", "InstanceType": "r5.metal", "Location": "ap-northeast-1"}, {"LocationType": "region", "InstanceType": "a1.medium", "Location": "ap-northeast-1"}, {"LocationType": "region", "InstanceType": "p3.8xlarge", "Location": "ap-northeast-1"}, {"LocationType": "region", "InstanceType": "m5ad.xlarge", "Location": "ap-northeast-1"}, {"LocationType": "region", "InstanceType": "z1d.6xlarge", "Location": "ap-northeast-1"}, {"LocationType": "region", "InstanceType": "x1.16xlarge", "Location": "ap-northeast-1"}, {"LocationType": "region", "InstanceType": "t3a.medium", "Location": "ap-northeast-1"}, {"LocationType": "region", "InstanceType": "a1.large", "Location": "ap-northeast-1"}, {"LocationType": "region", "InstanceType": "r5n.12xlarge", "Location": "ap-northeast-1"}, {"LocationType": "region", "InstanceType": "g2.2xlarge", "Location": "ap-northeast-1"}, {"LocationType": "region", "InstanceType": "i3.xlarge", "Location": "ap-northeast-1"}, {"LocationType": "region", "InstanceType": "r5d.16xlarge", "Location": "ap-northeast-1"}, {"LocationType": "region", "InstanceType": "c5n.2xlarge", "Location": "ap-northeast-1"}, {"LocationType": "region", "InstanceType": "r5dn.12xlarge", "Location": "ap-northeast-1"}, {"LocationType": "region", "InstanceType": "r5.large", "Location": "ap-northeast-1"}, {"LocationType": "region", "InstanceType": "c5d.18xlarge", "Location": "ap-northeast-1"}, {"LocationType": "region", "InstanceType": "r5a.24xlarge", "Location": "ap-northeast-1"}, {"LocationType": "region", "InstanceType": "i3.large", "Location": "ap-northeast-1"}, {"LocationType": "region", "InstanceType": "c5n.large", "Location": "ap-northeast-1"}, {"LocationType": "region", "InstanceType": "m4.4xlarge", "Location": "ap-northeast-1"}, {"LocationType": "region", "InstanceType": "g4dn.16xlarge", "Location": "ap-northeast-1"}, {"LocationType": "region", "InstanceType": "m5.2xlarge", "Location": "ap-northeast-1"}, {"LocationType": "region", "InstanceType": "t3a.xlarge", "Location": "ap-northeast-1"}, {"LocationType": "region", "InstanceType": "m6g.metal", "Location": "ap-northeast-1"}, {"LocationType": "region", "InstanceType": "m5n.xlarge", "Location": "ap-northeast-1"}, {"LocationType": "region", "InstanceType": "m5n.2xlarge", "Location": "ap-northeast-1"}, {"LocationType": "region", "InstanceType": "m5a.xlarge", "Location": "ap-northeast-1"}, {"LocationType": "region", "InstanceType": "r5d.xlarge", "Location": "ap-northeast-1"}, {"LocationType": "region", "InstanceType": "m5a.8xlarge", "Location": "ap-northeast-1"}, {"LocationType": "region", "InstanceType": "c3.large", "Location": "ap-northeast-1"}, {"LocationType": "region", "InstanceType": "m5d.24xlarge", "Location": "ap-northeast-1"}, {"LocationType": "region", "InstanceType": "m5.metal", "Location": "ap-northeast-1"}, {"LocationType": "region", "InstanceType": "r5n.8xlarge", "Location": "ap-northeast-1"}, {"LocationType": "region", "InstanceType": "m5d.2xlarge", "Location": "ap-northeast-1"}, {"LocationType": "region", "InstanceType": "m5a.16xlarge", "Location": "ap-northeast-1"}, {"LocationType": "region", "InstanceType": "m6g.16xlarge", "Location": "ap-northeast-1"}, {"LocationType": "region", "InstanceType": "m6g.xlarge", "Location": "ap-northeast-1"}, {"LocationType": "region", "InstanceType": "m5.12xlarge", "Location": "ap-northeast-1"}, {"LocationType": "region", "InstanceType": "i3en.large", "Location": "ap-northeast-1"}, {"LocationType": "region", "InstanceType": "i3en.12xlarge", "Location": "ap-northeast-1"}, {"LocationType": "region", "InstanceType": "r4.8xlarge", "Location": "ap-northeast-1"}, {"LocationType": "region", "InstanceType": "c3.4xlarge", "Location": "ap-northeast-1"}, {"LocationType": "region", "InstanceType": "i3.16xlarge", "Location": "ap-northeast-1"}, {"LocationType": "region", "InstanceType": "m1.xlarge", "Location": "ap-northeast-1"}, {"LocationType": "region", "InstanceType": "m5d.metal", "Location": "ap-northeast-1"}, {"LocationType": "region", "InstanceType": "z1d.metal", "Location": "ap-northeast-1"}, {"LocationType": "region", "InstanceType": "r4.xlarge", "Location": "ap-northeast-1"}, {"LocationType": "region", "InstanceType": "m2.4xlarge", "Location": "ap-northeast-1"}, {"LocationType": "region", "InstanceType": "c5.large", "Location": "ap-northeast-1"}, {"LocationType": "region", "InstanceType": "a1.4xlarge", "Location": "ap-northeast-1"}, {"LocationType": "region", "InstanceType": "r5d.large", "Location": "ap-northeast-1"}, {"LocationType": "region", "InstanceType": "r5n.16xlarge", "Location": "ap-northeast-1"}, {"LocationType": "region", "InstanceType": "i3en.metal", "Location": "ap-northeast-1"}, {"LocationType": "region", "InstanceType": "r5.16xlarge", "Location": "ap-northeast-1"}, {"LocationType": "region", "InstanceType": "c5.2xlarge", "Location": "ap-northeast-1"}, {"LocationType": "region", "InstanceType": "c5d.2xlarge", "Location": "ap-northeast-1"}, {"LocationType": "region", "InstanceType": "t2.nano", "Location": "ap-northeast-1"}, {"LocationType": "region", "InstanceType": "r5ad.2xlarge", "Location": "ap-northeast-1"}, {"LocationType": "region", "InstanceType": "r3.2xlarge", "Location": "ap-northeast-1"}, {"LocationType": "region", "InstanceType": "c4.2xlarge", "Location": "ap-northeast-1"}, {"LocationType": "region", "InstanceType": "x1e.8xlarge", "Location": "ap-northeast-1"}, {"LocationType": "region", "InstanceType": "x1e.4xlarge", "Location": "ap-northeast-1"}, {"LocationType": "region", "InstanceType": "r4.16xlarge", "Location": "ap-northeast-1"}, {"LocationType": "region", "InstanceType": "r5ad.12xlarge", "Location": "ap-northeast-1"}, {"LocationType": "region", "InstanceType": "m5n.8xlarge", "Location": "ap-northeast-1"}, {"LocationType": "region", "InstanceType": "m5dn.xlarge", "Location": "ap-northeast-1"}, {"LocationType": "region", "InstanceType": "cc2.8xlarge", "Location": "ap-northeast-1"}, {"LocationType": "region", "InstanceType": "r5n.2xlarge", "Location": "ap-northeast-1"}, {"LocationType": "region", "InstanceType": "t3.micro", "Location": "ap-northeast-1"}, {"LocationType": "region", "InstanceType": "m5.24xlarge", "Location": "ap-northeast-1"}, {"LocationType": "region", "InstanceType": "r5.4xlarge", "Location": "ap-northeast-1"}, {"LocationType": "region", "InstanceType": "r5n.24xlarge", "Location": "ap-northeast-1"}, {"LocationType": "region", "InstanceType": "m5a.large", "Location": "ap-northeast-1"}, {"LocationType": "region", "InstanceType": "m5.xlarge", "Location": "ap-northeast-1"}, {"LocationType": "region", "InstanceType": "r5d.2xlarge", "Location": "ap-northeast-1"}, {"LocationType": "region", "InstanceType": "z1d.12xlarge", "Location": "ap-northeast-1"}, {"LocationType": "region", "InstanceType": "r5a.large", "Location": "ap-northeast-1"}, {"LocationType": "region", "InstanceType": "r5dn.4xlarge", "Location": "ap-northeast-1"}, {"LocationType": "region", "InstanceType": "c3.xlarge", "Location": "ap-northeast-1"}, {"LocationType": "region", "InstanceType": "m5n.16xlarge", "Location": "ap-northeast-1"}, {"LocationType": "region", "InstanceType": "c3.2xlarge", "Location": "ap-northeast-1"}, {"LocationType": "region", "InstanceType": "g3s.xlarge", "Location": "ap-northeast-1"}, {"LocationType": "region", "InstanceType": "i3.metal", "Location": "ap-northeast-1"}, {"LocationType": "region", "InstanceType": "c4.4xlarge", "Location": "ap-northeast-1"}, {"LocationType": "region", "InstanceType": "r5d.12xlarge", "Location": "ap-northeast-1"}, {"LocationType": "region", "InstanceType": "m3.medium", "Location": "ap-northeast-1"}, {"LocationType": "region", "InstanceType": "c5d.12xlarge", "Location": "ap-northeast-1"}, {"LocationType": "region", "InstanceType": "m6g.12xlarge", "Location": "ap-northeast-1"}, {"LocationType": "region", "InstanceType": "m4.large", "Location": "ap-northeast-1"}, {"LocationType": "region", "InstanceType": "m5d.8xlarge", "Location": "ap-northeast-1"}, {"LocationType": "region", "InstanceType": "m5dn.4xlarge", "Location": "ap-northeast-1"}, {"LocationType": "region", "InstanceType": "r5dn.8xlarge", "Location": "ap-northeast-1"}, {"LocationType": "region", "InstanceType": "m4.10xlarge", "Location": "ap-northeast-1"}, {"LocationType": "region", "InstanceType": "t3.small", "Location": "ap-northeast-1"}, {"LocationType": "region", "InstanceType": "i2.2xlarge", "Location": "ap-northeast-1"}, {"LocationType": "region", "InstanceType": "z1d.xlarge", "Location": "ap-northeast-1"}, {"LocationType": "region", "InstanceType": "g4dn.12xlarge", "Location": "ap-northeast-1"}, {"LocationType": "region", "InstanceType": "r5n.xlarge", "Location": "ap-northeast-1"}, {"LocationType": "region", "InstanceType": "r5ad.16xlarge", "Location": "ap-northeast-1"}, {"LocationType": "region", "InstanceType": "c5.12xlarge", "Location": "ap-northeast-1"}, {"LocationType": "region", "InstanceType": "r4.4xlarge", "Location": "ap-northeast-1"}, {"LocationType": "region", "InstanceType": "m1.small", "Location": "ap-northeast-1"}, {"LocationType": "region", "InstanceType": "c5.xlarge", "Location": "ap-northeast-1"}, {"LocationType": "region", "InstanceType": "c5n.18xlarge", "Location": "ap-northeast-1"}, {"LocationType": "region", "InstanceType": "m5d.large", "Location": "ap-northeast-1"}, {"LocationType": "region", "InstanceType": "x1e.16xlarge", "Location": "ap-northeast-1"}, {"LocationType": "region", "InstanceType": "m5d.12xlarge", "Location": "ap-northeast-1"}, {"LocationType": "region", "InstanceType": "g3.4xlarge", "Location": "ap-northeast-1"}, {"LocationType": "region", "InstanceType": "r5dn.large", "Location": "ap-northeast-1"}, {"LocationType": "region", "InstanceType": "m5ad.8xlarge", "Location": "ap-northeast-1"}, {"LocationType": "region", "InstanceType": "r5d.metal", "Location": "ap-northeast-1"}, {"LocationType": "region", "InstanceType": "m1.large", "Location": "ap-northeast-1"}, {"LocationType": "region", "InstanceType": "i3en.3xlarge", "Location": "ap-northeast-1"}, {"LocationType": "region", "InstanceType": "m5n.large", "Location": "ap-northeast-1"}, {"LocationType": "region", "InstanceType": "d2.2xlarge", "Location": "ap-northeast-1"}, {"LocationType": "region", "InstanceType": "m5a.2xlarge", "Location": "ap-northeast-1"}, {"LocationType": "region", "InstanceType": "i3en.24xlarge", "Location": "ap-northeast-1"}, {"LocationType": "region", "InstanceType": "g2.8xlarge", "Location": "ap-northeast-1"}, {"LocationType": "region", "InstanceType": "a1.xlarge", "Location": "ap-northeast-1"}, {"LocationType": "region", "InstanceType": "r5dn.24xlarge", "Location": "ap-northeast-1"}, {"LocationType": "region", "InstanceType": "g4dn.4xlarge", "Location": "ap-northeast-1"}, {"LocationType": "region", "InstanceType": "m6g.medium", "Location": "ap-northeast-1"}, {"LocationType": "region", "InstanceType": "t1.micro", "Location": "ap-northeast-1"}, {"LocationType": "region", "InstanceType": "t3a.nano", "Location": "ap-northeast-1"}, {"LocationType": "region", "InstanceType": "r5a.xlarge", "Location": "ap-northeast-1"}, {"LocationType": "region", "InstanceType": "r5dn.16xlarge", "Location": "ap-northeast-1"}, {"LocationType": "region", "InstanceType": "c5d.4xlarge", "Location": "ap-northeast-1"}, {"LocationType": "region", "InstanceType": "m5n.24xlarge", "Location": "ap-northeast-1"}, {"LocationType": "region", "InstanceType": "c5.4xlarge", "Location": "ap-northeast-1"}, {"LocationType": "region", "InstanceType": "r5.12xlarge", "Location": "ap-northeast-1"}, {"LocationType": "region", "InstanceType": "i3en.xlarge", "Location": "ap-northeast-1"}, {"LocationType": "region", "InstanceType": "i2.xlarge", "Location": "ap-northeast-1"}, {"LocationType": "region", "InstanceType": "c5.24xlarge", "Location": "ap-northeast-1"}, {"LocationType": "region", "InstanceType": "x1.32xlarge", "Location": "ap-northeast-1"}, {"LocationType": "region", "InstanceType": "t3a.2xlarge", "Location": "ap-northeast-1"}, {"LocationType": "region", "InstanceType": "t3.medium", "Location": "ap-northeast-1"}, {"LocationType": "region", "InstanceType": "t2.2xlarge", "Location": "ap-northeast-1"}, {"LocationType": "region", "InstanceType": "r5ad.large", "Location": "ap-northeast-1"}, {"LocationType": "region", "InstanceType": "r3.large", "Location": "ap-northeast-1"}, {"LocationType": "region", "InstanceType": "t3a.micro", "Location": "ap-northeast-1"}, {"LocationType": "region", "InstanceType": "m5ad.24xlarge", "Location": "ap-northeast-1"}, {"LocationType": "region", "InstanceType": "x1e.32xlarge", "Location": "ap-northeast-1"}, {"LocationType": "region", "InstanceType": "m5dn.12xlarge", "Location": "ap-northeast-1"}, {"LocationType": "region", "InstanceType": "m5.4xlarge", "Location": "ap-northeast-1"}, {"LocationType": "region", "InstanceType": "p3.16xlarge", "Location": "ap-northeast-1"}, {"LocationType": "region", "InstanceType": "m5dn.24xlarge", "Location": "ap-northeast-1"}, {"LocationType": "region", "InstanceType": "m1.medium", "Location": "ap-northeast-1"}, {"LocationType": "region", "InstanceType": "g4dn.xlarge", "Location": "ap-northeast-1"}, {"LocationType": "region", "InstanceType": "c5.18xlarge", "Location": "ap-northeast-1"}, {"LocationType": "region", "InstanceType": "m6g.4xlarge", "Location": "ap-northeast-1"}, {"LocationType": "region", "InstanceType": "m5a.12xlarge", "Location": "ap-northeast-1"}, {"LocationType": "region", "InstanceType": "m5ad.16xlarge", "Location": "ap-northeast-1"}, {"LocationType": "region", "InstanceType": "r5a.2xlarge", "Location": "ap-northeast-1"}, {"LocationType": "region", "InstanceType": "r3.xlarge", "Location": "ap-northeast-1"}, {"LocationType": "region", "InstanceType": "m5.large", "Location": "ap-northeast-1"}, {"LocationType": "region", "InstanceType": "p3.2xlarge", "Location": "ap-northeast-1"}, {"LocationType": "region", "InstanceType": "d2.xlarge", "Location": "ap-northeast-1"}, {"LocationType": "region", "InstanceType": "m5n.12xlarge", "Location": "ap-northeast-1"}, {"LocationType": "region", "InstanceType": "d2.8xlarge", "Location": "ap-northeast-1"}, {"LocationType": "region", "InstanceType": "c5n.9xlarge", "Location": "ap-northeast-1"}, {"LocationType": "region", "InstanceType": "c4.large", "Location": "ap-northeast-1"}, {"LocationType": "region", "InstanceType": "r5d.24xlarge", "Location": "ap-northeast-1"}, {"LocationType": "region", "InstanceType": "t2.small", "Location": "ap-northeast-1"}, {"LocationType": "region", "InstanceType": "m4.xlarge", "Location": "ap-northeast-1"}, {"LocationType": "region", "InstanceType": "a1.metal", "Location": "ap-northeast-1"}, {"LocationType": "region", "InstanceType": "t3.xlarge", "Location": "ap-northeast-1"}, {"LocationType": "region", "InstanceType": "r5n.large", "Location": "ap-northeast-1"}, {"LocationType": "region", "InstanceType": "r5ad.8xlarge", "Location": "ap-northeast-1"}, {"LocationType": "region", "InstanceType": "m5n.4xlarge", "Location": "ap-northeast-1"}, {"LocationType": "region", "InstanceType": "m4.2xlarge", "Location": "ap-northeast-1"}, {"LocationType": "region", "InstanceType": "t3a.small", "Location": "ap-northeast-1"}, {"LocationType": "region", "InstanceType": "g4dn.8xlarge", "Location": "ap-northeast-1"}, {"LocationType": "region", "InstanceType": "m5dn.large", "Location": "ap-northeast-1"}, {"LocationType": "region", "InstanceType": "m3.2xlarge", "Location": "ap-northeast-1"}, {"LocationType": "region", "InstanceType": "i3.2xlarge", "Location": "ap-northeast-1"}, {"LocationType": "region", "InstanceType": "m5dn.16xlarge", "Location": "ap-northeast-1"}, {"LocationType": "region", "InstanceType": "r5a.4xlarge", "Location": "ap-northeast-1"}, {"LocationType": "region", "InstanceType": "p2.8xlarge", "Location": "ap-northeast-1"}, {"LocationType": "region", "InstanceType": "m3.large", "Location": "ap-northeast-1"}, {"LocationType": "region", "InstanceType": "r5a.12xlarge", "Location": "ap-northeast-1"}, {"LocationType": "region", "InstanceType": "c5d.metal", "Location": "ap-northeast-1"}, {"LocationType": "region", "InstanceType": "m4.16xlarge", "Location": "ap-northeast-1"}, {"LocationType": "region", "InstanceType": "m5a.4xlarge", "Location": "ap-northeast-1"}, {"LocationType": "region", "InstanceType": "i3en.2xlarge", "Location": "ap-northeast-1"}, {"LocationType": "region", "InstanceType": "r5d.4xlarge", "Location": "ap-northeast-1"}, {"LocationType": "region", "InstanceType": "c5d.9xlarge", "Location": "ap-northeast-1"}, {"LocationType": "region", "InstanceType": "d2.4xlarge", "Location": "ap-northeast-1"}, {"LocationType": "region", "InstanceType": "m5ad.4xlarge", "Location": "ap-northeast-1"}, {"LocationType": "region", "InstanceType": "m6g.2xlarge", "Location": "ap-northeast-1"}, {"LocationType": "region", "InstanceType": "r5a.16xlarge", "Location": "ap-northeast-1"}, {"LocationType": "region", "InstanceType": "r5a.8xlarge", "Location": "ap-northeast-1"}, {"LocationType": "region", "InstanceType": "r5.24xlarge", "Location": "ap-northeast-1"}, {"LocationType": "region", "InstanceType": "c5d.large", "Location": "ap-northeast-1"}, {"LocationType": "region", "InstanceType": "r5.8xlarge", "Location": "ap-northeast-1"}, {"LocationType": "region", "InstanceType": "t2.large", "Location": "ap-northeast-1"}, {"LocationType": "region", "InstanceType": "r5d.8xlarge", "Location": "ap-northeast-1"}, {"LocationType": "region", "InstanceType": "t2.xlarge", "Location": "ap-northeast-1"}, {"LocationType": "region", "InstanceType": "g3.8xlarge", "Location": "ap-northeast-1"}, {"LocationType": "region", "InstanceType": "x1e.xlarge", "Location": "ap-northeast-1"}, {"LocationType": "region", "InstanceType": "i2.8xlarge", "Location": "ap-northeast-1"}, {"LocationType": "region", "InstanceType": "r3.8xlarge", "Location": "ap-northeast-1"}, {"LocationType": "region", "InstanceType": "p3dn.24xlarge", "Location": "ap-northeast-1"}, {"LocationType": "region", "InstanceType": "c5d.xlarge", "Location": "ap-northeast-1"}, {"LocationType": "region", "InstanceType": "r5ad.24xlarge", "Location": "ap-northeast-1"}, {"LocationType": "region", "InstanceType": "c1.medium", "Location": "ap-northeast-1"}, {"LocationType": "region", "InstanceType": "r5ad.4xlarge", "Location": "ap-northeast-1"}, {"LocationType": "region", "InstanceType": "c5n.metal", "Location": "ap-northeast-1"}, {"LocationType": "region", "InstanceType": "g3.16xlarge", "Location": "ap-northeast-1"}, {"LocationType": "region", "InstanceType": "c5n.xlarge", "Location": "ap-northeast-1"}, {"LocationType": "region", "InstanceType": "c3.8xlarge", "Location": "ap-northeast-1"}, {"LocationType": "region", "InstanceType": "r5.xlarge", "Location": "ap-northeast-1"}, {"LocationType": "region", "InstanceType": "m2.2xlarge", "Location": "ap-northeast-1"}, {"LocationType": "region", "InstanceType": "x1e.2xlarge", "Location": "ap-northeast-1"}, {"LocationType": "region", "InstanceType": "t3.large", "Location": "ap-northeast-1"}, {"LocationType": "region", "InstanceType": "m5d.xlarge", "Location": "ap-northeast-1"}, {"LocationType": "region", "InstanceType": "m5ad.large", "Location": "ap-northeast-1"}, {"LocationType": "region", "InstanceType": "m5.8xlarge", "Location": "ap-northeast-1"}, {"LocationType": "region", "InstanceType": "t3.2xlarge", "Location": "ap-northeast-1"}, {"LocationType": "region", "InstanceType": "c5d.24xlarge", "Location": "ap-northeast-1"}, {"LocationType": "region", "InstanceType": "i2.4xlarge", "Location": "ap-northeast-1"}, {"LocationType": "region", "InstanceType": "r5n.4xlarge", "Location": "ap-northeast-1"}, {"LocationType": "region", "InstanceType": "m5dn.2xlarge", "Location": "ap-northeast-1"}, {"LocationType": "region", "InstanceType": "c4.8xlarge", "Location": "ap-northeast-1"}, {"LocationType": "region", "InstanceType": "i3.8xlarge", "Location": "ap-northeast-1"}, {"LocationType": "region", "InstanceType": "m5dn.8xlarge", "Location": "ap-northeast-1"}, {"LocationType": "region", "InstanceType": "p2.16xlarge", "Location": "ap-northeast-1"}, {"LocationType": "region", "InstanceType": "m5ad.12xlarge", "Location": "ap-northeast-1"}, {"LocationType": "region", "InstanceType": "r5ad.xlarge", "Location": "ap-northeast-1"}, {"LocationType": "region", "InstanceType": "m5.16xlarge", "Location": "ap-northeast-1"}, {"LocationType": "region", "InstanceType": "p2.xlarge", "Location": "ap-northeast-1"}, {"LocationType": "region", "InstanceType": "r5dn.xlarge", "Location": "ap-northeast-1"}, {"LocationType": "region", "InstanceType": "c4.xlarge", "Location": "ap-northeast-1"}, {"LocationType": "region", "InstanceType": "m2.xlarge", "Location": "ap-northeast-1"}, {"LocationType": "region", "InstanceType": "t2.medium", "Location": "ap-northeast-1"}]}}