{"region": "us-east-2", "operation": "DescribeVpcs", "service": "ec2", "response": {"Vpcs": [{"VpcId": "vpc-0a2672b859b60b366", "InstanceTenancy": "default", "Tags": [{"Value": "VPC", "Key": "aws:cloudformation:logical-id"}, {"Value": "SharedServices-VPC", "Key": "Name"}, {"Value": "SharedServices-VPC", "Key": "aws:cloudformation:stack-name"}, {"Value": "arn:aws:cloudformation:us-east-2:043898046743:stack/SharedServices-VPC/a97cb7d0-62e4-11ea-8488-0213e0bd929e", "Key": "aws:cloudformation:stack-id"}], "CidrBlockAssociationSet": [{"AssociationId": "vpc-cidr-assoc-093d01d408bf0d229", "CidrBlock": "10.233.72.0/22", "CidrBlockState": {"State": "associated"}}], "State": "available", "DhcpOptionsId": "dopt-6107dd0a", "OwnerId": "043898046743", "CidrBlock": "10.233.72.0/22", "IsDefault": false}], "ResponseMetadata": {"RetryAttempts": 0, "HTTPStatusCode": 200, "RequestId": "8dadea28-547f-4160-9bcf-02e6f2ce2c37", "HTTPHeaders": {"x-amzn-requestid": "8dadea28-547f-4160-9bcf-02e6f2ce2c37", "date": "Tue, 19 May 2020 15:18:06 GMT", "content-length": "1718", "content-type": "text/xml;charset=UTF-8", "server": "AmazonEC2"}}}}