{"region": "us-east-1", "operation": "DescribeSubnets", "service": "ec2", "response": {"Subnets": [{"MapPublicIpOnLaunch": false, "AvailabilityZoneId": "use1-az1", "Tags": [{"Value": "INT3-AZ3", "Key": "Name"}], "AvailableIpAddressCount": 111, "DefaultForAz": false, "SubnetArn": "arn:aws:ec2:us-east-1:043898046743:subnet/subnet-0b09149c97eff827d", "Ipv6CidrBlockAssociationSet": [], "VpcId": "vpc-05dff179d55496415", "MapCustomerOwnedIpOnLaunch": false, "AvailabilityZone": "us-east-1c", "SubnetId": "subnet-0b09149c97eff827d", "OwnerId": "043898046743", "CidrBlock": "10.233.14.128/25", "State": "available", "AssignIpv6AddressOnCreation": false}, {"MapPublicIpOnLaunch": false, "AvailabilityZoneId": "use1-az2", "Tags": [{"Value": "EXT4-AZ4", "Key": "Name"}], "AvailableIpAddressCount": 120, "DefaultForAz": false, "SubnetArn": "arn:aws:ec2:us-east-1:043898046743:subnet/subnet-01df4022290e915cb", "Ipv6CidrBlockAssociationSet": [], "VpcId": "vpc-05dff179d55496415", "MapCustomerOwnedIpOnLaunch": false, "AvailabilityZone": "us-east-1d", "SubnetId": "subnet-01df4022290e915cb", "OwnerId": "043898046743", "CidrBlock": "10.233.15.0/25", "State": "available", "AssignIpv6AddressOnCreation": false}, {"MapPublicIpOnLaunch": false, "AvailabilityZoneId": "use1-az1", "Tags": [{"Value": "EXT3-AZ3", "Key": "Name"}], "AvailableIpAddressCount": 123, "DefaultForAz": false, "SubnetArn": "arn:aws:ec2:us-east-1:043898046743:subnet/subnet-00dfbcd0b6e1cfdc3", "Ipv6CidrBlockAssociationSet": [], "VpcId": "vpc-05dff179d55496415", "MapCustomerOwnedIpOnLaunch": false, "AvailabilityZone": "us-east-1c", "SubnetId": "subnet-00dfbcd0b6e1cfdc3", "OwnerId": "043898046743", "CidrBlock": "10.233.13.0/25", "State": "available", "AssignIpv6AddressOnCreation": false}, {"MapPublicIpOnLaunch": false, "AvailabilityZoneId": "use1-az4", "Tags": [{"Value": "EXT1-AZ1", "Key": "Name"}], "AvailableIpAddressCount": 118, "DefaultForAz": false, "SubnetArn": "arn:aws:ec2:us-east-1:043898046743:subnet/subnet-073ef09df06785144", "Ipv6CidrBlockAssociationSet": [], "VpcId": "vpc-05dff179d55496415", "MapCustomerOwnedIpOnLaunch": false, "AvailabilityZone": "us-east-1a", "SubnetId": "subnet-073ef09df06785144", "OwnerId": "043898046743", "CidrBlock": "10.233.12.0/25", "State": "available", "AssignIpv6AddressOnCreation": false}, {"MapPublicIpOnLaunch": false, "AvailabilityZoneId": "use1-az6", "Tags": [{"Value": "INT2-AZ2", "Key": "Name"}], "AvailableIpAddressCount": 118, "DefaultForAz": false, "SubnetArn": "arn:aws:ec2:us-east-1:043898046743:subnet/subnet-0b79fc122ee8c2d6b", "Ipv6CidrBlockAssociationSet": [], "VpcId": "vpc-05dff179d55496415", "MapCustomerOwnedIpOnLaunch": false, "AvailabilityZone": "us-east-1b", "SubnetId": "subnet-0b79fc122ee8c2d6b", "OwnerId": "043898046743", "CidrBlock": "10.233.14.0/25", "State": "available", "AssignIpv6AddressOnCreation": false}, {"MapPublicIpOnLaunch": false, "AvailabilityZoneId": "use1-az6", "Tags": [{"Value": "EXT2-AZ2", "Key": "Name"}], "AvailableIpAddressCount": 122, "DefaultForAz": false, "SubnetArn": "arn:aws:ec2:us-east-1:043898046743:subnet/subnet-0efbb46377d374389", "Ipv6CidrBlockAssociationSet": [], "VpcId": "vpc-05dff179d55496415", "MapCustomerOwnedIpOnLaunch": false, "AvailabilityZone": "us-east-1b", "SubnetId": "subnet-0efbb46377d374389", "OwnerId": "043898046743", "CidrBlock": "10.233.12.128/25", "State": "available", "AssignIpv6AddressOnCreation": false}, {"MapPublicIpOnLaunch": false, "AvailabilityZoneId": "use1-az2", "Tags": [{"Value": "INT4-AZ4", "Key": "Name"}], "AvailableIpAddressCount": 122, "DefaultForAz": false, "SubnetArn": "arn:aws:ec2:us-east-1:043898046743:subnet/subnet-04eed47a74ec8e925", "Ipv6CidrBlockAssociationSet": [], "VpcId": "vpc-05dff179d55496415", "MapCustomerOwnedIpOnLaunch": false, "AvailabilityZone": "us-east-1d", "SubnetId": "subnet-04eed47a74ec8e925", "OwnerId": "043898046743", "CidrBlock": "10.233.15.128/25", "State": "available", "AssignIpv6AddressOnCreation": false}, {"MapPublicIpOnLaunch": false, "AvailabilityZoneId": "use1-az4", "Tags": [{"Value": "INT1-AZ1", "Key": "Name"}], "AvailableIpAddressCount": 121, "DefaultForAz": false, "SubnetArn": "arn:aws:ec2:us-east-1:043898046743:subnet/subnet-06fdc7df220e648cc", "Ipv6CidrBlockAssociationSet": [], "VpcId": "vpc-05dff179d55496415", "MapCustomerOwnedIpOnLaunch": false, "AvailabilityZone": "us-east-1a", "SubnetId": "subnet-06fdc7df220e648cc", "OwnerId": "043898046743", "CidrBlock": "10.233.13.128/25", "State": "available", "AssignIpv6AddressOnCreation": false}], "ResponseMetadata": {"RetryAttempts": 0, "HTTPStatusCode": 200, "RequestId": "4efac02c-33af-454c-9637-61c012d61fa1", "HTTPHeaders": {"x-amzn-requestid": "4efac02c-33af-454c-9637-61c012d61fa1", "transfer-encoding": "chunked", "vary": "accept-encoding", "server": "AmazonEC2", "date": "Tue, 19 May 2020 15:20:10 GMT", "content-type": "text/xml;charset=UTF-8"}}}}