{"region": "us-east-1", "operation": "DescribeTags", "service": "ec2", "response": {"ResponseMetadata": {"RetryAttempts": 0, "HTTPStatusCode": 200, "RequestId": "a6736b95-feab-45e7-886d-3c5fabaf27fe", "HTTPHeaders": {"x-amzn-requestid": "a6736b95-feab-45e7-886d-3c5fabaf27fe", "transfer-encoding": "chunked", "vary": "accept-encoding", "server": "AmazonEC2", "date": "Tue, 19 May 2020 15:20:07 GMT", "content-type": "text/xml;charset=UTF-8"}}, "Tags": [{"ResourceType": "snapshot", "ResourceId": "snap-000a7432dbc9efffe", "Value": "policy-07604b9922975b181", "Key": "aws:dlm:lifecycle-policy-id"}, {"ResourceType": "snapshot", "ResourceId": "snap-000a7432dbc9efffe", "Value": "Default Schedule", "Key": "aws:dlm:lifecycle-schedule-name"}, {"ResourceType": "snapshot", "ResourceId": "snap-000a7432dbc9efffe", "Value": "i-0f3b31fc441828849", "Key": "instance-id"}, {"ResourceType": "snapshot", "ResourceId": "snap-000a7432dbc9efffe", "Value": "2020-05-18T20:52:31.728Z", "Key": "timestamp"}, {"ResourceType": "snapshot", "ResourceId": "snap-0041677591fb6ffde", "Value": "policy-07604b9922975b181", "Key": "aws:dlm:lifecycle-policy-id"}, {"ResourceType": "snapshot", "ResourceId": "snap-0041677591fb6ffde", "Value": "Default Schedule", "Key": "aws:dlm:lifecycle-schedule-name"}, {"ResourceType": "snapshot", "ResourceId": "snap-0041677591fb6ffde", "Value": "i-0891d7dedaadde439", "Key": "instance-id"}, {"ResourceType": "snapshot", "ResourceId": "snap-0041677591fb6ffde", "Value": "2020-05-19T14:52:36.804Z", "Key": "timestamp"}, {"ResourceType": "snapshot", "ResourceId": "snap-006fe49f9f14d912a", "Value": "policy-07604b9922975b181", "Key": "aws:dlm:lifecycle-policy-id"}, {"ResourceType": "snapshot", "ResourceId": "snap-006fe49f9f14d912a", "Value": "Default Schedule", "Key": "aws:dlm:lifecycle-schedule-name"}, {"ResourceType": "snapshot", "ResourceId": "snap-006fe49f9f14d912a", "Value": "i-0728f06e98cb41178", "Key": "instance-id"}, {"ResourceType": "snapshot", "ResourceId": "snap-006fe49f9f14d912a", "Value": "2020-05-18T20:52:31.224Z", "Key": "timestamp"}, {"ResourceType": "snapshot", "ResourceId": "snap-00b2cc0fec554841d", "Value": "policy-07604b9922975b181", "Key": "aws:dlm:lifecycle-policy-id"}, {"ResourceType": "snapshot", "ResourceId": "snap-00b2cc0fec554841d", "Value": "Default Schedule", "Key": "aws:dlm:lifecycle-schedule-name"}, {"ResourceType": "snapshot", "ResourceId": "snap-00b2cc0fec554841d", "Value": "i-0a0388e946df86c62", "Key": "instance-id"}, {"ResourceType": "snapshot", "ResourceId": "snap-00b2cc0fec554841d", "Value": "2020-05-19T08:46:24.608Z", "Key": "timestamp"}, {"ResourceType": "snapshot", "ResourceId": "snap-00f823379edafccda", "Value": "policy-07604b9922975b181", "Key": "aws:dlm:lifecycle-policy-id"}, {"ResourceType": "snapshot", "ResourceId": "snap-00f823379edafccda", "Value": "Default Schedule", "Key": "aws:dlm:lifecycle-schedule-name"}, {"ResourceType": "snapshot", "ResourceId": "snap-00f823379edafccda", "Value": "i-0728f06e98cb41178", "Key": "instance-id"}, {"ResourceType": "snapshot", "ResourceId": "snap-00f823379edafccda", "Value": "2020-05-19T14:52:35.718Z", "Key": "timestamp"}, {"ResourceType": "snapshot", "ResourceId": "snap-014f0b642672d6f17", "Value": "policy-07604b9922975b181", "Key": "aws:dlm:lifecycle-policy-id"}, {"ResourceType": "snapshot", "ResourceId": "snap-014f0b642672d6f17", "Value": "Default Schedule", "Key": "aws:dlm:lifecycle-schedule-name"}, {"ResourceType": "snapshot", "ResourceId": "snap-014f0b642672d6f17", "Value": "i-0891d7dedaadde439", "Key": "instance-id"}, {"ResourceType": "snapshot", "ResourceId": "snap-014f0b642672d6f17", "Value": "2020-05-19T02:42:57.083Z", "Key": "timestamp"}, {"ResourceType": "snapshot", "ResourceId": "snap-02191a4d386dcf6a7", "Value": "policy-07604b9922975b181", "Key": "aws:dlm:lifecycle-policy-id"}, {"ResourceType": "snapshot", "ResourceId": "snap-02191a4d386dcf6a7", "Value": "Default Schedule", "Key": "aws:dlm:lifecycle-schedule-name"}, {"ResourceType": "snapshot", "ResourceId": "snap-02191a4d386dcf6a7", "Value": "i-0f3b31fc441828849", "Key": "instance-id"}, {"ResourceType": "snapshot", "ResourceId": "snap-02191a4d386dcf6a7", "Value": "2020-05-19T02:42:56.645Z", "Key": "timestamp"}, {"ResourceType": "snapshot", "ResourceId": "snap-0230ae8aabf498b3f", "Value": "policy-07604b9922975b181", "Key": "aws:dlm:lifecycle-policy-id"}, {"ResourceType": "snapshot", "ResourceId": "snap-0230ae8aabf498b3f", "Value": "Default Schedule", "Key": "aws:dlm:lifecycle-schedule-name"}, {"ResourceType": "snapshot", "ResourceId": "snap-0230ae8aabf498b3f", "Value": "i-0a0388e946df86c62", "Key": "instance-id"}, {"ResourceType": "snapshot", "ResourceId": "snap-0230ae8aabf498b3f", "Value": "2020-05-19T14:52:34.991Z", "Key": "timestamp"}, {"ResourceType": "snapshot", "ResourceId": "snap-02a4d028cf7005ecd", "Value": "policy-07604b9922975b181", "Key": "aws:dlm:lifecycle-policy-id"}, {"ResourceType": "snapshot", "ResourceId": "snap-02a4d028cf7005ecd", "Value": "Default Schedule", "Key": "aws:dlm:lifecycle-schedule-name"}, {"ResourceType": "snapshot", "ResourceId": "snap-02a4d028cf7005ecd", "Value": "i-0a0388e946df86c62", "Key": "instance-id"}, {"ResourceType": "snapshot", "ResourceId": "snap-02a4d028cf7005ecd", "Value": "2020-05-18T20:52:30.485Z", "Key": "timestamp"}, {"ResourceType": "snapshot", "ResourceId": "snap-02d9384570e1f1dba", "Value": "policy-07604b9922975b181", "Key": "aws:dlm:lifecycle-policy-id"}, {"ResourceType": "snapshot", "ResourceId": "snap-02d9384570e1f1dba", "Value": "Default Schedule", "Key": "aws:dlm:lifecycle-schedule-name"}, {"ResourceType": "snapshot", "ResourceId": "snap-02d9384570e1f1dba", "Value": "i-0f3b31fc441828849", "Key": "instance-id"}, {"ResourceType": "snapshot", "ResourceId": "snap-02d9384570e1f1dba", "Value": "2020-05-19T08:46:25.700Z", "Key": "timestamp"}, {"ResourceType": "snapshot", "ResourceId": "snap-039c47efb1f9d30f8", "Value": "policy-07604b9922975b181", "Key": "aws:dlm:lifecycle-policy-id"}, {"ResourceType": "snapshot", "ResourceId": "snap-039c47efb1f9d30f8", "Value": "Default Schedule", "Key": "aws:dlm:lifecycle-schedule-name"}, {"ResourceType": "snapshot", "ResourceId": "snap-039c47efb1f9d30f8", "Value": "i-0891d7dedaadde439", "Key": "instance-id"}, {"ResourceType": "snapshot", "ResourceId": "snap-039c47efb1f9d30f8", "Value": "2020-05-19T08:46:26.174Z", "Key": "timestamp"}, {"ResourceType": "snapshot", "ResourceId": "snap-040d400317d3aaa9b", "Value": "policy-07604b9922975b181", "Key": "aws:dlm:lifecycle-policy-id"}, {"ResourceType": "snapshot", "ResourceId": "snap-040d400317d3aaa9b", "Value": "Default Schedule", "Key": "aws:dlm:lifecycle-schedule-name"}, {"ResourceType": "snapshot", "ResourceId": "snap-040d400317d3aaa9b", "Value": "i-0f3b31fc441828849", "Key": "instance-id"}, {"ResourceType": "snapshot", "ResourceId": "snap-040d400317d3aaa9b", "Value": "2020-05-19T02:42:56.645Z", "Key": "timestamp"}, {"ResourceType": "snapshot", "ResourceId": "snap-042114dfde8f8f2af", "Value": "policy-07604b9922975b181", "Key": "aws:dlm:lifecycle-policy-id"}, {"ResourceType": "snapshot", "ResourceId": "snap-042114dfde8f8f2af", "Value": "Default Schedule", "Key": "aws:dlm:lifecycle-schedule-name"}, {"ResourceType": "snapshot", "ResourceId": "snap-042114dfde8f8f2af", "Value": "i-0891d7dedaadde439", "Key": "instance-id"}, {"ResourceType": "snapshot", "ResourceId": "snap-042114dfde8f8f2af", "Value": "2020-05-18T20:52:32.262Z", "Key": "timestamp"}, {"ResourceType": "snapshot", "ResourceId": "snap-05cf5c70e0afa8da6", "Value": "policy-07604b9922975b181", "Key": "aws:dlm:lifecycle-policy-id"}, {"ResourceType": "snapshot", "ResourceId": "snap-05cf5c70e0afa8da6", "Value": "Default Schedule", "Key": "aws:dlm:lifecycle-schedule-name"}, {"ResourceType": "snapshot", "ResourceId": "snap-05cf5c70e0afa8da6", "Value": "i-0f3b31fc441828849", "Key": "instance-id"}, {"ResourceType": "snapshot", "ResourceId": "snap-05cf5c70e0afa8da6", "Value": "2020-05-18T20:52:31.728Z", "Key": "timestamp"}, {"ResourceType": "snapshot", "ResourceId": "snap-06333e7e1cef7fd54", "Value": "policy-07604b9922975b181", "Key": "aws:dlm:lifecycle-policy-id"}, {"ResourceType": "snapshot", "ResourceId": "snap-06333e7e1cef7fd54", "Value": "Default Schedule", "Key": "aws:dlm:lifecycle-schedule-name"}, {"ResourceType": "snapshot", "ResourceId": "snap-06333e7e1cef7fd54", "Value": "i-0f3b31fc441828849", "Key": "instance-id"}, {"ResourceType": "snapshot", "ResourceId": "snap-06333e7e1cef7fd54", "Value": "2020-05-19T14:52:36.339Z", "Key": "timestamp"}, {"ResourceType": "snapshot", "ResourceId": "snap-0664420ae7e5f40ac", "Value": "policy-07604b9922975b181", "Key": "aws:dlm:lifecycle-policy-id"}, {"ResourceType": "snapshot", "ResourceId": "snap-0664420ae7e5f40ac", "Value": "Default Schedule", "Key": "aws:dlm:lifecycle-schedule-name"}, {"ResourceType": "snapshot", "ResourceId": "snap-0664420ae7e5f40ac", "Value": "i-0891d7dedaadde439", "Key": "instance-id"}, {"ResourceType": "snapshot", "ResourceId": "snap-0664420ae7e5f40ac", "Value": "2020-05-19T08:46:26.174Z", "Key": "timestamp"}, {"ResourceType": "snapshot", "ResourceId": "snap-0669c0c9bc4a19afc", "Value": "policy-07604b9922975b181", "Key": "aws:dlm:lifecycle-policy-id"}, {"ResourceType": "snapshot", "ResourceId": "snap-0669c0c9bc4a19afc", "Value": "Default Schedule", "Key": "aws:dlm:lifecycle-schedule-name"}, {"ResourceType": "snapshot", "ResourceId": "snap-0669c0c9bc4a19afc", "Value": "i-0a0388e946df86c62", "Key": "instance-id"}, {"ResourceType": "snapshot", "ResourceId": "snap-0669c0c9bc4a19afc", "Value": "2020-05-19T14:52:34.991Z", "Key": "timestamp"}, {"ResourceType": "snapshot", "ResourceId": "snap-06ad04f2a63950df4", "Value": "policy-07604b9922975b181", "Key": "aws:dlm:lifecycle-policy-id"}, {"ResourceType": "snapshot", "ResourceId": "snap-06ad04f2a63950df4", "Value": "Default Schedule", "Key": "aws:dlm:lifecycle-schedule-name"}, {"ResourceType": "snapshot", "ResourceId": "snap-06ad04f2a63950df4", "Value": "i-0a0388e946df86c62", "Key": "instance-id"}, {"ResourceType": "snapshot", "ResourceId": "snap-06ad04f2a63950df4", "Value": "2020-05-19T02:42:55.601Z", "Key": "timestamp"}, {"ResourceType": "snapshot", "ResourceId": "snap-06cbca35b7f5541ec", "Value": "policy-07604b9922975b181", "Key": "aws:dlm:lifecycle-policy-id"}, {"ResourceType": "snapshot", "ResourceId": "snap-06cbca35b7f5541ec", "Value": "Default Schedule", "Key": "aws:dlm:lifecycle-schedule-name"}, {"ResourceType": "snapshot", "ResourceId": "snap-06cbca35b7f5541ec", "Value": "i-0891d7dedaadde439", "Key": "instance-id"}, {"ResourceType": "snapshot", "ResourceId": "snap-06cbca35b7f5541ec", "Value": "2020-05-19T02:42:57.083Z", "Key": "timestamp"}, {"ResourceType": "snapshot", "ResourceId": "snap-07059d93c8c395565", "Value": "policy-07604b9922975b181", "Key": "aws:dlm:lifecycle-policy-id"}, {"ResourceType": "snapshot", "ResourceId": "snap-07059d93c8c395565", "Value": "Default Schedule", "Key": "aws:dlm:lifecycle-schedule-name"}, {"ResourceType": "snapshot", "ResourceId": "snap-07059d93c8c395565", "Value": "i-0728f06e98cb41178", "Key": "instance-id"}, {"ResourceType": "snapshot", "ResourceId": "snap-07059d93c8c395565", "Value": "2020-05-19T08:46:25.181Z", "Key": "timestamp"}, {"ResourceType": "snapshot", "ResourceId": "snap-07eae6b77dac22da3", "Value": "policy-07604b9922975b181", "Key": "aws:dlm:lifecycle-policy-id"}, {"ResourceType": "snapshot", "ResourceId": "snap-07eae6b77dac22da3", "Value": "Default Schedule", "Key": "aws:dlm:lifecycle-schedule-name"}, {"ResourceType": "snapshot", "ResourceId": "snap-07eae6b77dac22da3", "Value": "i-0a0388e946df86c62", "Key": "instance-id"}, {"ResourceType": "snapshot", "ResourceId": "snap-07eae6b77dac22da3", "Value": "2020-05-18T20:52:30.485Z", "Key": "timestamp"}, {"ResourceType": "snapshot", "ResourceId": "snap-08cee71cb30bfacc8", "Value": "policy-07604b9922975b181", "Key": "aws:dlm:lifecycle-policy-id"}, {"ResourceType": "snapshot", "ResourceId": "snap-08cee71cb30bfacc8", "Value": "Default Schedule", "Key": "aws:dlm:lifecycle-schedule-name"}, {"ResourceType": "snapshot", "ResourceId": "snap-08cee71cb30bfacc8", "Value": "i-0728f06e98cb41178", "Key": "instance-id"}, {"ResourceType": "snapshot", "ResourceId": "snap-08cee71cb30bfacc8", "Value": "2020-05-19T02:42:56.217Z", "Key": "timestamp"}, {"ResourceType": "snapshot", "ResourceId": "snap-09bd64eb16e482ccc", "Value": "policy-07604b9922975b181", "Key": "aws:dlm:lifecycle-policy-id"}, {"ResourceType": "snapshot", "ResourceId": "snap-09bd64eb16e482ccc", "Value": "Default Schedule", "Key": "aws:dlm:lifecycle-schedule-name"}, {"ResourceType": "snapshot", "ResourceId": "snap-09bd64eb16e482ccc", "Value": "i-0891d7dedaadde439", "Key": "instance-id"}, {"ResourceType": "snapshot", "ResourceId": "snap-09bd64eb16e482ccc", "Value": "2020-05-18T20:52:32.262Z", "Key": "timestamp"}, {"ResourceType": "snapshot", "ResourceId": "snap-0a19d12c1458b68aa", "Value": "policy-07604b9922975b181", "Key": "aws:dlm:lifecycle-policy-id"}, {"ResourceType": "snapshot", "ResourceId": "snap-0a19d12c1458b68aa", "Value": "Default Schedule", "Key": "aws:dlm:lifecycle-schedule-name"}, {"ResourceType": "snapshot", "ResourceId": "snap-0a19d12c1458b68aa", "Value": "i-0f3b31fc441828849", "Key": "instance-id"}, {"ResourceType": "snapshot", "ResourceId": "snap-0a19d12c1458b68aa", "Value": "2020-05-19T14:52:36.339Z", "Key": "timestamp"}, {"ResourceType": "snapshot", "ResourceId": "snap-0a9f84074169e8514", "Value": "policy-07604b9922975b181", "Key": "aws:dlm:lifecycle-policy-id"}, {"ResourceType": "snapshot", "ResourceId": "snap-0a9f84074169e8514", "Value": "Default Schedule", "Key": "aws:dlm:lifecycle-schedule-name"}, {"ResourceType": "snapshot", "ResourceId": "snap-0a9f84074169e8514", "Value": "i-0a0388e946df86c62", "Key": "instance-id"}, {"ResourceType": "snapshot", "ResourceId": "snap-0a9f84074169e8514", "Value": "2020-05-19T08:46:24.608Z", "Key": "timestamp"}, {"ResourceType": "snapshot", "ResourceId": "snap-0ad467fd1ed6db912", "Value": "policy-07604b9922975b181", "Key": "aws:dlm:lifecycle-policy-id"}, {"ResourceType": "snapshot", "ResourceId": "snap-0ad467fd1ed6db912", "Value": "Default Schedule", "Key": "aws:dlm:lifecycle-schedule-name"}, {"ResourceType": "snapshot", "ResourceId": "snap-0ad467fd1ed6db912", "Value": "i-0a0388e946df86c62", "Key": "instance-id"}, {"ResourceType": "snapshot", "ResourceId": "snap-0ad467fd1ed6db912", "Value": "2020-05-19T02:42:55.601Z", "Key": "timestamp"}, {"ResourceType": "snapshot", "ResourceId": "snap-0bfae173215899b93", "Value": "policy-07604b9922975b181", "Key": "aws:dlm:lifecycle-policy-id"}, {"ResourceType": "snapshot", "ResourceId": "snap-0bfae173215899b93", "Value": "Default Schedule", "Key": "aws:dlm:lifecycle-schedule-name"}, {"ResourceType": "snapshot", "ResourceId": "snap-0bfae173215899b93", "Value": "i-0728f06e98cb41178", "Key": "instance-id"}, {"ResourceType": "snapshot", "ResourceId": "snap-0bfae173215899b93", "Value": "2020-05-19T02:42:56.217Z", "Key": "timestamp"}, {"ResourceType": "snapshot", "ResourceId": "snap-0cbd943ed7ac2d964", "Value": "policy-07604b9922975b181", "Key": "aws:dlm:lifecycle-policy-id"}, {"ResourceType": "snapshot", "ResourceId": "snap-0cbd943ed7ac2d964", "Value": "Default Schedule", "Key": "aws:dlm:lifecycle-schedule-name"}, {"ResourceType": "snapshot", "ResourceId": "snap-0cbd943ed7ac2d964", "Value": "i-0728f06e98cb41178", "Key": "instance-id"}, {"ResourceType": "snapshot", "ResourceId": "snap-0cbd943ed7ac2d964", "Value": "2020-05-19T08:46:25.181Z", "Key": "timestamp"}, {"ResourceType": "snapshot", "ResourceId": "snap-0d9552074ba754455", "Value": "policy-07604b9922975b181", "Key": "aws:dlm:lifecycle-policy-id"}, {"ResourceType": "snapshot", "ResourceId": "snap-0d9552074ba754455", "Value": "Default Schedule", "Key": "aws:dlm:lifecycle-schedule-name"}, {"ResourceType": "snapshot", "ResourceId": "snap-0d9552074ba754455", "Value": "i-0728f06e98cb41178", "Key": "instance-id"}, {"ResourceType": "snapshot", "ResourceId": "snap-0d9552074ba754455", "Value": "2020-05-19T14:52:35.718Z", "Key": "timestamp"}, {"ResourceType": "snapshot", "ResourceId": "snap-0e82496acf2ba9e07", "Value": "policy-07604b9922975b181", "Key": "aws:dlm:lifecycle-policy-id"}, {"ResourceType": "snapshot", "ResourceId": "snap-0e82496acf2ba9e07", "Value": "Default Schedule", "Key": "aws:dlm:lifecycle-schedule-name"}, {"ResourceType": "snapshot", "ResourceId": "snap-0e82496acf2ba9e07", "Value": "i-0f3b31fc441828849", "Key": "instance-id"}, {"ResourceType": "snapshot", "ResourceId": "snap-0e82496acf2ba9e07", "Value": "2020-05-19T08:46:25.700Z", "Key": "timestamp"}, {"ResourceType": "snapshot", "ResourceId": "snap-0edf9d22d76d040d5", "Value": "policy-07604b9922975b181", "Key": "aws:dlm:lifecycle-policy-id"}, {"ResourceType": "snapshot", "ResourceId": "snap-0edf9d22d76d040d5", "Value": "Default Schedule", "Key": "aws:dlm:lifecycle-schedule-name"}, {"ResourceType": "snapshot", "ResourceId": "snap-0edf9d22d76d040d5", "Value": "i-0891d7dedaadde439", "Key": "instance-id"}, {"ResourceType": "snapshot", "ResourceId": "snap-0edf9d22d76d040d5", "Value": "2020-05-19T14:52:36.804Z", "Key": "timestamp"}, {"ResourceType": "snapshot", "ResourceId": "snap-0f0d03143abb33aef", "Value": "policy-07604b9922975b181", "Key": "aws:dlm:lifecycle-policy-id"}, {"ResourceType": "snapshot", "ResourceId": "snap-0f0d03143abb33aef", "Value": "Default Schedule", "Key": "aws:dlm:lifecycle-schedule-name"}, {"ResourceType": "snapshot", "ResourceId": "snap-0f0d03143abb33aef", "Value": "i-0728f06e98cb41178", "Key": "instance-id"}, {"ResourceType": "snapshot", "ResourceId": "snap-0f0d03143abb33aef", "Value": "2020-05-18T20:52:31.224Z", "Key": "timestamp"}, {"ResourceType": "transit-gateway-attachment", "ResourceId": "tgw-attach-0f3feb818a29b5a67", "Value": "Networking", "Key": "Name"}, {"ResourceType": "subnet", "ResourceId": "subnet-00dfbcd0b6e1cfdc3", "Value": "EXT3-AZ3", "Key": "Name"}, {"ResourceType": "subnet", "ResourceId": "subnet-01df4022290e915cb", "Value": "EXT4-AZ4", "Key": "Name"}, {"ResourceType": "subnet", "ResourceId": "subnet-04eed47a74ec8e925", "Value": "INT4-AZ4", "Key": "Name"}, {"ResourceType": "subnet", "ResourceId": "subnet-06fdc7df220e648cc", "Value": "INT1-AZ1", "Key": "Name"}, {"ResourceType": "subnet", "ResourceId": "subnet-073ef09df06785144", "Value": "EXT1-AZ1", "Key": "Name"}, {"ResourceType": "subnet", "ResourceId": "subnet-0b09149c97eff827d", "Value": "INT3-AZ3", "Key": "Name"}, {"ResourceType": "subnet", "ResourceId": "subnet-0b79fc122ee8c2d6b", "Value": "INT2-AZ2", "Key": "Name"}, {"ResourceType": "subnet", "ResourceId": "subnet-0efbb46377d374389", "Value": "EXT2-AZ2", "Key": "Name"}, {"ResourceType": "instance", "ResourceId": "i-006ab644df730d293", "Value": "OKTA-EXT-Dev", "Key": "Name"}, {"ResourceType": "instance", "ResourceId": "i-0155b55df525813a0", "Value": "wiham@amazon.com", "Key": "ApplicationOwner"}, {"ResourceType": "instance", "ResourceId": "i-0155b55df525813a0", "Value": "temp-azureAgent-test-ubuntu", "Key": "Name"}, {"ResourceType": "instance", "ResourceId": "i-01b8e308f84b80096", "Value": "OKTA-INT-Dev", "Key": "Name"}, {"ResourceType": "instance", "ResourceId": "i-026309d95a957e5f6", "Value": "Panorama-VM", "Key": "Name"}, {"ResourceType": "instance", "ResourceId": "i-0288b466de41fdf80", "Value": "wiham@amazon.com", "Key": "ApplicationOwner"}, {"ResourceType": "instance", "ResourceId": "i-0288b466de41fdf80", "Value": "temp-azureAgent-test-Windows", "Key": "Name"}, {"ResourceType": "instance", "ResourceId": "i-03265b23d7376b79c", "Value": "AWS-List-All2", "Key": "Name"}, {"ResourceType": "instance", "ResourceId": "i-0360d226d51ce48ed", "Value": "OKTA-INT-Prod2", "Key": "Name"}, {"ResourceType": "instance", "ResourceId": "i-03a5d9a31e7748b58", "Value": "Firewall-Test-VM", "Key": "Name"}, {"ResourceType": "instance", "ResourceId": "i-03dae88eba0e66551", "Value": "OKTA-EXT-Prod1", "Key": "Name"}, {"ResourceType": "instance", "ResourceId": "i-058ba9ba9d2340298", "Value": "External-DMZ02", "Key": "Name"}, {"ResourceType": "instance", "ResourceId": "i-06bff189b8c823b4d", "Value": "OKTA-INT-Sandbox", "Key": "Name"}, {"ResourceType": "instance", "ResourceId": "i-0728f06e98cb41178", "Value": "Platinum", "Key": "AppCat"}, {"ResourceType": "instance", "ResourceId": "i-0728f06e98cb41178", "Value": "", "Key": "ApplicationID"}, {"ResourceType": "instance", "ResourceId": "i-0728f06e98cb41178", "Value": "", "Key": "ApplicationOwner"}, {"ResourceType": "instance", "ResourceId": "i-0728f06e98cb41178", "Value": "y", "Key": "Backup"}, {"ResourceType": "instance", "ResourceId": "i-0728f06e98cb41178", "Value": "whq", "Key": "BusinessUnit"}, {"ResourceType": "instance", "ResourceId": "i-0728f06e98cb41178", "Value": "", "Key": "ComplianceRequirement"}, {"ResourceType": "instance", "ResourceId": "i-0728f06e98cb41178", "Value": "109741", "Key": "CostCenter"}, {"ResourceType": "instance", "ResourceId": "i-0728f06e98cb41178", "Value": "gcs", "Key": "Department"}, {"ResourceType": "instance", "ResourceId": "i-0728f06e98cb41178", "Value": "prod", "Key": "Environment"}, {"ResourceType": "instance", "ResourceId": "i-0728f06e98cb41178", "Value": "", "Key": "FQDN"}, {"ResourceType": "instance", "ResourceId": "i-0728f06e98cb41178", "Value": "lt", "Key": "MaxLifeTime"}, {"ResourceType": "instance", "ResourceId": "i-0728f06e98cb41178", "Value": "VMC10134PC003", "Key": "Name"}, {"ResourceType": "instance", "ResourceId": "i-0728f06e98cb41178", "Value": "AD", "Key": "Role"}, {"ResourceType": "instance", "ResourceId": "i-0728f06e98cb41178", "Value": "1.0", "Key": "Version"}, {"ResourceType": "instance", "ResourceId": "i-0753728a43be9a163", "Value": "AWS-List-All3", "Key": "Name"}, {"ResourceType": "instance", "ResourceId": "i-077f454c63e21bc17", "Value": "OKTA-EXT-PreProd", "Key": "Name"}, {"ResourceType": "instance", "ResourceId": "i-0891d7dedaadde439", "Value": "Platinum", "Key": "AppCat"}, {"ResourceType": "instance", "ResourceId": "i-0891d7dedaadde439", "Value": "", "Key": "ApplicationID"}, {"ResourceType": "instance", "ResourceId": "i-0891d7dedaadde439", "Value": "", "Key": "ApplicationOwner"}, {"ResourceType": "instance", "ResourceId": "i-0891d7dedaadde439", "Value": "y", "Key": "Backup"}, {"ResourceType": "instance", "ResourceId": "i-0891d7dedaadde439", "Value": "whq", "Key": "BusinessUnit"}, {"ResourceType": "instance", "ResourceId": "i-0891d7dedaadde439", "Value": "", "Key": "ComplianceRequirement"}, {"ResourceType": "instance", "ResourceId": "i-0891d7dedaadde439", "Value": "109741", "Key": "CostCenter"}, {"ResourceType": "instance", "ResourceId": "i-0891d7dedaadde439", "Value": "gcs", "Key": "Department"}, {"ResourceType": "instance", "ResourceId": "i-0891d7dedaadde439", "Value": "prod", "Key": "Environment"}, {"ResourceType": "instance", "ResourceId": "i-0891d7dedaadde439", "Value": "", "Key": "FQDN"}, {"ResourceType": "instance", "ResourceId": "i-0891d7dedaadde439", "Value": "lt", "Key": "MaxLifeTime"}, {"ResourceType": "instance", "ResourceId": "i-0891d7dedaadde439", "Value": "VMC10134PC004", "Key": "Name"}, {"ResourceType": "instance", "ResourceId": "i-0891d7dedaadde439", "Value": "AD", "Key": "Role"}, {"ResourceType": "instance", "ResourceId": "i-0891d7dedaadde439", "Value": "1.0", "Key": "Version"}, {"ResourceType": "instance", "ResourceId": "i-095e5628f91e61b80", "Value": "External-DMZ01", "Key": "Name"}, {"ResourceType": "instance", "ResourceId": "i-0961f5d86123ac3c5", "Value": "DirectConect-Test", "Key": "Name"}, {"ResourceType": "instance", "ResourceId": "i-0a0388e946df86c62", "Value": "Platinum", "Key": "AppCat"}, {"ResourceType": "instance", "ResourceId": "i-0a0388e946df86c62", "Value": "", "Key": "ApplicationID"}, {"ResourceType": "instance", "ResourceId": "i-0a0388e946df86c62", "Value": "", "Key": "ApplicationOwner"}, {"ResourceType": "instance", "ResourceId": "i-0a0388e946df86c62", "Value": "y", "Key": "Backup"}, {"ResourceType": "instance", "ResourceId": "i-0a0388e946df86c62", "Value": "whq", "Key": "BusinessUnit"}, {"ResourceType": "instance", "ResourceId": "i-0a0388e946df86c62", "Value": "", "Key": "ComplianceRequirement"}, {"ResourceType": "instance", "ResourceId": "i-0a0388e946df86c62", "Value": "109741", "Key": "CostCenter"}, {"ResourceType": "instance", "ResourceId": "i-0a0388e946df86c62", "Value": "gcs", "Key": "Department"}, {"ResourceType": "instance", "ResourceId": "i-0a0388e946df86c62", "Value": "prod", "Key": "Environment"}, {"ResourceType": "instance", "ResourceId": "i-0a0388e946df86c62", "Value": "", "Key": "FQDN"}, {"ResourceType": "instance", "ResourceId": "i-0a0388e946df86c62", "Value": "lt", "Key": "MaxLifeTime"}, {"ResourceType": "instance", "ResourceId": "i-0a0388e946df86c62", "Value": "VMC10134PC001", "Key": "Name"}, {"ResourceType": "instance", "ResourceId": "i-0a0388e946df86c62", "Value": "AD", "Key": "Role"}, {"ResourceType": "instance", "ResourceId": "i-0a0388e946df86c62", "Value": "1.0", "Key": "Version"}, {"ResourceType": "instance", "ResourceId": "i-0a5c16d303391679c", "Value": "Temp for tests (Yaniv and Sudhakar)", "Key": "Environment"}, {"ResourceType": "instance", "ResourceId": "i-0a5c16d303391679c", "Value": "Please delete me", "Key": "Name"}, {"ResourceType": "instance", "ResourceId": "i-0a701a3b183d8ff13", "Value": "wiham@amazon.com", "Key": "ApplicationOwner"}, {"ResourceType": "instance", "ResourceId": "i-0a701a3b183d8ff13", "Value": "temp-azureAgent-test-centOS", "Key": "Name"}, {"ResourceType": "instance", "ResourceId": "i-0a8986ba7d05ec05a", "Value": "OKTA-INT-PreProd", "Key": "Name"}, {"ResourceType": "instance", "ResourceId": "i-0d10e5ca6af69b9ee", "Value": "LinuxTest", "Key": "Name"}, {"ResourceType": "instance", "ResourceId": "i-0dcbde7239c871630", "Value": "OKTA-INT-Prod1", "Key": "Name"}, {"ResourceType": "instance", "ResourceId": "i-0e5f673de9a4664ac", "Value": "wiham@amazon.com", "Key": "ApplicationOwner"}, {"ResourceType": "instance", "ResourceId": "i-0e5f673de9a4664ac", "Value": "temp-azureAgent-test-aws", "Key": "Name"}, {"ResourceType": "instance", "ResourceId": "i-0f3b31fc441828849", "Value": "Platinum", "Key": "AppCat"}, {"ResourceType": "instance", "ResourceId": "i-0f3b31fc441828849", "Value": "", "Key": "ApplicationID"}, {"ResourceType": "instance", "ResourceId": "i-0f3b31fc441828849", "Value": "", "Key": "ApplicationOwner"}, {"ResourceType": "instance", "ResourceId": "i-0f3b31fc441828849", "Value": "y", "Key": "Backup"}, {"ResourceType": "instance", "ResourceId": "i-0f3b31fc441828849", "Value": "whq", "Key": "BusinessUnit"}, {"ResourceType": "instance", "ResourceId": "i-0f3b31fc441828849", "Value": "", "Key": "ComplianceRequirement"}, {"ResourceType": "instance", "ResourceId": "i-0f3b31fc441828849", "Value": "109741", "Key": "CostCenter"}, {"ResourceType": "instance", "ResourceId": "i-0f3b31fc441828849", "Value": "gcs", "Key": "Department"}, {"ResourceType": "instance", "ResourceId": "i-0f3b31fc441828849", "Value": "prod", "Key": "Environment"}, {"ResourceType": "instance", "ResourceId": "i-0f3b31fc441828849", "Value": "", "Key": "FQDN"}, {"ResourceType": "instance", "ResourceId": "i-0f3b31fc441828849", "Value": "lt", "Key": "MaxLifeTime"}, {"ResourceType": "instance", "ResourceId": "i-0f3b31fc441828849", "Value": "VMC10134PC002", "Key": "Name"}, {"ResourceType": "instance", "ResourceId": "i-0f3b31fc441828849", "Value": "AD", "Key": "Role"}, {"ResourceType": "instance", "ResourceId": "i-0f3b31fc441828849", "Value": "1.0", "Key": "Version"}, {"ResourceType": "instance", "ResourceId": "i-0f484108343b74ef8", "Value": "OKTA-EXT-Prod2", "Key": "Name"}, {"ResourceType": "vpc", "ResourceId": "vpc-05dff179d55496415", "Value": "SharedServices-VPC", "Key": "Name"}, {"ResourceType": "volume", "ResourceId": "vol-009b73de01482f3df", "Value": "wiham@amazon.com", "Key": "ApplicationOwner"}, {"ResourceType": "volume", "ResourceId": "vol-009b73de01482f3df", "Value": "temp-azureAgent-test-Windows", "Key": "Name"}, {"ResourceType": "volume", "ResourceId": "vol-0140ae9c7c4e7a4a5", "Value": "OKTAS", "Key": "Name"}, {"ResourceType": "volume", "ResourceId": "vol-01b7f6fb56bc47866", "Value": "1", "Key": "Name"}, {"ResourceType": "volume", "ResourceId": "vol-01f9ff3155a1ef91d", "Value": "OKTA-TEST-PLZ-DELETE", "Key": "Name"}, {"ResourceType": "volume", "ResourceId": "vol-01fad23f6cdd3788a", "Value": "wiham@amazon.com", "Key": "ApplicationOwner"}, {"ResourceType": "volume", "ResourceId": "vol-01fad23f6cdd3788a", "Value": "temp-azureAgent-test", "Key": "Name"}, {"ResourceType": "volume", "ResourceId": "vol-030747dd72fe98de0", "Value": "OKTAS", "Key": "Name"}, {"ResourceType": "volume", "ResourceId": "vol-036d8488375db1624", "Value": "External-DMZ01", "Key": "Name"}, {"ResourceType": "volume", "ResourceId": "vol-041733f9928040c94", "Value": "OKTA-EXT", "Key": "Name"}, {"ResourceType": "volume", "ResourceId": "vol-059c2fa43587aee14", "Value": "LinuxTest", "Key": "Name"}, {"ResourceType": "volume", "ResourceId": "vol-0631cb30ab1348057", "Value": "OKTA-EXT-Prod2", "Key": "Name"}, {"ResourceType": "volume", "ResourceId": "vol-0636b73f03627e467", "Value": "OKTA-INT-Prod2", "Key": "Name"}, {"ResourceType": "volume", "ResourceId": "vol-06c6d1c5ad42eda4b", "Value": "linuxBoxTest", "Key": "Name"}, {"ResourceType": "volume", "ResourceId": "vol-070761aaa0ce2aeb4", "Value": "OKTA-INT-Prod1", "Key": "Name"}, {"ResourceType": "volume", "ResourceId": "vol-083fb56ed8d249c05", "Value": "Temp for tests (Yaniv and Sudhakar)", "Key": "Environment"}, {"ResourceType": "volume", "ResourceId": "vol-083fb56ed8d249c05", "Value": "Please delete me", "Key": "Name"}, {"ResourceType": "volume", "ResourceId": "vol-09e4ef0f5dfee8f34", "Value": "55", "Key": "Name"}, {"ResourceType": "volume", "ResourceId": "vol-0b42949fd4318b0eb", "Value": "External-DMZ02", "Key": "Name"}, {"ResourceType": "volume", "ResourceId": "vol-0c052f08957ddbc38", "Value": "5", "Key": "Name"}, {"ResourceType": "volume", "ResourceId": "vol-0c9f6a75a3c6da661", "Value": "AWS-List-All", "Key": "Name"}, {"ResourceType": "volume", "ResourceId": "vol-0ca035133f2ec26d8", "Value": "External-DMZ02", "Key": "Name"}, {"ResourceType": "volume", "ResourceId": "vol-0d0e2ef3831ee3b69", "Value": "wiham@amazon.com", "Key": "ApplicationOwner"}, {"ResourceType": "volume", "ResourceId": "vol-0d0e2ef3831ee3b69", "Value": "temp-azureAgent-test-centOS", "Key": "Name"}, {"ResourceType": "volume", "ResourceId": "vol-0d3256120df173996", "Value": "AWS-List-All3", "Key": "Name"}, {"ResourceType": "volume", "ResourceId": "vol-0d5ed63f4ef1db449", "Value": "wiham@amazon.com", "Key": "ApplicationOwner"}, {"ResourceType": "volume", "ResourceId": "vol-0db10ec61df7f8a15", "Value": "OKTAS", "Key": "Name"}, {"ResourceType": "volume", "ResourceId": "vol-0dffc025bef3b4c12", "Value": "External-DMZ01", "Key": "Name"}, {"ResourceType": "volume", "ResourceId": "vol-0e186d7836504a444", "Value": "55", "Key": "Name"}, {"ResourceType": "volume", "ResourceId": "vol-0e5f9aa2bcec7e12d", "Value": "AWS-List-All2", "Key": "Name"}, {"ResourceType": "volume", "ResourceId": "vol-0e6378605872a1724", "Value": "Firewall-Test-VM", "Key": "Name"}, {"ResourceType": "volume", "ResourceId": "vol-0e9efd246cdc6ccf6", "Value": "OKTA-EXT-Prod1", "Key": "Name"}, {"ResourceType": "volume", "ResourceId": "vol-0ee188d7b2467f450", "Value": "1", "Key": "Name"}, {"ResourceType": "volume", "ResourceId": "vol-0f6fb408491b4bc3e", "Value": "OKTA_PRE/PROD", "Key": "Name"}, {"ResourceType": "image", "ResourceId": "ami-079ed1e1193fae78f", "Value": "Okta-Image", "Key": "Name"}, {"ResourceType": "route-table", "ResourceId": "rtb-0be13da13ae7eaa45", "Value": "Default", "Key": "Name"}]}}