{"region": "us-east-1", "operation": "DescribeTransitGatewayVpcAttachments", "service": "ec2", "response": {"TransitGatewayVpcAttachments": [{"Tags": [{"Value": "Networking", "Key": "Name"}], "VpcId": "vpc-05dff179d55496415", "VpcOwnerId": "043898046743", "SubnetIds": ["subnet-0b09149c97eff827d", "subnet-073ef09df06785144", "subnet-0b79fc122ee8c2d6b", "subnet-01df4022290e915cb"], "TransitGatewayAttachmentId": "tgw-attach-0f3feb818a29b5a67", "CreationTime": "2020-03-04T02:50:26+00:00", "State": "available", "TransitGatewayId": "tgw-09ddb09590d439126", "Options": {"DnsSupport": "enable", "Ipv6Support": "disable"}}], "ResponseMetadata": {"RetryAttempts": 0, "HTTPStatusCode": 200, "RequestId": "0b5ab2b2-ec51-4a18-8781-ad370e968323", "HTTPHeaders": {"x-amzn-requestid": "0b5ab2b2-ec51-4a18-8781-ad370e968323", "transfer-encoding": "chunked", "vary": "accept-encoding", "server": "AmazonEC2", "date": "Tue, 19 May 2020 15:18:45 GMT", "content-type": "text/xml;charset=UTF-8"}}}}