{"region": "us-east-2", "operation": "DescribeTransitGatewayVpcAttachments", "service": "ec2", "response": {"TransitGatewayVpcAttachments": [{"Tags": [{"Value": "SharedServices-VPC", "Key": "Name"}], "VpcId": "vpc-0a2672b859b60b366", "VpcOwnerId": "043898046743", "SubnetIds": ["subnet-0262c354b7e7875db", "subnet-011654cbd06480e6a", "subnet-06f0e93db7902b3fb"], "TransitGatewayAttachmentId": "tgw-attach-09a268085760299e5", "CreationTime": "2020-05-12T18:37:14+00:00", "State": "available", "TransitGatewayId": "tgw-0609533038cf5f42e", "Options": {"DnsSupport": "enable", "Ipv6Support": "disable"}}], "ResponseMetadata": {"RetryAttempts": 0, "HTTPStatusCode": 200, "RequestId": "de445a09-7227-4113-8f93-d488449ee92d", "HTTPHeaders": {"x-amzn-requestid": "de445a09-7227-4113-8f93-d488449ee92d", "transfer-encoding": "chunked", "vary": "accept-encoding", "server": "AmazonEC2", "date": "Tue, 19 May 2020 15:19:23 GMT", "content-type": "text/xml;charset=UTF-8"}}}}