{"region": "us-east-1", "operation": "DescribeKeyPairs", "service": "ec2", "response": {"KeyPairs": [{"Tags": [], "KeyName": "Carrier-Infra", "KeyFingerprint": "1a:82:12:3a:d9:28:e1:37:b4:da:56:c9:ff:8c:71:23:ed:77:50:8d", "KeyPairId": "key-0dbeccd71fd98f160"}, {"Tags": [], "KeyName": "carrier-shared-test", "KeyFingerprint": "8b:0f:9e:fc:7c:96:9a:f0:49:16:4e:6c:e8:5f:c4:34:df:b9:29:84", "KeyPairId": "key-00aea2306a9288838"}, {"Tags": [], "KeyName": "net-test", "KeyFingerprint": "46:73:16:f9:ba:6c:dd:32:d0:fa:82:60:5e:4d:0d:01:4a:df:5d:81", "KeyPairId": "key-0c10cc385829091fa"}, {"Tags": [], "KeyName": "OAG-OKTA", "KeyFingerprint": "c4:52:08:d4:7e:1e:ed:86:fe:2a:70:6a:b4:ff:9d:13:f9:d4:c4:74", "KeyPairId": "key-04ec5a230be074f93"}, {"Tags": [], "KeyName": "okta-test", "KeyFingerprint": "dd:b1:e9:02:60:ee:9d:00:4a:81:2c:a6:e4:a2:f6:9a:14:22:0c:a8", "KeyPairId": "key-0177266fa4194bcbf"}, {"Tags": [], "KeyName": "Panorama", "KeyFingerprint": "e0:a3:3e:21:dc:6f:ee:1b:dd:3b:fb:db:4f:9b:58:37:71:28:52:d0", "KeyPairId": "key-0d2648a8caf3e84db"}, {"Tags": [], "KeyName": "Shared-Services", "KeyFingerprint": "36:c0:70:de:6a:4a:8c:73:e2:e8:98:c8:b8:90:e0:4a:6c:92:80:55", "KeyPairId": "key-086388729461e8f81"}, {"Tags": [], "KeyName": "temp", "KeyFingerprint": "cb:99:6a:f6:56:0a:f0:f5:d6:42:77:0b:2c:e4:ff:34:96:e6:67:c8", "KeyPairId": "key-0115aadb4f3c350ce"}, {"Tags": [], "KeyName": "temp-billh-keypair", "KeyFingerprint": "59:f7:fa:4f:dc:14:40:98:78:1b:21:08:93:e8:32:8f:9d:c2:cb:c7", "KeyPairId": "key-0372da18033bace6b"}, {"Tags": [], "KeyName": "Temp_Key", "KeyFingerprint": "9d:9c:c7:5b:ee:58:65:0a:c9:e0:f7:bc:c4:fe:d8:9c:c7:1f:b5:dc", "KeyPairId": "key-03fa1a4e493364483"}], "ResponseMetadata": {"RetryAttempts": 0, "HTTPStatusCode": 200, "RequestId": "6eb4a2b7-77f6-4d16-9c42-6ead6867326d", "HTTPHeaders": {"x-amzn-requestid": "6eb4a2b7-77f6-4d16-9c42-6ead6867326d", "content-length": "2814", "vary": "accept-encoding", "server": "AmazonEC2", "date": "Tue, 19 May 2020 15:18:18 GMT", "content-type": "text/xml;charset=UTF-8"}}}}