{"region": "us-east-1", "operation": "DescribeTransitGateways", "service": "ec2", "response": {"TransitGateways": [{"TransitGatewayArn": "arn:aws:ec2:us-east-1:396880251169:transit-gateway/tgw-09ddb09590d439126", "Tags": [], "CreationTime": "2020-01-27T23:47:58+00:00", "State": "available", "TransitGatewayId": "tgw-09ddb09590d439126", "OwnerId": "396880251169", "Options": {"DefaultRouteTableAssociation": "disable", "DnsSupport": "enable", "AutoAcceptSharedAttachments": "enable", "MulticastSupport": "disable", "AmazonSideAsn": 64821, "DefaultRouteTablePropagation": "disable", "VpnEcmpSupport": "enable"}}], "ResponseMetadata": {"RetryAttempts": 0, "HTTPStatusCode": 200, "RequestId": "3fd4f79c-e8b0-459a-9322-50a237db2e8c", "HTTPHeaders": {"x-amzn-requestid": "3fd4f79c-e8b0-459a-9322-50a237db2e8c", "transfer-encoding": "chunked", "vary": "accept-encoding", "server": "AmazonEC2", "date": "Tue, 19 May 2020 15:18:57 GMT", "content-type": "text/xml;charset=UTF-8"}}}}