{"region": "us-east-1", "operation": "DescribeVpcs", "service": "ec2", "response": {"Vpcs": [{"VpcId": "vpc-05dff179d55496415", "InstanceTenancy": "default", "Tags": [{"Value": "SharedServices-VPC", "Key": "Name"}], "CidrBlockAssociationSet": [{"AssociationId": "vpc-cidr-assoc-0c24ce7efc0ddb611", "CidrBlock": "10.233.12.0/22", "CidrBlockState": {"State": "associated"}}], "State": "available", "DhcpOptionsId": "dopt-cdbf74b7", "OwnerId": "043898046743", "CidrBlock": "10.233.12.0/22", "IsDefault": false}], "ResponseMetadata": {"RetryAttempts": 0, "HTTPStatusCode": 200, "RequestId": "8d75ead5-89e5-4033-9f99-d835aa1c9459", "HTTPHeaders": {"x-amzn-requestid": "8d75ead5-89e5-4033-9f99-d835aa1c9459", "date": "Tue, 19 May 2020 15:19:11 GMT", "content-length": "1160", "content-type": "text/xml;charset=UTF-8", "server": "AmazonEC2"}}}}