{"region": "us-east-1", "operation": "DescribeSnapshots", "service": "ec2", "response": {"ResponseMetadata": {"RetryAttempts": 0, "HTTPStatusCode": 200, "RequestId": "80e43eb7-de8c-463d-ae6c-44425d59dfcf", "HTTPHeaders": {"x-amzn-requestid": "80e43eb7-de8c-463d-ae6c-44425d59dfcf", "transfer-encoding": "chunked", "vary": "accept-encoding", "server": "AmazonEC2", "date": "Tue, 19 May 2020 15:20:09 GMT", "content-type": "text/xml;charset=UTF-8"}}, "Snapshots": [{"Description": "Created for policy: policy-07604b9922975b181 schedule: Default Schedule", "VolumeSize": 100, "Tags": [{"Value": "policy-07604b9922975b181", "Key": "aws:dlm:lifecycle-policy-id"}, {"Value": "2020-05-19T14:52:36.804Z", "Key": "timestamp"}, {"Value": "i-0891d7dedaadde439", "Key": "instance-id"}, {"Value": "Default Schedule", "Key": "aws:dlm:lifecycle-schedule-name"}], "Encrypted": true, "VolumeId": "vol-05c7313baa5fcd299", "State": "completed", "KmsKeyId": "arn:aws:kms:us-east-1:043898046743:key/8162c920-85dc-4830-bce4-1810f1f74c9f", "StartTime": "2020-05-19T14:52:37.224000+00:00", "Progress": "100%", "OwnerId": "043898046743", "SnapshotId": "snap-0041677591fb6ffde"}, {"Description": "Created for policy: policy-07604b9922975b181 schedule: Default Schedule", "VolumeSize": 100, "Tags": [{"Value": "i-0891d7dedaadde439", "Key": "instance-id"}, {"Value": "2020-05-19T08:46:26.174Z", "Key": "timestamp"}, {"Value": "Default Schedule", "Key": "aws:dlm:lifecycle-schedule-name"}, {"Value": "policy-07604b9922975b181", "Key": "aws:dlm:lifecycle-policy-id"}], "Encrypted": true, "VolumeId": "vol-05c7313baa5fcd299", "State": "completed", "KmsKeyId": "arn:aws:kms:us-east-1:043898046743:key/8162c920-85dc-4830-bce4-1810f1f74c9f", "StartTime": "2020-05-19T08:46:26.518000+00:00", "Progress": "100%", "OwnerId": "043898046743", "SnapshotId": "snap-0664420ae7e5f40ac"}, {"Description": "Created for policy: policy-07604b9922975b181 schedule: Default Schedule", "VolumeSize": 100, "Tags": [{"Value": "policy-07604b9922975b181", "Key": "aws:dlm:lifecycle-policy-id"}, {"Value": "2020-05-19T02:42:57.083Z", "Key": "timestamp"}, {"Value": "i-0891d7dedaadde439", "Key": "instance-id"}, {"Value": "Default Schedule", "Key": "aws:dlm:lifecycle-schedule-name"}], "Encrypted": true, "VolumeId": "vol-05c7313baa5fcd299", "State": "completed", "KmsKeyId": "arn:aws:kms:us-east-1:043898046743:key/8162c920-85dc-4830-bce4-1810f1f74c9f", "StartTime": "2020-05-19T02:42:57.373000+00:00", "Progress": "100%", "OwnerId": "043898046743", "SnapshotId": "snap-06cbca35b7f5541ec"}, {"Description": "Created for policy: policy-07604b9922975b181 schedule: Default Schedule", "VolumeSize": 100, "Tags": [{"Value": "i-0a0388e946df86c62", "Key": "instance-id"}, {"Value": "Default Schedule", "Key": "aws:dlm:lifecycle-schedule-name"}, {"Value": "2020-05-19T14:52:34.991Z", "Key": "timestamp"}, {"Value": "policy-07604b9922975b181", "Key": "aws:dlm:lifecycle-policy-id"}], "Encrypted": true, "VolumeId": "vol-01b7f6fb56bc47866", "State": "completed", "KmsKeyId": "arn:aws:kms:us-east-1:043898046743:key/8162c920-85dc-4830-bce4-1810f1f74c9f", "StartTime": "2020-05-19T14:52:35.402000+00:00", "Progress": "100%", "OwnerId": "043898046743", "SnapshotId": "snap-0230ae8aabf498b3f"}, {"Description": "Created for policy: policy-07604b9922975b181 schedule: Default Schedule", "VolumeSize": 100, "Tags": [{"Value": "Default Schedule", "Key": "aws:dlm:lifecycle-schedule-name"}, {"Value": "2020-05-19T08:46:24.608Z", "Key": "timestamp"}, {"Value": "i-0a0388e946df86c62", "Key": "instance-id"}, {"Value": "policy-07604b9922975b181", "Key": "aws:dlm:lifecycle-policy-id"}], "Encrypted": true, "VolumeId": "vol-01b7f6fb56bc47866", "State": "completed", "KmsKeyId": "arn:aws:kms:us-east-1:043898046743:key/8162c920-85dc-4830-bce4-1810f1f74c9f", "StartTime": "2020-05-19T08:46:24.968000+00:00", "Progress": "100%", "OwnerId": "043898046743", "SnapshotId": "snap-00b2cc0fec554841d"}, {"Description": "Created for policy: policy-07604b9922975b181 schedule: Default Schedule", "VolumeSize": 100, "Tags": [{"Value": "policy-07604b9922975b181", "Key": "aws:dlm:lifecycle-policy-id"}, {"Value": "2020-05-19T02:42:55.601Z", "Key": "timestamp"}, {"Value": "Default Schedule", "Key": "aws:dlm:lifecycle-schedule-name"}, {"Value": "i-0a0388e946df86c62", "Key": "instance-id"}], "Encrypted": true, "VolumeId": "vol-01b7f6fb56bc47866", "State": "completed", "KmsKeyId": "arn:aws:kms:us-east-1:043898046743:key/8162c920-85dc-4830-bce4-1810f1f74c9f", "StartTime": "2020-05-19T02:42:56.013000+00:00", "Progress": "100%", "OwnerId": "043898046743", "SnapshotId": "snap-0ad467fd1ed6db912"}, {"Description": "Created for policy: policy-07604b9922975b181 schedule: Default Schedule", "VolumeSize": 100, "Tags": [{"Value": "2020-05-18T20:52:30.485Z", "Key": "timestamp"}, {"Value": "Default Schedule", "Key": "aws:dlm:lifecycle-schedule-name"}, {"Value": "i-0a0388e946df86c62", "Key": "instance-id"}, {"Value": "policy-07604b9922975b181", "Key": "aws:dlm:lifecycle-policy-id"}], "Encrypted": true, "VolumeId": "vol-01b7f6fb56bc47866", "State": "completed", "KmsKeyId": "arn:aws:kms:us-east-1:043898046743:key/8162c920-85dc-4830-bce4-1810f1f74c9f", "StartTime": "2020-05-18T20:52:30.987000+00:00", "Progress": "100%", "OwnerId": "043898046743", "SnapshotId": "snap-02a4d028cf7005ecd"}, {"Description": "Created by CreateImage(i-0dafc34631c7f1ca9) for ami-009378c36ddc94e0b from vol-00b8573fb60d372ab", "VolumeSize": 30, "Encrypted": true, "VolumeId": "vol-00b8573fb60d372ab", "State": "completed", "KmsKeyId": "arn:aws:kms:us-east-1:043898046743:key/8162c920-85dc-4830-bce4-1810f1f74c9f", "StartTime": "2020-04-03T12:36:42.929000+00:00", "Progress": "100%", "OwnerId": "043898046743", "SnapshotId": "snap-07f126eba48660eb9"}, {"Description": "Created for policy: policy-07604b9922975b181 schedule: Default Schedule", "VolumeSize": 100, "Tags": [{"Value": "Default Schedule", "Key": "aws:dlm:lifecycle-schedule-name"}, {"Value": "policy-07604b9922975b181", "Key": "aws:dlm:lifecycle-policy-id"}, {"Value": "i-0f3b31fc441828849", "Key": "instance-id"}, {"Value": "2020-05-19T14:52:36.339Z", "Key": "timestamp"}], "Encrypted": true, "VolumeId": "vol-066324dbd7b53a8ee", "State": "completed", "KmsKeyId": "arn:aws:kms:us-east-1:043898046743:key/8162c920-85dc-4830-bce4-1810f1f74c9f", "StartTime": "2020-05-19T14:52:36.626000+00:00", "Progress": "100%", "OwnerId": "043898046743", "SnapshotId": "snap-0a19d12c1458b68aa"}, {"Description": "Created for policy: policy-07604b9922975b181 schedule: Default Schedule", "VolumeSize": 100, "Tags": [{"Value": "Default Schedule", "Key": "aws:dlm:lifecycle-schedule-name"}, {"Value": "policy-07604b9922975b181", "Key": "aws:dlm:lifecycle-policy-id"}, {"Value": "i-0f3b31fc441828849", "Key": "instance-id"}, {"Value": "2020-05-19T08:46:25.700Z", "Key": "timestamp"}], "Encrypted": true, "VolumeId": "vol-066324dbd7b53a8ee", "State": "completed", "KmsKeyId": "arn:aws:kms:us-east-1:043898046743:key/8162c920-85dc-4830-bce4-1810f1f74c9f", "StartTime": "2020-05-19T08:46:25.975000+00:00", "Progress": "100%", "OwnerId": "043898046743", "SnapshotId": "snap-02d9384570e1f1dba"}, {"Description": "Created for policy: policy-07604b9922975b181 schedule: Default Schedule", "VolumeSize": 100, "Tags": [{"Value": "Default Schedule", "Key": "aws:dlm:lifecycle-schedule-name"}, {"Value": "i-0f3b31fc441828849", "Key": "instance-id"}, {"Value": "policy-07604b9922975b181", "Key": "aws:dlm:lifecycle-policy-id"}, {"Value": "2020-05-19T02:42:56.645Z", "Key": "timestamp"}], "Encrypted": true, "VolumeId": "vol-066324dbd7b53a8ee", "State": "completed", "KmsKeyId": "arn:aws:kms:us-east-1:043898046743:key/8162c920-85dc-4830-bce4-1810f1f74c9f", "StartTime": "2020-05-19T02:42:56.934000+00:00", "Progress": "100%", "OwnerId": "043898046743", "SnapshotId": "snap-02191a4d386dcf6a7"}, {"Description": "Created for policy: policy-07604b9922975b181 schedule: Default Schedule", "VolumeSize": 100, "Tags": [{"Value": "i-0f3b31fc441828849", "Key": "instance-id"}, {"Value": "2020-05-18T20:52:31.728Z", "Key": "timestamp"}, {"Value": "policy-07604b9922975b181", "Key": "aws:dlm:lifecycle-policy-id"}, {"Value": "Default Schedule", "Key": "aws:dlm:lifecycle-schedule-name"}], "Encrypted": true, "VolumeId": "vol-066324dbd7b53a8ee", "State": "completed", "KmsKeyId": "arn:aws:kms:us-east-1:043898046743:key/8162c920-85dc-4830-bce4-1810f1f74c9f", "StartTime": "2020-05-18T20:52:32.100000+00:00", "Progress": "100%", "OwnerId": "043898046743", "SnapshotId": "snap-05cf5c70e0afa8da6"}, {"Description": "Created for policy: policy-07604b9922975b181 schedule: Default Schedule", "VolumeSize": 100, "Tags": [{"Value": "i-0f3b31fc441828849", "Key": "instance-id"}, {"Value": "Default Schedule", "Key": "aws:dlm:lifecycle-schedule-name"}, {"Value": "2020-05-19T14:52:36.339Z", "Key": "timestamp"}, {"Value": "policy-07604b9922975b181", "Key": "aws:dlm:lifecycle-policy-id"}], "Encrypted": true, "VolumeId": "vol-0a8b03ff25141c623", "State": "completed", "KmsKeyId": "arn:aws:kms:us-east-1:043898046743:key/8162c920-85dc-4830-bce4-1810f1f74c9f", "StartTime": "2020-05-19T14:52:36.626000+00:00", "Progress": "100%", "OwnerId": "043898046743", "SnapshotId": "snap-06333e7e1cef7fd54"}, {"Description": "Created for policy: policy-07604b9922975b181 schedule: Default Schedule", "VolumeSize": 100, "Tags": [{"Value": "2020-05-19T08:46:25.700Z", "Key": "timestamp"}, {"Value": "policy-07604b9922975b181", "Key": "aws:dlm:lifecycle-policy-id"}, {"Value": "i-0f3b31fc441828849", "Key": "instance-id"}, {"Value": "Default Schedule", "Key": "aws:dlm:lifecycle-schedule-name"}], "Encrypted": true, "VolumeId": "vol-0a8b03ff25141c623", "State": "completed", "KmsKeyId": "arn:aws:kms:us-east-1:043898046743:key/8162c920-85dc-4830-bce4-1810f1f74c9f", "StartTime": "2020-05-19T08:46:25.975000+00:00", "Progress": "100%", "OwnerId": "043898046743", "SnapshotId": "snap-0e82496acf2ba9e07"}, {"Description": "Created for policy: policy-07604b9922975b181 schedule: Default Schedule", "VolumeSize": 100, "Tags": [{"Value": "i-0f3b31fc441828849", "Key": "instance-id"}, {"Value": "2020-05-19T02:42:56.645Z", "Key": "timestamp"}, {"Value": "policy-07604b9922975b181", "Key": "aws:dlm:lifecycle-policy-id"}, {"Value": "Default Schedule", "Key": "aws:dlm:lifecycle-schedule-name"}], "Encrypted": true, "VolumeId": "vol-0a8b03ff25141c623", "State": "completed", "KmsKeyId": "arn:aws:kms:us-east-1:043898046743:key/8162c920-85dc-4830-bce4-1810f1f74c9f", "StartTime": "2020-05-19T02:42:56.934000+00:00", "Progress": "100%", "OwnerId": "043898046743", "SnapshotId": "snap-040d400317d3aaa9b"}, {"Description": "Created for policy: policy-07604b9922975b181 schedule: Default Schedule", "VolumeSize": 100, "Tags": [{"Value": "i-0f3b31fc441828849", "Key": "instance-id"}, {"Value": "2020-05-18T20:52:31.728Z", "Key": "timestamp"}, {"Value": "policy-07604b9922975b181", "Key": "aws:dlm:lifecycle-policy-id"}, {"Value": "Default Schedule", "Key": "aws:dlm:lifecycle-schedule-name"}], "Encrypted": true, "VolumeId": "vol-0a8b03ff25141c623", "State": "completed", "KmsKeyId": "arn:aws:kms:us-east-1:043898046743:key/8162c920-85dc-4830-bce4-1810f1f74c9f", "StartTime": "2020-05-18T20:52:32.100000+00:00", "Progress": "100%", "OwnerId": "043898046743", "SnapshotId": "snap-000a7432dbc9efffe"}, {"Description": "Created for policy: policy-07604b9922975b181 schedule: Default Schedule", "VolumeSize": 100, "Tags": [{"Value": "2020-05-19T14:52:35.718Z", "Key": "timestamp"}, {"Value": "Default Schedule", "Key": "aws:dlm:lifecycle-schedule-name"}, {"Value": "i-0728f06e98cb41178", "Key": "instance-id"}, {"Value": "policy-07604b9922975b181", "Key": "aws:dlm:lifecycle-policy-id"}], "Encrypted": true, "VolumeId": "vol-0845900f757e8affc", "State": "completed", "KmsKeyId": "arn:aws:kms:us-east-1:043898046743:key/8162c920-85dc-4830-bce4-1810f1f74c9f", "StartTime": "2020-05-19T14:52:36.196000+00:00", "Progress": "100%", "OwnerId": "043898046743", "SnapshotId": "snap-0d9552074ba754455"}, {"Description": "Created for policy: policy-07604b9922975b181 schedule: Default Schedule", "VolumeSize": 100, "Tags": [{"Value": "i-0728f06e98cb41178", "Key": "instance-id"}, {"Value": "2020-05-19T08:46:25.181Z", "Key": "timestamp"}, {"Value": "Default Schedule", "Key": "aws:dlm:lifecycle-schedule-name"}, {"Value": "policy-07604b9922975b181", "Key": "aws:dlm:lifecycle-policy-id"}], "Encrypted": true, "VolumeId": "vol-0845900f757e8affc", "State": "completed", "KmsKeyId": "arn:aws:kms:us-east-1:043898046743:key/8162c920-85dc-4830-bce4-1810f1f74c9f", "StartTime": "2020-05-19T08:46:25.548000+00:00", "Progress": "100%", "OwnerId": "043898046743", "SnapshotId": "snap-0cbd943ed7ac2d964"}, {"Description": "Created for policy: policy-07604b9922975b181 schedule: Default Schedule", "VolumeSize": 100, "Tags": [{"Value": "Default Schedule", "Key": "aws:dlm:lifecycle-schedule-name"}, {"Value": "policy-07604b9922975b181", "Key": "aws:dlm:lifecycle-policy-id"}, {"Value": "2020-05-19T02:42:56.217Z", "Key": "timestamp"}, {"Value": "i-0728f06e98cb41178", "Key": "instance-id"}], "Encrypted": true, "VolumeId": "vol-0845900f757e8affc", "State": "completed", "KmsKeyId": "arn:aws:kms:us-east-1:043898046743:key/8162c920-85dc-4830-bce4-1810f1f74c9f", "StartTime": "2020-05-19T02:42:56.483000+00:00", "Progress": "100%", "OwnerId": "043898046743", "SnapshotId": "snap-08cee71cb30bfacc8"}, {"Description": "Created for policy: policy-07604b9922975b181 schedule: Default Schedule", "VolumeSize": 100, "Tags": [{"Value": "Default Schedule", "Key": "aws:dlm:lifecycle-schedule-name"}, {"Value": "policy-07604b9922975b181", "Key": "aws:dlm:lifecycle-policy-id"}, {"Value": "2020-05-19T14:52:34.991Z", "Key": "timestamp"}, {"Value": "i-0a0388e946df86c62", "Key": "instance-id"}], "Encrypted": true, "VolumeId": "vol-0ee188d7b2467f450", "State": "completed", "KmsKeyId": "arn:aws:kms:us-east-1:043898046743:key/8162c920-85dc-4830-bce4-1810f1f74c9f", "StartTime": "2020-05-19T14:52:35.402000+00:00", "Progress": "100%", "OwnerId": "043898046743", "SnapshotId": "snap-0669c0c9bc4a19afc"}, {"Description": "Created for policy: policy-07604b9922975b181 schedule: Default Schedule", "VolumeSize": 100, "Tags": [{"Value": "policy-07604b9922975b181", "Key": "aws:dlm:lifecycle-policy-id"}, {"Value": "i-0a0388e946df86c62", "Key": "instance-id"}, {"Value": "2020-05-19T08:46:24.608Z", "Key": "timestamp"}, {"Value": "Default Schedule", "Key": "aws:dlm:lifecycle-schedule-name"}], "Encrypted": true, "VolumeId": "vol-0ee188d7b2467f450", "State": "completed", "KmsKeyId": "arn:aws:kms:us-east-1:043898046743:key/8162c920-85dc-4830-bce4-1810f1f74c9f", "StartTime": "2020-05-19T08:46:24.968000+00:00", "Progress": "100%", "OwnerId": "043898046743", "SnapshotId": "snap-0a9f84074169e8514"}, {"Description": "Created for policy: policy-07604b9922975b181 schedule: Default Schedule", "VolumeSize": 100, "Tags": [{"Value": "policy-07604b9922975b181", "Key": "aws:dlm:lifecycle-policy-id"}, {"Value": "2020-05-19T02:42:55.601Z", "Key": "timestamp"}, {"Value": "i-0a0388e946df86c62", "Key": "instance-id"}, {"Value": "Default Schedule", "Key": "aws:dlm:lifecycle-schedule-name"}], "Encrypted": true, "VolumeId": "vol-0ee188d7b2467f450", "State": "completed", "KmsKeyId": "arn:aws:kms:us-east-1:043898046743:key/8162c920-85dc-4830-bce4-1810f1f74c9f", "StartTime": "2020-05-19T02:42:56.013000+00:00", "Progress": "100%", "OwnerId": "043898046743", "SnapshotId": "snap-06ad04f2a63950df4"}, {"Description": "Created for policy: policy-07604b9922975b181 schedule: Default Schedule", "VolumeSize": 100, "Tags": [{"Value": "2020-05-18T20:52:30.485Z", "Key": "timestamp"}, {"Value": "Default Schedule", "Key": "aws:dlm:lifecycle-schedule-name"}, {"Value": "i-0a0388e946df86c62", "Key": "instance-id"}, {"Value": "policy-07604b9922975b181", "Key": "aws:dlm:lifecycle-policy-id"}], "Encrypted": true, "VolumeId": "vol-0ee188d7b2467f450", "State": "completed", "KmsKeyId": "arn:aws:kms:us-east-1:043898046743:key/8162c920-85dc-4830-bce4-1810f1f74c9f", "StartTime": "2020-05-18T20:52:30.987000+00:00", "Progress": "100%", "OwnerId": "043898046743", "SnapshotId": "snap-07eae6b77dac22da3"}, {"Description": "Created for policy: policy-07604b9922975b181 schedule: Default Schedule", "VolumeSize": 100, "Tags": [{"Value": "policy-07604b9922975b181", "Key": "aws:dlm:lifecycle-policy-id"}, {"Value": "2020-05-19T14:52:35.718Z", "Key": "timestamp"}, {"Value": "Default Schedule", "Key": "aws:dlm:lifecycle-schedule-name"}, {"Value": "i-0728f06e98cb41178", "Key": "instance-id"}], "Encrypted": true, "VolumeId": "vol-0a8fc74d6e40a9a74", "State": "completed", "KmsKeyId": "arn:aws:kms:us-east-1:043898046743:key/8162c920-85dc-4830-bce4-1810f1f74c9f", "StartTime": "2020-05-19T14:52:36.196000+00:00", "Progress": "100%", "OwnerId": "043898046743", "SnapshotId": "snap-00f823379edafccda"}, {"Description": "Created for policy: policy-07604b9922975b181 schedule: Default Schedule", "VolumeSize": 100, "Tags": [{"Value": "2020-05-19T08:46:25.181Z", "Key": "timestamp"}, {"Value": "i-0728f06e98cb41178", "Key": "instance-id"}, {"Value": "policy-07604b9922975b181", "Key": "aws:dlm:lifecycle-policy-id"}, {"Value": "Default Schedule", "Key": "aws:dlm:lifecycle-schedule-name"}], "Encrypted": true, "VolumeId": "vol-0a8fc74d6e40a9a74", "State": "completed", "KmsKeyId": "arn:aws:kms:us-east-1:043898046743:key/8162c920-85dc-4830-bce4-1810f1f74c9f", "StartTime": "2020-05-19T08:46:25.548000+00:00", "Progress": "100%", "OwnerId": "043898046743", "SnapshotId": "snap-07059d93c8c395565"}, {"Description": "Created for policy: policy-07604b9922975b181 schedule: Default Schedule", "VolumeSize": 100, "Tags": [{"Value": "policy-07604b9922975b181", "Key": "aws:dlm:lifecycle-policy-id"}, {"Value": "i-0728f06e98cb41178", "Key": "instance-id"}, {"Value": "2020-05-19T02:42:56.217Z", "Key": "timestamp"}, {"Value": "Default Schedule", "Key": "aws:dlm:lifecycle-schedule-name"}], "Encrypted": true, "VolumeId": "vol-0a8fc74d6e40a9a74", "State": "completed", "KmsKeyId": "arn:aws:kms:us-east-1:043898046743:key/8162c920-85dc-4830-bce4-1810f1f74c9f", "StartTime": "2020-05-19T02:42:56.483000+00:00", "Progress": "100%", "OwnerId": "043898046743", "SnapshotId": "snap-0bfae173215899b93"}, {"Description": "Created by AWS-VMImport service for import-ami-0d53200d498e7bfe1", "VolumeSize": 220, "Encrypted": true, "VolumeId": "vol-ffffffff", "State": "completed", "KmsKeyId": "arn:aws:kms:us-east-1:043898046743:key/8162c920-85dc-4830-bce4-1810f1f74c9f", "StartTime": "2020-04-08T18:23:50.331000+00:00", "Progress": "100%", "OwnerId": "043898046743", "SnapshotId": "snap-071daa4bd42669d79"}, {"Description": "Created for policy: policy-07604b9922975b181 schedule: Default Schedule", "VolumeSize": 100, "Tags": [{"Value": "policy-07604b9922975b181", "Key": "aws:dlm:lifecycle-policy-id"}, {"Value": "2020-05-19T14:52:36.804Z", "Key": "timestamp"}, {"Value": "Default Schedule", "Key": "aws:dlm:lifecycle-schedule-name"}, {"Value": "i-0891d7dedaadde439", "Key": "instance-id"}], "Encrypted": true, "VolumeId": "vol-02eba4c74cfe09658", "State": "completed", "KmsKeyId": "arn:aws:kms:us-east-1:043898046743:key/8162c920-85dc-4830-bce4-1810f1f74c9f", "StartTime": "2020-05-19T14:52:37.224000+00:00", "Progress": "100%", "OwnerId": "043898046743", "SnapshotId": "snap-0edf9d22d76d040d5"}, {"Description": "Created for policy: policy-07604b9922975b181 schedule: Default Schedule", "VolumeSize": 100, "Tags": [{"Value": "Default Schedule", "Key": "aws:dlm:lifecycle-schedule-name"}, {"Value": "i-0891d7dedaadde439", "Key": "instance-id"}, {"Value": "2020-05-19T08:46:26.174Z", "Key": "timestamp"}, {"Value": "policy-07604b9922975b181", "Key": "aws:dlm:lifecycle-policy-id"}], "Encrypted": true, "VolumeId": "vol-02eba4c74cfe09658", "State": "completed", "KmsKeyId": "arn:aws:kms:us-east-1:043898046743:key/8162c920-85dc-4830-bce4-1810f1f74c9f", "StartTime": "2020-05-19T08:46:26.518000+00:00", "Progress": "100%", "OwnerId": "043898046743", "SnapshotId": "snap-039c47efb1f9d30f8"}, {"Description": "Created for policy: policy-07604b9922975b181 schedule: Default Schedule", "VolumeSize": 100, "Tags": [{"Value": "Default Schedule", "Key": "aws:dlm:lifecycle-schedule-name"}, {"Value": "i-0891d7dedaadde439", "Key": "instance-id"}, {"Value": "policy-07604b9922975b181", "Key": "aws:dlm:lifecycle-policy-id"}, {"Value": "2020-05-19T02:42:57.083Z", "Key": "timestamp"}], "Encrypted": true, "VolumeId": "vol-02eba4c74cfe09658", "State": "completed", "KmsKeyId": "arn:aws:kms:us-east-1:043898046743:key/8162c920-85dc-4830-bce4-1810f1f74c9f", "StartTime": "2020-05-19T02:42:57.373000+00:00", "Progress": "100%", "OwnerId": "043898046743", "SnapshotId": "snap-014f0b642672d6f17"}]}}