{"region": "ap-east-1", "operation": "DescribeInstanceTypeOfferings", "service": "ec2", "response": {"ResponseMetadata": {"RetryAttempts": 0, "HTTPStatusCode": 200, "RequestId": "6b09305f-d24d-403c-9ad9-09fa082a9a1f", "HTTPHeaders": {"x-amzn-requestid": "6b09305f-d24d-403c-9ad9-09fa082a9a1f", "transfer-encoding": "chunked", "vary": "accept-encoding", "server": "AmazonEC2", "date": "Tue, 19 May 2020 15:20:06 GMT", "content-type": "text/xml;charset=UTF-8"}}, "InstanceTypeOfferings": [{"LocationType": "region", "InstanceType": "g4dn.2xlarge", "Location": "ap-east-1"}, {"LocationType": "region", "InstanceType": "m5d.8xlarge", "Location": "ap-east-1"}, {"LocationType": "region", "InstanceType": "c5d.2xlarge", "Location": "ap-east-1"}, {"LocationType": "region", "InstanceType": "c5.4xlarge", "Location": "ap-east-1"}, {"LocationType": "region", "InstanceType": "m5d.4xlarge", "Location": "ap-east-1"}, {"LocationType": "region", "InstanceType": "t3.large", "Location": "ap-east-1"}, {"LocationType": "region", "InstanceType": "i3.large", "Location": "ap-east-1"}, {"LocationType": "region", "InstanceType": "r5.16xlarge", "Location": "ap-east-1"}, {"LocationType": "region", "InstanceType": "g4dn.16xlarge", "Location": "ap-east-1"}, {"LocationType": "region", "InstanceType": "r5d.2xlarge", "Location": "ap-east-1"}, {"LocationType": "region", "InstanceType": "m5.xlarge", "Location": "ap-east-1"}, {"LocationType": "region", "InstanceType": "g4dn.8xlarge", "Location": "ap-east-1"}, {"LocationType": "region", "InstanceType": "m5d.12xlarge", "Location": "ap-east-1"}, {"LocationType": "region", "InstanceType": "x1.32xlarge", "Location": "ap-east-1"}, {"LocationType": "region", "InstanceType": "c5.2xlarge", "Location": "ap-east-1"}, {"LocationType": "region", "InstanceType": "r5.large", "Location": "ap-east-1"}, {"LocationType": "region", "InstanceType": "m5.4xlarge", "Location": "ap-east-1"}, {"LocationType": "region", "InstanceType": "r5d.large", "Location": "ap-east-1"}, {"LocationType": "region", "InstanceType": "r5.8xlarge", "Location": "ap-east-1"}, {"LocationType": "region", "InstanceType": "t3.small", "Location": "ap-east-1"}, {"LocationType": "region", "InstanceType": "d2.2xlarge", "Location": "ap-east-1"}, {"LocationType": "region", "InstanceType": "r5d.16xlarge", "Location": "ap-east-1"}, {"LocationType": "region", "InstanceType": "i3.2xlarge", "Location": "ap-east-1"}, {"LocationType": "region", "InstanceType": "r5.xlarge", "Location": "ap-east-1"}, {"LocationType": "region", "InstanceType": "m5.8xlarge", "Location": "ap-east-1"}, {"LocationType": "region", "InstanceType": "t3.medium", "Location": "ap-east-1"}, {"LocationType": "region", "InstanceType": "m5d.2xlarge", "Location": "ap-east-1"}, {"LocationType": "region", "InstanceType": "m5.large", "Location": "ap-east-1"}, {"LocationType": "region", "InstanceType": "m5.24xlarge", "Location": "ap-east-1"}, {"LocationType": "region", "InstanceType": "r5.12xlarge", "Location": "ap-east-1"}, {"LocationType": "region", "InstanceType": "m5d.xlarge", "Location": "ap-east-1"}, {"LocationType": "region", "InstanceType": "t3.nano", "Location": "ap-east-1"}, {"LocationType": "region", "InstanceType": "c5d.xlarge", "Location": "ap-east-1"}, {"LocationType": "region", "InstanceType": "c5.18xlarge", "Location": "ap-east-1"}, {"LocationType": "region", "InstanceType": "i3.xlarge", "Location": "ap-east-1"}, {"LocationType": "region", "InstanceType": "m5.12xlarge", "Location": "ap-east-1"}, {"LocationType": "region", "InstanceType": "c5d.4xlarge", "Location": "ap-east-1"}, {"LocationType": "region", "InstanceType": "i3.16xlarge", "Location": "ap-east-1"}, {"LocationType": "region", "InstanceType": "r5.4xlarge", "Location": "ap-east-1"}, {"LocationType": "region", "InstanceType": "m5d.24xlarge", "Location": "ap-east-1"}, {"LocationType": "region", "InstanceType": "x1.16xlarge", "Location": "ap-east-1"}, {"LocationType": "region", "InstanceType": "r5d.12xlarge", "Location": "ap-east-1"}, {"LocationType": "region", "InstanceType": "m5d.large", "Location": "ap-east-1"}, {"LocationType": "region", "InstanceType": "i3.4xlarge", "Location": "ap-east-1"}, {"LocationType": "region", "InstanceType": "c5.12xlarge", "Location": "ap-east-1"}, {"LocationType": "region", "InstanceType": "t3.2xlarge", "Location": "ap-east-1"}, {"LocationType": "region", "InstanceType": "r5d.8xlarge", "Location": "ap-east-1"}, {"LocationType": "region", "InstanceType": "t3.micro", "Location": "ap-east-1"}, {"LocationType": "region", "InstanceType": "g4dn.4xlarge", "Location": "ap-east-1"}, {"LocationType": "region", "InstanceType": "m5.16xlarge", "Location": "ap-east-1"}, {"LocationType": "region", "InstanceType": "r5.2xlarge", "Location": "ap-east-1"}, {"LocationType": "region", "InstanceType": "c5d.18xlarge", "Location": "ap-east-1"}, {"LocationType": "region", "InstanceType": "d2.xlarge", "Location": "ap-east-1"}, {"LocationType": "region", "InstanceType": "c5d.9xlarge", "Location": "ap-east-1"}, {"LocationType": "region", "InstanceType": "r5d.24xlarge", "Location": "ap-east-1"}, {"LocationType": "region", "InstanceType": "d2.4xlarge", "Location": "ap-east-1"}, {"LocationType": "region", "InstanceType": "c5.large", "Location": "ap-east-1"}, {"LocationType": "region", "InstanceType": "c5.xlarge", "Location": "ap-east-1"}, {"LocationType": "region", "InstanceType": "m5.2xlarge", "Location": "ap-east-1"}, {"LocationType": "region", "InstanceType": "c5d.large", "Location": "ap-east-1"}, {"LocationType": "region", "InstanceType": "g4dn.xlarge", "Location": "ap-east-1"}, {"LocationType": "region", "InstanceType": "r5.24xlarge", "Location": "ap-east-1"}, {"LocationType": "region", "InstanceType": "r5d.xlarge", "Location": "ap-east-1"}, {"LocationType": "region", "InstanceType": "g4dn.12xlarge", "Location": "ap-east-1"}, {"LocationType": "region", "InstanceType": "t3.xlarge", "Location": "ap-east-1"}, {"LocationType": "region", "InstanceType": "d2.8xlarge", "Location": "ap-east-1"}, {"LocationType": "region", "InstanceType": "r5d.4xlarge", "Location": "ap-east-1"}, {"LocationType": "region", "InstanceType": "m5d.16xlarge", "Location": "ap-east-1"}, {"LocationType": "region", "InstanceType": "c5.9xlarge", "Location": "ap-east-1"}, {"LocationType": "region", "InstanceType": "i3.8xlarge", "Location": "ap-east-1"}]}}