{"region": "ap-southeast-2", "operation": "DescribeCapacityProviders", "service": "ecs", "response": {"capacityProviders": [{"status": "ACTIVE", "capacityProviderArn": "arn:aws:ecs:ap-southeast-2:043898046743:capacity-provider/FARGATE", "name": "FARGATE", "tags": []}, {"status": "ACTIVE", "capacityProviderArn": "arn:aws:ecs:ap-southeast-2:043898046743:capacity-provider/FARGATE_SPOT", "name": "FARGATE_SPOT", "tags": []}], "ResponseMetadata": {"RetryAttempts": 0, "HTTPStatusCode": 200, "RequestId": "5efd5ad5-a4c4-4424-b056-224c81413cdf", "HTTPHeaders": {"x-amzn-requestid": "5efd5ad5-a4c4-4424-b056-224c81413cdf", "date": "Tue, 19 May 2020 15:18:33 GMT", "content-length": "307", "content-type": "application/x-amz-json-1.1"}}}}