{"region": "eu-west-1", "operation": "DescribeCapacityProviders", "service": "ecs", "response": {"capacityProviders": [{"status": "ACTIVE", "capacityProviderArn": "arn:aws:ecs:eu-west-1:043898046743:capacity-provider/FARGATE", "name": "FARGATE", "tags": []}, {"status": "ACTIVE", "capacityProviderArn": "arn:aws:ecs:eu-west-1:043898046743:capacity-provider/FARGATE_SPOT", "name": "FARGATE_SPOT", "tags": []}], "ResponseMetadata": {"RetryAttempts": 0, "HTTPStatusCode": 200, "RequestId": "6a3c1cb5-66e2-4de9-8f10-309c2a902255", "HTTPHeaders": {"x-amzn-requestid": "6a3c1cb5-66e2-4de9-8f10-309c2a902255", "date": "Tue, 19 May 2020 15:18:31 GMT", "content-length": "297", "content-type": "application/x-amz-json-1.1"}}}}