{"region": "ap-northeast-1", "operation": "DescribeCapacityProviders", "service": "ecs", "response": {"capacityProviders": [{"status": "ACTIVE", "capacityProviderArn": "arn:aws:ecs:ap-northeast-1:043898046743:capacity-provider/FARGATE", "name": "FARGATE", "tags": []}, {"status": "ACTIVE", "capacityProviderArn": "arn:aws:ecs:ap-northeast-1:043898046743:capacity-provider/FARGATE_SPOT", "name": "FARGATE_SPOT", "tags": []}], "ResponseMetadata": {"RetryAttempts": 0, "HTTPStatusCode": 200, "RequestId": "b5c55968-ed81-4350-9f63-31d77ba35922", "HTTPHeaders": {"x-amzn-requestid": "b5c55968-ed81-4350-9f63-31d77ba35922", "date": "Tue, 19 May 2020 15:19:48 GMT", "content-length": "307", "content-type": "application/x-amz-json-1.1"}}}}