{"region": "ap-south-1", "operation": "DescribeCapacityProviders", "service": "ecs", "response": {"capacityProviders": [{"status": "ACTIVE", "capacityProviderArn": "arn:aws:ecs:ap-south-1:043898046743:capacity-provider/FARGATE", "name": "FARGATE", "tags": []}, {"status": "ACTIVE", "capacityProviderArn": "arn:aws:ecs:ap-south-1:043898046743:capacity-provider/FARGATE_SPOT", "name": "FARGATE_SPOT", "tags": []}], "ResponseMetadata": {"RetryAttempts": 0, "HTTPStatusCode": 200, "RequestId": "0ec9f4c1-fd9d-4835-8a8c-aedb550a9d45", "HTTPHeaders": {"x-amzn-requestid": "0ec9f4c1-fd9d-4835-8a8c-aedb550a9d45", "date": "Tue, 19 May 2020 15:19:31 GMT", "content-length": "299", "content-type": "application/x-amz-json-1.1"}}}}