{"region": "us-east-1", "operation": "DescribeCapacityProviders", "service": "ecs", "response": {"capacityProviders": [{"status": "ACTIVE", "capacityProviderArn": "arn:aws:ecs:us-east-1:043898046743:capacity-provider/FARGATE", "name": "FARGATE", "tags": []}, {"status": "ACTIVE", "capacityProviderArn": "arn:aws:ecs:us-east-1:043898046743:capacity-provider/FARGATE_SPOT", "name": "FARGATE_SPOT", "tags": []}], "ResponseMetadata": {"RetryAttempts": 0, "HTTPStatusCode": 200, "RequestId": "6e677831-0da4-415f-bce4-8dc826a41200", "HTTPHeaders": {"x-amzn-requestid": "6e677831-0da4-415f-bce4-8dc826a41200", "date": "Tue, 19 May 2020 15:19:39 GMT", "content-length": "297", "content-type": "application/x-amz-json-1.1"}}}}