{"region": "eu-west-2", "operation": "DescribeCapacityProviders", "service": "ecs", "response": {"capacityProviders": [{"status": "ACTIVE", "capacityProviderArn": "arn:aws:ecs:eu-west-2:043898046743:capacity-provider/FARGATE", "name": "FARGATE", "tags": []}, {"status": "ACTIVE", "capacityProviderArn": "arn:aws:ecs:eu-west-2:043898046743:capacity-provider/FARGATE_SPOT", "name": "FARGATE_SPOT", "tags": []}], "ResponseMetadata": {"RetryAttempts": 0, "HTTPStatusCode": 200, "RequestId": "9ca5ee5c-345c-4c2d-88ed-b774582a8e5b", "HTTPHeaders": {"x-amzn-requestid": "9ca5ee5c-345c-4c2d-88ed-b774582a8e5b", "date": "Tue, 19 May 2020 15:19:07 GMT", "content-length": "297", "content-type": "application/x-amz-json-1.1"}}}}