{"region": "ap-northeast-2", "operation": "DescribeCapacityProviders", "service": "ecs", "response": {"capacityProviders": [{"status": "ACTIVE", "capacityProviderArn": "arn:aws:ecs:ap-northeast-2:043898046743:capacity-provider/FARGATE", "name": "FARGATE", "tags": []}, {"status": "ACTIVE", "capacityProviderArn": "arn:aws:ecs:ap-northeast-2:043898046743:capacity-provider/FARGATE_SPOT", "name": "FARGATE_SPOT", "tags": []}], "ResponseMetadata": {"RetryAttempts": 0, "HTTPStatusCode": 200, "RequestId": "3aacc804-bd90-4ef4-aeda-ab7936d079ff", "HTTPHeaders": {"x-amzn-requestid": "3aacc804-bd90-4ef4-aeda-ab7936d079ff", "date": "Tue, 19 May 2020 15:19:50 GMT", "content-length": "307", "content-type": "application/x-amz-json-1.1"}}}}