{"region": "us-east-2", "operation": "DescribeCapacityProviders", "service": "ecs", "response": {"capacityProviders": [{"status": "ACTIVE", "capacityProviderArn": "arn:aws:ecs:us-east-2:043898046743:capacity-provider/FARGATE", "name": "FARGATE", "tags": []}, {"status": "ACTIVE", "capacityProviderArn": "arn:aws:ecs:us-east-2:043898046743:capacity-provider/FARGATE_SPOT", "name": "FARGATE_SPOT", "tags": []}], "ResponseMetadata": {"RetryAttempts": 0, "HTTPStatusCode": 200, "RequestId": "bbedb55f-b61e-4731-97f5-528e5ba79d20", "HTTPHeaders": {"x-amzn-requestid": "bbedb55f-b61e-4731-97f5-528e5ba79d20", "date": "Tue, 19 May 2020 15:19:37 GMT", "content-length": "297", "content-type": "application/x-amz-json-1.1"}}}}