{"region": "sa-east-1", "operation": "DescribeCapacityProviders", "service": "ecs", "response": {"capacityProviders": [{"status": "ACTIVE", "capacityProviderArn": "arn:aws:ecs:sa-east-1:043898046743:capacity-provider/FARGATE", "name": "FARGATE", "tags": []}, {"status": "ACTIVE", "capacityProviderArn": "arn:aws:ecs:sa-east-1:043898046743:capacity-provider/FARGATE_SPOT", "name": "FARGATE_SPOT", "tags": []}], "ResponseMetadata": {"RetryAttempts": 0, "HTTPStatusCode": 200, "RequestId": "1f78b19b-195b-4a4e-8843-5b085c481b72", "HTTPHeaders": {"x-amzn-requestid": "1f78b19b-195b-4a4e-8843-5b085c481b72", "date": "Tue, 19 May 2020 15:18:36 GMT", "content-length": "297", "content-type": "application/x-amz-json-1.1"}}}}