{"region": "eu-west-3", "operation": "DescribeCapacityProviders", "service": "ecs", "response": {"capacityProviders": [{"status": "ACTIVE", "capacityProviderArn": "arn:aws:ecs:eu-west-3:043898046743:capacity-provider/FARGATE", "name": "FARGATE", "tags": []}, {"status": "ACTIVE", "capacityProviderArn": "arn:aws:ecs:eu-west-3:043898046743:capacity-provider/FARGATE_SPOT", "name": "FARGATE_SPOT", "tags": []}], "ResponseMetadata": {"RetryAttempts": 0, "HTTPStatusCode": 200, "RequestId": "8d85e40a-ba91-4325-ad5e-5f831484da01", "HTTPHeaders": {"x-amzn-requestid": "8d85e40a-ba91-4325-ad5e-5f831484da01", "date": "Tue, 19 May 2020 15:19:30 GMT", "content-length": "297", "content-type": "application/x-amz-json-1.1"}}}}