{"region": "us-east-1", "operation": "ListTaskDefinitions", "service": "ecs", "response": {"ResponseMetadata": {"RetryAttempts": 0, "HTTPStatusCode": 200, "RequestId": "b262f580-271a-4072-914e-58173b025fb5", "HTTPHeaders": {"x-amzn-requestid": "b262f580-271a-4072-914e-58173b025fb5", "date": "Tue, 19 May 2020 15:18:32 GMT", "content-length": "139", "content-type": "application/x-amz-json-1.1"}}, "taskDefinitionArns": ["arn:aws:ecs:us-east-1:043898046743:task-definition/Stackset-AWS-Migration-Factory-TaskDefinition-1JPSC09G9K9YO:1"]}}