{"region": "ca-central-1", "operation": "DescribeCapacityProviders", "service": "ecs", "response": {"capacityProviders": [{"status": "ACTIVE", "capacityProviderArn": "arn:aws:ecs:ca-central-1:043898046743:capacity-provider/FARGATE", "name": "FARGATE", "tags": []}, {"status": "ACTIVE", "capacityProviderArn": "arn:aws:ecs:ca-central-1:043898046743:capacity-provider/FARGATE_SPOT", "name": "FARGATE_SPOT", "tags": []}], "ResponseMetadata": {"RetryAttempts": 0, "HTTPStatusCode": 200, "RequestId": "a7ae5d5b-65be-4726-9444-9c27b0e579b3", "HTTPHeaders": {"x-amzn-requestid": "a7ae5d5b-65be-4726-9444-9c27b0e579b3", "date": "Tue, 19 May 2020 15:19:22 GMT", "content-length": "303", "content-type": "application/x-amz-json-1.1"}}}}