{"region": "ap-southeast-1", "operation": "DescribeCapacityProviders", "service": "ecs", "response": {"capacityProviders": [{"status": "ACTIVE", "capacityProviderArn": "arn:aws:ecs:ap-southeast-1:043898046743:capacity-provider/FARGATE", "name": "FARGATE", "tags": []}, {"status": "ACTIVE", "capacityProviderArn": "arn:aws:ecs:ap-southeast-1:043898046743:capacity-provider/FARGATE_SPOT", "name": "FARGATE_SPOT", "tags": []}], "ResponseMetadata": {"RetryAttempts": 0, "HTTPStatusCode": 200, "RequestId": "1fd78aa8-15cb-44e7-9197-91c8b28bdbbb", "HTTPHeaders": {"x-amzn-requestid": "1fd78aa8-15cb-44e7-9197-91c8b28bdbbb", "date": "Tue, 19 May 2020 15:20:14 GMT", "content-length": "307", "content-type": "application/x-amz-json-1.1"}}}}