{"region": "eu-central-1", "operation": "DescribeCapacityProviders", "service": "ecs", "response": {"capacityProviders": [{"status": "ACTIVE", "capacityProviderArn": "arn:aws:ecs:eu-central-1:043898046743:capacity-provider/FARGATE", "name": "FARGATE", "tags": []}, {"status": "ACTIVE", "capacityProviderArn": "arn:aws:ecs:eu-central-1:043898046743:capacity-provider/FARGATE_SPOT", "name": "FARGATE_SPOT", "tags": []}], "ResponseMetadata": {"RetryAttempts": 0, "HTTPStatusCode": 200, "RequestId": "ba6f189b-e441-49c0-853e-5bafae33cbaf", "HTTPHeaders": {"x-amzn-requestid": "ba6f189b-e441-49c0-853e-5bafae33cbaf", "date": "Tue, 19 May 2020 15:18:29 GMT", "content-length": "303", "content-type": "application/x-amz-json-1.1"}}}}