{"region": "ap-east-1", "operation": "DescribeCapacityProviders", "service": "ecs", "response": {"capacityProviders": [{"status": "ACTIVE", "capacityProviderArn": "arn:aws:ecs:ap-east-1:043898046743:capacity-provider/FARGATE", "name": "FARGATE", "tags": []}, {"status": "ACTIVE", "capacityProviderArn": "arn:aws:ecs:ap-east-1:043898046743:capacity-provider/FARGATE_SPOT", "name": "FARGATE_SPOT", "tags": []}], "ResponseMetadata": {"RetryAttempts": 0, "HTTPStatusCode": 200, "RequestId": "d0be5947-dbd8-48e9-b5ab-a638eb18333d", "HTTPHeaders": {"x-amzn-requestid": "d0be5947-dbd8-48e9-b5ab-a638eb18333d", "date": "Tue, 19 May 2020 15:19:02 GMT", "content-length": "297", "content-type": "application/x-amz-json-1.1"}}}}