{"region": "us-east-1", "operation": "ListClusters", "service": "ecs", "response": {"clusterArns": ["arn:aws:ecs:us-east-1:043898046743:cluster/Stackset-AWS-Migration-Factory-FactoryBuild-1T074JSVVN1R4"], "ResponseMetadata": {"RetryAttempts": 0, "HTTPStatusCode": 200, "RequestId": "8a8d88a8-e79c-4a55-a7c7-12df88b75663", "HTTPHeaders": {"x-amzn-requestid": "8a8d88a8-e79c-4a55-a7c7-12df88b75663", "date": "Tue, 19 May 2020 15:19:57 GMT", "content-length": "120", "content-type": "application/x-amz-json-1.1"}}}}