{"region": "us-west-1", "operation": "DescribeCapacityProviders", "service": "ecs", "response": {"capacityProviders": [{"status": "ACTIVE", "capacityProviderArn": "arn:aws:ecs:us-west-1:043898046743:capacity-provider/FARGATE", "name": "FARGATE", "tags": []}, {"status": "ACTIVE", "capacityProviderArn": "arn:aws:ecs:us-west-1:043898046743:capacity-provider/FARGATE_SPOT", "name": "FARGATE_SPOT", "tags": []}], "ResponseMetadata": {"RetryAttempts": 0, "HTTPStatusCode": 200, "RequestId": "8130ff0f-022b-4d14-8ba6-9e51b6e5dd7c", "HTTPHeaders": {"x-amzn-requestid": "8130ff0f-022b-4d14-8ba6-9e51b6e5dd7c", "date": "Tue, 19 May 2020 15:19:52 GMT", "content-length": "297", "content-type": "application/x-amz-json-1.1"}}}}