{"region": "eu-north-1", "operation": "DescribeCapacityProviders", "service": "ecs", "response": {"capacityProviders": [{"status": "ACTIVE", "capacityProviderArn": "arn:aws:ecs:eu-north-1:043898046743:capacity-provider/FARGATE", "name": "FARGATE", "tags": []}, {"status": "ACTIVE", "capacityProviderArn": "arn:aws:ecs:eu-north-1:043898046743:capacity-provider/FARGATE_SPOT", "name": "FARGATE_SPOT", "tags": []}], "ResponseMetadata": {"RetryAttempts": 0, "HTTPStatusCode": 200, "RequestId": "6c41da9a-ce77-499d-b14d-00c21e64bc51", "HTTPHeaders": {"x-amzn-requestid": "6c41da9a-ce77-499d-b14d-00c21e64bc51", "date": "Tue, 19 May 2020 15:18:50 GMT", "content-length": "299", "content-type": "application/x-amz-json-1.1"}}}}