{"region": "us-west-2", "operation": "DescribeCapacityProviders", "service": "ecs", "response": {"capacityProviders": [{"status": "ACTIVE", "capacityProviderArn": "arn:aws:ecs:us-west-2:043898046743:capacity-provider/FARGATE", "name": "FARGATE", "tags": []}, {"status": "ACTIVE", "capacityProviderArn": "arn:aws:ecs:us-west-2:043898046743:capacity-provider/FARGATE_SPOT", "name": "FARGATE_SPOT", "tags": []}], "ResponseMetadata": {"RetryAttempts": 0, "HTTPStatusCode": 200, "RequestId": "b4b4d661-73f0-472d-b808-bfbb3118387f", "HTTPHeaders": {"x-amzn-requestid": "b4b4d661-73f0-472d-b808-bfbb3118387f", "date": "Tue, 19 May 2020 15:20:00 GMT", "content-length": "297", "content-type": "application/x-amz-json-1.1"}}}}