{"region": "eu-west-1", "operation": "ListPlatformBranches", "service": "elasticbeanstalk", "response": {"PlatformBranchSummaryList": [{"BranchOrder": 10000, "BranchName": "IIS 10.0 running on 64bit Windows Server 2019", "PlatformName": ".NET on Windows Server", "LifecycleState": "Supported", "SupportedTierList": ["WebServer/Standard"]}, {"BranchOrder": 9900, "BranchName": "IIS 10.0 running on 64bit Windows Server Core 2019", "PlatformName": ".NET on Windows Server", "LifecycleState": "Supported", "SupportedTierList": ["WebServer/Standard"]}, {"BranchOrder": 9800, "BranchName": "IIS 10.0 running on 64bit Windows Server 2016", "PlatformName": ".NET on Windows Server", "LifecycleState": "Supported", "SupportedTierList": ["WebServer/Standard"]}, {"BranchOrder": 9700, "BranchName": "IIS 10.0 running on 64bit Windows Server Core 2016", "PlatformName": ".NET on Windows Server", "LifecycleState": "Supported", "SupportedTierList": ["WebServer/Standard"]}, {"BranchOrder": 9300, "BranchName": "IIS 7.5 running on 64bit Windows Server 2008 R2", "PlatformName": ".NET on Windows Server", "LifecycleState": "Retired", "SupportedTierList": ["WebServer/Standard"]}, {"BranchOrder": 11000, "BranchName": "(BETA) Docker running on 64bit Amazon Linux 2", "PlatformName": "Docker", "LifecycleState": "Retired", "SupportedTierList": ["WebServer/Standard", "Worker/SQS/HTTP"]}, {"BranchOrder": 11000, "BranchName": "Docker running on 64bit Amazon Linux 2", "PlatformName": "Docker", "LifecycleState": "Supported", "SupportedTierList": ["WebServer/Standard", "Worker/SQS/HTTP"]}, {"BranchOrder": 9000, "BranchName": "Docker running on 64bit Amazon Linux", "PlatformName": "Docker", "LifecycleState": "Supported", "SupportedTierList": ["WebServer/Standard", "Worker/SQS/HTTP"]}, {"BranchOrder": 11000, "BranchName": "(BETA) Go 1 running on 64bit Amazon Linux 2", "PlatformName": "Go", "LifecycleState": "Retired", "SupportedTierList": ["WebServer/Standard", "Worker/SQS/HTTP"]}, {"BranchOrder": 11000, "BranchName": "Go 1 running on 64bit Amazon Linux 2", "PlatformName": "Go", "LifecycleState": "Supported", "SupportedTierList": ["WebServer/Standard", "Worker/SQS/HTTP"]}, {"BranchOrder": 10000, "BranchName": "Go 1 running on 64bit Amazon Linux", "PlatformName": "Go", "LifecycleState": "Supported", "SupportedTierList": ["WebServer/Standard", "Worker/SQS/HTTP"]}, {"BranchOrder": 10000, "BranchName": "(BETA) Corretto 11 running on 64bit Amazon Linux 2", "PlatformName": "Java", "LifecycleState": "Retired", "SupportedTierList": ["WebServer/Standard", "Worker/SQS/HTTP"]}, {"BranchOrder": 10000, "BranchName": "Corretto 11 running on 64bit Amazon Linux 2", "PlatformName": "Java", "LifecycleState": "Supported", "SupportedTierList": ["WebServer/Standard", "Worker/SQS/HTTP"]}, {"BranchOrder": 9900, "BranchName": "(BETA) Corretto 8 running on 64bit Amazon Linux 2", "PlatformName": "Java", "LifecycleState": "Retired", "SupportedTierList": ["WebServer/Standard", "Worker/SQS/HTTP"]}, {"BranchOrder": 9900, "BranchName": "Corretto 8 running on 64bit Amazon Linux 2", "PlatformName": "Java", "LifecycleState": "Supported", "SupportedTierList": ["WebServer/Standard", "Worker/SQS/HTTP"]}, {"BranchOrder": 11100, "BranchName": "(BETA) Node.js 12 running on 64bit Amazon Linux 2", "PlatformName": "Node.js", "LifecycleState": "Retired", "SupportedTierList": ["WebServer/Standard", "Worker/SQS/HTTP"]}, {"BranchOrder": 11000, "BranchName": "(BETA) Node.js 10 running on 64bit Amazon Linux 2", "PlatformName": "Node.js", "LifecycleState": "Retired", "SupportedTierList": ["WebServer/Standard", "Worker/SQS/HTTP"]}, {"BranchOrder": 11200, "BranchName": "(BETA) PHP 7.4 running on 64bit Amazon Linux 2", "PlatformName": "PHP", "LifecycleState": "Retired", "SupportedTierList": ["WebServer/Standard", "Worker/SQS/HTTP"]}, {"BranchOrder": 11100, "BranchName": "(BETA) PHP 7.3 running on 64bit Amazon Linux 2", "PlatformName": "PHP", "LifecycleState": "Retired", "SupportedTierList": ["WebServer/Standard", "Worker/SQS/HTTP"]}, {"BranchOrder": 11000, "BranchName": "(BETA) PHP 7.2 running on 64bit Amazon Linux 2", "PlatformName": "PHP", "LifecycleState": "Retired", "SupportedTierList": ["WebServer/Standard", "Worker/SQS/HTTP"]}, {"BranchOrder": 10000, "BranchName": "Elastic Beanstalk Packer Builder", "PlatformName": "Packer", "LifecycleState": "Supported", "SupportedTierList": []}, {"BranchOrder": 11000, "BranchName": "(BETA) Python 3.7 running on 64bit Amazon Linux 2", "PlatformName": "Python", "LifecycleState": "Retired", "SupportedTierList": ["WebServer/Standard", "Worker/SQS/HTTP"]}, {"BranchOrder": 11200, "BranchName": "(BETA) Ruby 2.7 running on 64bit Amazon Linux 2", "PlatformName": "Ruby", "LifecycleState": "Retired", "SupportedTierList": ["WebServer/Standard", "Worker/SQS/HTTP"]}, {"BranchOrder": 11100, "BranchName": "(BETA) Ruby 2.6 running on 64bit Amazon Linux 2", "PlatformName": "Ruby", "LifecycleState": "Retired", "SupportedTierList": ["WebServer/Standard", "Worker/SQS/HTTP"]}, {"BranchOrder": 11000, "BranchName": "(BETA) Ruby 2.5 running on 64bit Amazon Linux 2", "PlatformName": "Ruby", "LifecycleState": "Retired", "SupportedTierList": ["WebServer/Standard", "Worker/SQS/HTTP"]}], "NextToken": "AAAAAAAAAAJtPnxb0fPXBoeUCR5bZ9VOgmOs0Cvf+oRwQX1pXm+qofRzZk0+P4vNOWa3mV3HhT2DIC12m8oFs6xRNBsw7urS/NuwtaPQeKreFd4K5tS0Zk0vBzM4KXxH290wTjgifQO9wYh3RVmph6jXe3eWyiJXp6tG7C50GQJOnpmKXvChNw==", "ResponseMetadata": {"RetryAttempts": 0, "HTTPStatusCode": 200, "RequestId": "f5c93ada-aeb5-4c81-8447-5a132a90eb38", "HTTPHeaders": {"x-amzn-requestid": "f5c93ada-aeb5-4c81-8447-5a132a90eb38", "content-length": "10039", "vary": "accept-encoding", "connection": "keep-alive", "date": "Tue, 19 May 2020 15:19:22 GMT", "content-type": "text/xml"}}}}