{"region": "eu-west-2", "operation": "ListPlatformBranches", "service": "elasticbeanstalk", "response": {"PlatformBranchSummaryList": [{"BranchOrder": 10000, "BranchName": "IIS 10.0 running on 64bit Windows Server 2019", "PlatformName": ".NET on Windows Server", "LifecycleState": "Supported", "SupportedTierList": ["WebServer/Standard"]}, {"BranchOrder": 9900, "BranchName": "IIS 10.0 running on 64bit Windows Server Core 2019", "PlatformName": ".NET on Windows Server", "LifecycleState": "Supported", "SupportedTierList": ["WebServer/Standard"]}, {"BranchOrder": 9800, "BranchName": "IIS 10.0 running on 64bit Windows Server 2016", "PlatformName": ".NET on Windows Server", "LifecycleState": "Supported", "SupportedTierList": ["WebServer/Standard"]}, {"BranchOrder": 9700, "BranchName": "IIS 10.0 running on 64bit Windows Server Core 2016", "PlatformName": ".NET on Windows Server", "LifecycleState": "Supported", "SupportedTierList": ["WebServer/Standard"]}, {"BranchOrder": 9300, "BranchName": "IIS 7.5 running on 64bit Windows Server 2008 R2", "PlatformName": ".NET on Windows Server", "LifecycleState": "Retired", "SupportedTierList": ["WebServer/Standard"]}, {"BranchOrder": 11000, "BranchName": "(BETA) Docker running on 64bit Amazon Linux 2", "PlatformName": "Docker", "LifecycleState": "Retired", "SupportedTierList": ["WebServer/Standard", "Worker/SQS/HTTP"]}, {"BranchOrder": 11000, "BranchName": "Docker running on 64bit Amazon Linux 2", "PlatformName": "Docker", "LifecycleState": "Supported", "SupportedTierList": ["WebServer/Standard", "Worker/SQS/HTTP"]}, {"BranchOrder": 9000, "BranchName": "Docker running on 64bit Amazon Linux", "PlatformName": "Docker", "LifecycleState": "Supported", "SupportedTierList": ["WebServer/Standard", "Worker/SQS/HTTP"]}, {"BranchOrder": 11000, "BranchName": "(BETA) Go 1 running on 64bit Amazon Linux 2", "PlatformName": "Go", "LifecycleState": "Retired", "SupportedTierList": ["WebServer/Standard", "Worker/SQS/HTTP"]}, {"BranchOrder": 11000, "BranchName": "Go 1 running on 64bit Amazon Linux 2", "PlatformName": "Go", "LifecycleState": "Supported", "SupportedTierList": ["WebServer/Standard", "Worker/SQS/HTTP"]}, {"BranchOrder": 10000, "BranchName": "Go 1 running on 64bit Amazon Linux", "PlatformName": "Go", "LifecycleState": "Supported", "SupportedTierList": ["WebServer/Standard", "Worker/SQS/HTTP"]}, {"BranchOrder": 10000, "BranchName": "(BETA) Corretto 11 running on 64bit Amazon Linux 2", "PlatformName": "Java", "LifecycleState": "Retired", "SupportedTierList": ["WebServer/Standard", "Worker/SQS/HTTP"]}, {"BranchOrder": 10000, "BranchName": "Corretto 11 running on 64bit Amazon Linux 2", "PlatformName": "Java", "LifecycleState": "Supported", "SupportedTierList": ["WebServer/Standard", "Worker/SQS/HTTP"]}, {"BranchOrder": 9900, "BranchName": "(BETA) Corretto 8 running on 64bit Amazon Linux 2", "PlatformName": "Java", "LifecycleState": "Retired", "SupportedTierList": ["WebServer/Standard", "Worker/SQS/HTTP"]}, {"BranchOrder": 9900, "BranchName": "Corretto 8 running on 64bit Amazon Linux 2", "PlatformName": "Java", "LifecycleState": "Supported", "SupportedTierList": ["WebServer/Standard", "Worker/SQS/HTTP"]}, {"BranchOrder": 11100, "BranchName": "(BETA) Node.js 12 running on 64bit Amazon Linux 2", "PlatformName": "Node.js", "LifecycleState": "Retired", "SupportedTierList": ["WebServer/Standard", "Worker/SQS/HTTP"]}, {"BranchOrder": 11000, "BranchName": "(BETA) Node.js 10 running on 64bit Amazon Linux 2", "PlatformName": "Node.js", "LifecycleState": "Retired", "SupportedTierList": ["WebServer/Standard", "Worker/SQS/HTTP"]}, {"BranchOrder": 11200, "BranchName": "(BETA) PHP 7.4 running on 64bit Amazon Linux 2", "PlatformName": "PHP", "LifecycleState": "Retired", "SupportedTierList": ["WebServer/Standard", "Worker/SQS/HTTP"]}, {"BranchOrder": 11100, "BranchName": "(BETA) PHP 7.3 running on 64bit Amazon Linux 2", "PlatformName": "PHP", "LifecycleState": "Retired", "SupportedTierList": ["WebServer/Standard", "Worker/SQS/HTTP"]}, {"BranchOrder": 11000, "BranchName": "(BETA) PHP 7.2 running on 64bit Amazon Linux 2", "PlatformName": "PHP", "LifecycleState": "Retired", "SupportedTierList": ["WebServer/Standard", "Worker/SQS/HTTP"]}, {"BranchOrder": 10000, "BranchName": "Elastic Beanstalk Packer Builder", "PlatformName": "Packer", "LifecycleState": "Supported", "SupportedTierList": []}, {"BranchOrder": 11000, "BranchName": "(BETA) Python 3.7 running on 64bit Amazon Linux 2", "PlatformName": "Python", "LifecycleState": "Retired", "SupportedTierList": ["WebServer/Standard", "Worker/SQS/HTTP"]}, {"BranchOrder": 11200, "BranchName": "(BETA) Ruby 2.7 running on 64bit Amazon Linux 2", "PlatformName": "Ruby", "LifecycleState": "Retired", "SupportedTierList": ["WebServer/Standard", "Worker/SQS/HTTP"]}, {"BranchOrder": 11100, "BranchName": "(BETA) Ruby 2.6 running on 64bit Amazon Linux 2", "PlatformName": "Ruby", "LifecycleState": "Retired", "SupportedTierList": ["WebServer/Standard", "Worker/SQS/HTTP"]}, {"BranchOrder": 11000, "BranchName": "(BETA) Ruby 2.5 running on 64bit Amazon Linux 2", "PlatformName": "Ruby", "LifecycleState": "Retired", "SupportedTierList": ["WebServer/Standard", "Worker/SQS/HTTP"]}], "NextToken": "AAAAAAAAAAEHOabGDWgkv5jN79p9825QeAtYbnUavEk4e0+6aeBsDNvZVT/jWsiMPc39BpDLIbuOSLMAquCPC0DWdxEWHVh1goVNjHVP3wLf4/H7ou4rz/p73KJrjUA46nRfjgGcv2rUjWLADT/+5L0cxGRxX6ac527FlTdcobzj6UM8VIHNnA==", "ResponseMetadata": {"RetryAttempts": 0, "HTTPStatusCode": 200, "RequestId": "235844aa-2a89-4abc-8edc-6a26a1597536", "HTTPHeaders": {"x-amzn-requestid": "235844aa-2a89-4abc-8edc-6a26a1597536", "content-length": "10039", "vary": "accept-encoding", "connection": "keep-alive", "date": "Tue, 19 May 2020 15:19:27 GMT", "content-type": "text/xml"}}}}