{"region": "eu-west-1", "operation": "ListRules", "service": "events", "response": {"Rules": [{"Name": "Config-Rule-Compliance-Change-CloudWatch-Rule", "EventPattern": "{\"detail-type\":[\"Config Rules Compliance Change\"],\"source\":[\"aws.config\"]}", "EventBusName": "default", "State": "DISABLED", "Arn": "arn:aws:events:eu-west-1:043898046743:rule/Config-Rule-Compliance-Change-CloudWatch-Rule", "Description": "Landing Zone rule to send notification on Config Rule compliance changes."}, {"Name": "Forward-GuardDuty-Findings-CloudWatchLogGroup", "EventPattern": "{\"detail-type\":[\"GuardDuty Finding\"],\"source\":[\"aws.guardduty\"]}", "EventBusName": "default", "State": "ENABLED", "Arn": "arn:aws:events:eu-west-1:043898046743:rule/Forward-GuardDuty-Findings-CloudWatchLogGroup", "Description": "A CloudWatch Event Rule that collects GuardDuty findings and publish them to a CW Log Group for monitoring."}, {"Name": "StackSet-LambdaEncryptedAmiCopy-CloudWatchTrigger-ECE3Q4C45BLB", "EventPattern": "{\"detail-type\":[\"AWS API Call via CloudTrail\"],\"source\":[\"aws.ec2\"],\"detail\":{\"sourceIPAddress\":[\"imagebuilder.amazonaws.com\"],\"eventSource\":[\"ec2.amazonaws.com\"],\"eventName\":[\"ModifyImageAttribute\"]}}", "EventBusName": "default", "State": "ENABLED", "Arn": "arn:aws:events:eu-west-1:043898046743:rule/StackSet-LambdaEncryptedAmiCopy-CloudWatchTrigger-ECE3Q4C45BLB", "Description": "Trigger create encrypted AMI copy when Image Builder creates an AMI"}, {"Name": "csf-prod-security-remediate-cloudtr-LambdaSchedule-1455O06ZAC6R", "EventPattern": "{\"detail-type\":[\"Config Rules Compliance Change\"],\"source\":[\"aws.config\"],\"detail\":{\"configRuleName\":[\"CLOUD_TRAIL_ENABLED\"],\"messageType\":[\"ComplianceChangeNotification\"]}}", "EventBusName": "default", "State": "ENABLED", "Arn": "arn:aws:events:eu-west-1:043898046743:rule/csf-prod-security-remediate-cloudtr-LambdaSchedule-1455O06ZAC6R", "Description": "Unvalidated Cloudtrail logfile remediation Lambda"}, {"Name": "csf-prod-security-remediate-cloudtr-LambdaSchedule-FQAT7TDDRF9Z", "EventPattern": "{\"detail-type\":[\"Config Rules Compliance Change\"],\"source\":[\"aws.config\"],\"detail\":{\"configRuleName\":[\"CLOUD_TRAIL_CLOUD_WATCH_LOGS_ENABLED\"],\"messageType\":[\"ComplianceChangeNotification\"]}}", "EventBusName": "default", "State": "ENABLED", "Arn": "arn:aws:events:eu-west-1:043898046743:rule/csf-prod-security-remediate-cloudtr-LambdaSchedule-FQAT7TDDRF9Z", "Description": "Unvalidated Cloudtrail logfile remediation Lambda"}, {"Name": "csf-prod-security-remediate-databas-LambdaSchedule-1Q1ZSQ5CN5O40", "EventPattern": "{\"detail-type\":[\"Config Rules Compliance Change\"],\"source\":[\"aws.config\"],\"detail\":{\"configRuleName\":[\"RDS_INSTANCE_PUBLIC_ACCESS_CHECK\"],\"messageType\":[\"ComplianceChangeNotification\"]}}", "EventBusName": "default", "State": "ENABLED", "Arn": "arn:aws:events:eu-west-1:043898046743:rule/csf-prod-security-remediate-databas-LambdaSchedule-1Q1ZSQ5CN5O40", "Description": "Trigger Public RDS instance Shutdown Lambda"}, {"Name": "csf-prod-security-remediate-disable-LambdaSchedule-HGBUUXJJEV4R", "EventPattern": "{\"detail-type\":[\"Config Rules Compliance Change\"],\"source\":[\"aws.config\"],\"detail\":{\"configRuleName\":[\"CLOUD_TRAIL_ENABLED\"],\"messageType\":[\"ComplianceChangeNotification\"]}}", "EventBusName": "default", "State": "ENABLED", "Arn": "arn:aws:events:eu-west-1:043898046743:rule/csf-prod-security-remediate-disable-LambdaSchedule-HGBUUXJJEV4R", "Description": "Trigger Disabled Cloudtrail Lambda"}, {"Name": "csf-prod-security-remediate-iam-adm-LambdaSchedule-1OX234VNVTRSA", "EventPattern": "{\"detail-type\":[\"Config Rules Compliance Change\"],\"source\":[\"aws.config\"],\"detail\":{\"configRuleName\":[\"IAM_POLICY_NO_STATEMENTS_WITH_ADMIN_ACCESS\"],\"messageType\":[\"ComplianceChangeNotification\"]}}", "EventBusName": "default", "State": "ENABLED", "Arn": "arn:aws:events:eu-west-1:043898046743:rule/csf-prod-security-remediate-iam-adm-LambdaSchedule-1OX234VNVTRSA", "Description": "Trigger IAM Admin Policy Lambda"}, {"Name": "csf-prod-security-remediate-iam-key-LambdaSchedule-YHEKRA0WLNHI", "EventPattern": "{\"detail-type\":[\"Config Rules Compliance Change\"],\"source\":[\"aws.config\"],\"detail\":{\"configRuleName\":[\"ACCESS_KEYS_ROTATED\"],\"messageType\":[\"ComplianceChangeNotification\"]}}", "EventBusName": "default", "State": "ENABLED", "Arn": "arn:aws:events:eu-west-1:043898046743:rule/csf-prod-security-remediate-iam-key-LambdaSchedule-YHEKRA0WLNHI", "Description": "Trigger IAM Key rotation Lambda"}, {"Name": "csf-prod-security-remediate-iam-use-LambdaSchedule-W275EIULFQQB", "EventPattern": "{\"detail-type\":[\"Config Rules Compliance Change\"],\"source\":[\"aws.config\"],\"detail\":{\"configRuleName\":[\"MFA_ENABLED_FOR_IAM_CONSOLE_ACCESS\"],\"messageType\":[\"ComplianceChangeNotification\"]}}", "EventBusName": "default", "State": "ENABLED", "Arn": "arn:aws:events:eu-west-1:043898046743:rule/csf-prod-security-remediate-iam-use-LambdaSchedule-W275EIULFQQB", "Description": "Trigger IAM Users Console No MFA Lambda"}, {"Name": "csf-prod-security-remediate-kms-cus-LambdaSchedule-YF2C1TV3IK5U", "EventPattern": "{\"detail-type\":[\"Config Rules Compliance Change\"],\"source\":[\"aws.config\"],\"detail\":{\"configRuleName\":[\"CMK_BACKING_KEY_ROTATION_ENABLED\"],\"messageType\":[\"ComplianceChangeNotification\"]}}", "EventBusName": "default", "State": "ENABLED", "Arn": "arn:aws:events:eu-west-1:043898046743:rule/csf-prod-security-remediate-kms-cus-LambdaSchedule-YF2C1TV3IK5U", "Description": "Trigger KMS Key Rotation Lambda"}, {"Name": "csf-prod-security-remediate-managed-LambdaSchedule-148UYT0F685CN", "EventPattern": "{\"detail-type\":[\"Config Rules Compliance Change\"],\"source\":[\"aws.config\"],\"detail\":{\"configRuleName\":[\"IAM_USER_NO_POLICIES_CHECK\"],\"messageType\":[\"ComplianceChangeNotification\"]}}", "EventBusName": "default", "State": "ENABLED", "Arn": "arn:aws:events:eu-west-1:043898046743:rule/csf-prod-security-remediate-managed-LambdaSchedule-148UYT0F685CN", "Description": "Trigger Managed Policies Attached to Users Lambda"}, {"Name": "csf-prod-security-remediate-passwor-LambdaSchedule-1R2NPAMA7OXO0", "EventPattern": "{\"detail-type\":[\"Config Rules Compliance Change\"],\"source\":[\"aws.config\"],\"detail\":{\"configRuleName\":[\"IAM_PASSWORD_POLICY\"],\"messageType\":[\"ComplianceChangeNotification\"]}}", "EventBusName": "default", "State": "ENABLED", "Arn": "arn:aws:events:eu-west-1:043898046743:rule/csf-prod-security-remediate-passwor-LambdaSchedule-1R2NPAMA7OXO0", "Description": "Trigger Password Policy Lambda"}, {"Name": "csf-prod-security-remediate-s3-buck-LambdaSchedule-1H8XTD7AV04IM", "EventPattern": "{\"detail-type\":[\"Config Rules Compliance Change\"],\"source\":[\"aws.config\"],\"detail\":{\"configRuleName\":[\"S3_BUCKET_SERVER_SIDE_ENCRYPTION_ENABLED\"],\"messageType\":[\"ComplianceChangeNotification\"]}}", "EventBusName": "default", "State": "ENABLED", "Arn": "arn:aws:events:eu-west-1:043898046743:rule/csf-prod-security-remediate-s3-buck-LambdaSchedule-1H8XTD7AV04IM", "Description": "Trigger S3 Server Side Encryption Lambda"}, {"Name": "csf-prod-security-remediate-s3-buck-LambdaSchedule-1MQSSSWFPXQHB", "EventPattern": "{\"detail-type\":[\"Config Rules Compliance Change\"],\"source\":[\"aws.config\"],\"detail\":{\"configRuleName\":[\"S3_BUCKET_LOGGING_ENABLED\"],\"messageType\":[\"ComplianceChangeNotification\"]}}", "EventBusName": "default", "State": "ENABLED", "Arn": "arn:aws:events:eu-west-1:043898046743:rule/csf-prod-security-remediate-s3-buck-LambdaSchedule-1MQSSSWFPXQHB", "Description": "Trigger S3 Bucket Access Log Enable Lambda"}, {"Name": "csf-prod-security-remediate-s3-buck-LambdaSchedule-NZA8MHUS5YNS", "EventPattern": "{\"detail-type\":[\"Config Rules Compliance Change\"],\"source\":[\"aws.config\"],\"detail\":{\"configRuleName\":[\"S3_BUCKET_PUBLIC_READ_PROHIBITED\",\"S3_BUCKET_PUBLIC_WRITE_PROHIBITED\"],\"messageType\":[\"ComplianceChangeNotification\"]}}", "EventBusName": "default", "State": "ENABLED", "Arn": "arn:aws:events:eu-west-1:043898046743:rule/csf-prod-security-remediate-s3-buck-LambdaSchedule-NZA8MHUS5YNS", "Description": "Trigger S3 Bucket Public Read Write Lambda"}, {"Name": "csf-prod-security-remediate-s3-ssl-LambdaSchedule-105Y428ST38W8", "EventPattern": "{\"detail-type\":[\"Config Rules Compliance Change\"],\"source\":[\"aws.config\"],\"detail\":{\"configRuleName\":[\"S3_BUCKET_SSL_REQUESTS_ONLY\"],\"messageType\":[\"ComplianceChangeNotification\"]}}", "EventBusName": "default", "State": "ENABLED", "Arn": "arn:aws:events:eu-west-1:043898046743:rule/csf-prod-security-remediate-s3-ssl-LambdaSchedule-105Y428ST38W8", "Description": "Trigger S3 SSL only Lambda"}, {"Name": "csf-prod-security-remediate-securit-LambdaSchedule-15FXE3FR4PWB4", "EventPattern": "{\"detail-type\":[\"Config Rules Compliance Change\"],\"source\":[\"aws.config\"],\"detail\":{\"configRuleName\":[\"RESTRICTED_INCOMING_TRAFFIC\"],\"messageType\":[\"ComplianceChangeNotification\"]}}", "EventBusName": "default", "State": "ENABLED", "Arn": "arn:aws:events:eu-west-1:043898046743:rule/csf-prod-security-remediate-securit-LambdaSchedule-15FXE3FR4PWB4", "Description": "Trigger S3 Server Side Encryption Lambda"}, {"Name": "csf-prod-security-remediate-securit-LambdaSchedule-G58YJ6Y0P9BM", "EventPattern": "{\"detail-type\":[\"Config Rules Compliance Change\"],\"source\":[\"aws.config\"],\"detail\":{\"configRuleName\":[\"INCOMING_SSH_DISABLED\"],\"messageType\":[\"ComplianceChangeNotification\"]}}", "EventBusName": "default", "State": "ENABLED", "Arn": "arn:aws:events:eu-west-1:043898046743:rule/csf-prod-security-remediate-securit-LambdaSchedule-G58YJ6Y0P9BM", "Description": "Trigger S3 Server Side Encryption Lambda"}, {"Name": "csf-prod-security-remediate-unencry-LambdaSchedule-L10CMGJXZZWD", "EventPattern": "{\"detail-type\":[\"Config Rules Compliance Change\"],\"source\":[\"aws.config\"],\"detail\":{\"configRuleName\":[\"CLOUD_TRAIL_ENCRYPTION_ENABLED\"],\"messageType\":[\"ComplianceChangeNotification\"]}}", "EventBusName": "default", "State": "ENABLED", "Arn": "arn:aws:events:eu-west-1:043898046743:rule/csf-prod-security-remediate-unencry-LambdaSchedule-L10CMGJXZZWD", "Description": "Unencrypted Cloudtrail remediation Lambda"}, {"Name": "csf-prod-security-remediate-unused-LambdaSchedule-18QAD6VSTHT4M", "EventPattern": "{\"detail-type\":[\"Config Rules Compliance Change\"],\"source\":[\"aws.config\"],\"detail\":{\"configRuleName\":[\"IAM_USER_UNUSED_CREDENTIALS_CHECK\"],\"messageType\":[\"ComplianceChangeNotification\"]}}", "EventBusName": "default", "State": "ENABLED", "Arn": "arn:aws:events:eu-west-1:043898046743:rule/csf-prod-security-remediate-unused-LambdaSchedule-18QAD6VSTHT4M", "Description": "Trigger Unused IAM User Lambda"}, {"Name": "csf-prod-security-remediate-unvalid-LambdaSchedule-5C8A6TKF86JY", "EventPattern": "{\"detail-type\":[\"Config Rules Compliance Change\"],\"source\":[\"aws.config\"],\"detail\":{\"configRuleName\":[\"CLOUD_TRAIL_LOG_FILE_VALIDATION_ENABLED\"],\"messageType\":[\"ComplianceChangeNotification\"]}}", "EventBusName": "default", "State": "ENABLED", "Arn": "arn:aws:events:eu-west-1:043898046743:rule/csf-prod-security-remediate-unvalid-LambdaSchedule-5C8A6TKF86JY", "Description": "Unvalidated Cloudtrail logfile remediation Lambda"}, {"Name": "csf-prod-security-remediate-vpc-def-LambdaSchedule-Y7NGNEBPNN8J", "EventPattern": "{\"detail-type\":[\"Config Rules Compliance Change\"],\"source\":[\"aws.config\"],\"detail\":{\"configRuleName\":[\"VPC_DEFAULT_SECURITY_GROUP_CLOSED\"],\"messageType\":[\"ComplianceChangeNotification\"]}}", "EventBusName": "default", "State": "ENABLED", "Arn": "arn:aws:events:eu-west-1:043898046743:rule/csf-prod-security-remediate-vpc-def-LambdaSchedule-Y7NGNEBPNN8J", "Description": "Trigger S3 Server Side Encryption Lambda"}, {"Name": "csf-prod-security-remediate-vpc-flo-LambdaSchedule-P37AT63ZUPZR", "EventPattern": "{\"detail-type\":[\"Config Rules Compliance Change\"],\"source\":[\"aws.config\"],\"detail\":{\"configRuleName\":[\"VPC_FLOW_LOGS_ENABLED\"],\"messageType\":[\"ComplianceChangeNotification\"]}}", "EventBusName": "default", "State": "ENABLED", "Arn": "arn:aws:events:eu-west-1:043898046743:rule/csf-prod-security-remediate-vpc-flo-LambdaSchedule-P37AT63ZUPZR", "Description": "Trigger VPC Flow Log Lambda"}, {"Name": "detect-IAM-changes", "EventPattern": "{\"detail-type\":[\"AWS API Call via CloudTrail\"],\"detail\":{\"eventSource\":[\"iam.amazonaws.com\"],\"eventName\":[\"AddClientIDToOpenIDConnectProvider\",\"AttachGroupPolicy\",\"AttachRolePolicy\",\"AttachUserPolicy\",\"AddUserToGroup\",\"CreateCustomerGateway\",\"ChangePassword\",\"CreateLoginProfile\",\"CreateAccessKey\",\"CreateOpenIDConnectProvider\",\"CreatePolicyVersion\",\"CreateSAMLProvider\",\"CreateServiceLinkedRole\",\"CreateServiceSpecificCredential\",\"CreateUser\",\"DeactivateMFADevice\",\"DeleteRole\",\"DeleteRolePermissionsBoundary\",\"DeleteSAMLProvider\",\"DeleteUser\",\"DetachGroupPolicy\",\"DetachRolePolicy\",\"DetachUserPolicy\",\"EnableMFADevice\",\"GenerateCredentialReport\",\"GenerateOrganizationsAccessReport\",\"GenerateServiceLastAccessedDetails\",\"GetCredentialReport\",\"GetOrganizationsAccessReport\",\"GetServiceLastAccessedDetails\",\"GetServiceLastAccessedDetailsWithEntities\",\"PutGroupPolicy\",\"PutRolePolicy\",\"PutUserPolicy\",\"PassRole\",\"RemoveClientIDFromOpenIDConnectProvider\",\"RemoveRoleFromInstanceProfile\",\"RemoveUserFromGroup\",\"ResetServiceSpecificCredential\",\"UpdateLoginProfile\",\"UpdateSAMLProvider\",\"UpdateAssumeRolePolicy\",\"UploadServerCertificate\",\"UploadSigningCertificate\",\"UploadSSHPublicKey\",\"SetDefaultPolicyVersion\",\"TagRole\",\"TagUser\",\"UntagRole\",\"UntagUser\"]}}", "EventBusName": "default", "State": "ENABLED", "Arn": "arn:aws:events:eu-west-1:043898046743:rule/detect-IAM-changes", "Description": "A CloudWatch Event Rule that detects changes to IAM configuration and publishes change events to a CW Log Group for monitoring."}, {"Name": "detect-network-changes", "EventPattern": "{\"detail-type\":[\"AWS API Call via CloudTrail\"],\"detail\":{\"eventSource\":[\"ec2.amazonaws.com\"],\"eventName\":[\"AttachInternetGateway\",\"AssociateRouteTable\",\"CreateCustomerGateway\",\"CreateInternetGateway\",\"CreateRoute\",\"CreateRouteTable\",\"DeleteCustomerGateway\",\"DeleteInternetGateway\",\"DeleteRoute\",\"DeleteRouteTable\",\"DeleteDhcpOptions\",\"DetachInternetGateway\",\"DisassociateRouteTable\",\"ReplaceRoute\",\"ReplaceRouteTableAssociation\"]}}", "EventBusName": "default", "State": "ENABLED", "Arn": "arn:aws:events:eu-west-1:043898046743:rule/detect-network-changes", "Description": "A CloudWatch Event Rule that detects changes to network configuration and publishes change events to a CW Log Group for monitoring."}], "ResponseMetadata": {"RetryAttempts": 0, "HTTPStatusCode": 200, "RequestId": "d63f9c9a-e0ac-49f0-9a56-f2bf2b8e4bb8", "HTTPHeaders": {"x-amzn-requestid": "d63f9c9a-e0ac-49f0-9a56-f2bf2b8e4bb8", "date": "Tue, 19 May 2020 15:18:50 GMT", "content-length": "14526", "content-type": "application/x-amz-json-1.1"}}}}