{"region": "ap-southeast-1", "operation": "ListRules", "service": "events", "response": {"Rules": [{"Name": "Config-Rule-Compliance-Change-CloudWatch-Rule", "EventPattern": "{\"detail-type\":[\"Config Rules Compliance Change\"],\"source\":[\"aws.config\"]}", "EventBusName": "default", "State": "DISABLED", "Arn": "arn:aws:events:ap-southeast-1:043898046743:rule/Config-Rule-Compliance-Change-CloudWatch-Rule", "Description": "Landing Zone rule to send notification on Config Rule compliance changes."}, {"Name": "Forward-GuardDuty-Findings-CloudWatchLogGroup", "EventPattern": "{\"detail-type\":[\"GuardDuty Finding\"],\"source\":[\"aws.guardduty\"]}", "EventBusName": "default", "State": "ENABLED", "Arn": "arn:aws:events:ap-southeast-1:043898046743:rule/Forward-GuardDuty-Findings-CloudWatchLogGroup", "Description": "A CloudWatch Event Rule that collects GuardDuty findings and publish them to a CW Log Group for monitoring."}, {"Name": "StackSet-LambdaEncryptedAmiCopy-CloudWatchTrigger-MM8777N5VQOZ", "EventPattern": "{\"detail-type\":[\"AWS API Call via CloudTrail\"],\"source\":[\"aws.ec2\"],\"detail\":{\"sourceIPAddress\":[\"imagebuilder.amazonaws.com\"],\"eventSource\":[\"ec2.amazonaws.com\"],\"eventName\":[\"ModifyImageAttribute\"]}}", "EventBusName": "default", "State": "ENABLED", "Arn": "arn:aws:events:ap-southeast-1:043898046743:rule/StackSet-LambdaEncryptedAmiCopy-CloudWatchTrigger-MM8777N5VQOZ", "Description": "Trigger create encrypted AMI copy when Image Builder creates an AMI"}, {"Name": "csf-prod-security-remediate-cloudtr-LambdaSchedule-121ALNFMMUOU8", "EventPattern": "{\"detail-type\":[\"Config Rules Compliance Change\"],\"source\":[\"aws.config\"],\"detail\":{\"configRuleName\":[\"CLOUD_TRAIL_ENABLED\"],\"messageType\":[\"ComplianceChangeNotification\"]}}", "EventBusName": "default", "State": "ENABLED", "Arn": "arn:aws:events:ap-southeast-1:043898046743:rule/csf-prod-security-remediate-cloudtr-LambdaSchedule-121ALNFMMUOU8", "Description": "Unvalidated Cloudtrail logfile remediation Lambda"}, {"Name": "csf-prod-security-remediate-cloudtr-LambdaSchedule-17ULTY1W469ZM", "EventPattern": "{\"detail-type\":[\"Config Rules Compliance Change\"],\"source\":[\"aws.config\"],\"detail\":{\"configRuleName\":[\"CLOUD_TRAIL_CLOUD_WATCH_LOGS_ENABLED\"],\"messageType\":[\"ComplianceChangeNotification\"]}}", "EventBusName": "default", "State": "ENABLED", "Arn": "arn:aws:events:ap-southeast-1:043898046743:rule/csf-prod-security-remediate-cloudtr-LambdaSchedule-17ULTY1W469ZM", "Description": "Unvalidated Cloudtrail logfile remediation Lambda"}, {"Name": "csf-prod-security-remediate-databas-LambdaSchedule-17I2TV3YF0TWP", "EventPattern": "{\"detail-type\":[\"Config Rules Compliance Change\"],\"source\":[\"aws.config\"],\"detail\":{\"configRuleName\":[\"RDS_INSTANCE_PUBLIC_ACCESS_CHECK\"],\"messageType\":[\"ComplianceChangeNotification\"]}}", "EventBusName": "default", "State": "ENABLED", "Arn": "arn:aws:events:ap-southeast-1:043898046743:rule/csf-prod-security-remediate-databas-LambdaSchedule-17I2TV3YF0TWP", "Description": "Trigger Public RDS instance Shutdown Lambda"}, {"Name": "csf-prod-security-remediate-disable-LambdaSchedule-CMI8UHDI69YY", "EventPattern": "{\"detail-type\":[\"Config Rules Compliance Change\"],\"source\":[\"aws.config\"],\"detail\":{\"configRuleName\":[\"CLOUD_TRAIL_ENABLED\"],\"messageType\":[\"ComplianceChangeNotification\"]}}", "EventBusName": "default", "State": "ENABLED", "Arn": "arn:aws:events:ap-southeast-1:043898046743:rule/csf-prod-security-remediate-disable-LambdaSchedule-CMI8UHDI69YY", "Description": "Trigger Disabled Cloudtrail Lambda"}, {"Name": "csf-prod-security-remediate-iam-adm-LambdaSchedule-1KAS8MO15YYJA", "EventPattern": "{\"detail-type\":[\"Config Rules Compliance Change\"],\"source\":[\"aws.config\"],\"detail\":{\"configRuleName\":[\"IAM_POLICY_NO_STATEMENTS_WITH_ADMIN_ACCESS\"],\"messageType\":[\"ComplianceChangeNotification\"]}}", "EventBusName": "default", "State": "ENABLED", "Arn": "arn:aws:events:ap-southeast-1:043898046743:rule/csf-prod-security-remediate-iam-adm-LambdaSchedule-1KAS8MO15YYJA", "Description": "Trigger IAM Admin Policy Lambda"}, {"Name": "csf-prod-security-remediate-iam-key-LambdaSchedule-1JGWXR7JX3PHQ", "EventPattern": "{\"detail-type\":[\"Config Rules Compliance Change\"],\"source\":[\"aws.config\"],\"detail\":{\"configRuleName\":[\"ACCESS_KEYS_ROTATED\"],\"messageType\":[\"ComplianceChangeNotification\"]}}", "EventBusName": "default", "State": "ENABLED", "Arn": "arn:aws:events:ap-southeast-1:043898046743:rule/csf-prod-security-remediate-iam-key-LambdaSchedule-1JGWXR7JX3PHQ", "Description": "Trigger IAM Key rotation Lambda"}, {"Name": "csf-prod-security-remediate-iam-use-LambdaSchedule-1NMRNQ91AUCC2", "EventPattern": "{\"detail-type\":[\"Config Rules Compliance Change\"],\"source\":[\"aws.config\"],\"detail\":{\"configRuleName\":[\"MFA_ENABLED_FOR_IAM_CONSOLE_ACCESS\"],\"messageType\":[\"ComplianceChangeNotification\"]}}", "EventBusName": "default", "State": "ENABLED", "Arn": "arn:aws:events:ap-southeast-1:043898046743:rule/csf-prod-security-remediate-iam-use-LambdaSchedule-1NMRNQ91AUCC2", "Description": "Trigger IAM Users Console No MFA Lambda"}, {"Name": "csf-prod-security-remediate-kms-cus-LambdaSchedule-M0H50ZP17ALI", "EventPattern": "{\"detail-type\":[\"Config Rules Compliance Change\"],\"source\":[\"aws.config\"],\"detail\":{\"configRuleName\":[\"CMK_BACKING_KEY_ROTATION_ENABLED\"],\"messageType\":[\"ComplianceChangeNotification\"]}}", "EventBusName": "default", "State": "ENABLED", "Arn": "arn:aws:events:ap-southeast-1:043898046743:rule/csf-prod-security-remediate-kms-cus-LambdaSchedule-M0H50ZP17ALI", "Description": "Trigger KMS Key Rotation Lambda"}, {"Name": "csf-prod-security-remediate-managed-LambdaSchedule-1QE22DFQRAEO5", "EventPattern": "{\"detail-type\":[\"Config Rules Compliance Change\"],\"source\":[\"aws.config\"],\"detail\":{\"configRuleName\":[\"IAM_USER_NO_POLICIES_CHECK\"],\"messageType\":[\"ComplianceChangeNotification\"]}}", "EventBusName": "default", "State": "ENABLED", "Arn": "arn:aws:events:ap-southeast-1:043898046743:rule/csf-prod-security-remediate-managed-LambdaSchedule-1QE22DFQRAEO5", "Description": "Trigger Managed Policies Attached to Users Lambda"}, {"Name": "csf-prod-security-remediate-passwor-LambdaSchedule-CS5G9T8VVAVH", "EventPattern": "{\"detail-type\":[\"Config Rules Compliance Change\"],\"source\":[\"aws.config\"],\"detail\":{\"configRuleName\":[\"IAM_PASSWORD_POLICY\"],\"messageType\":[\"ComplianceChangeNotification\"]}}", "EventBusName": "default", "State": "ENABLED", "Arn": "arn:aws:events:ap-southeast-1:043898046743:rule/csf-prod-security-remediate-passwor-LambdaSchedule-CS5G9T8VVAVH", "Description": "Trigger Password Policy Lambda"}, {"Name": "csf-prod-security-remediate-s3-buck-LambdaSchedule-13CS3XABGMZUH", "EventPattern": "{\"detail-type\":[\"Config Rules Compliance Change\"],\"source\":[\"aws.config\"],\"detail\":{\"configRuleName\":[\"S3_BUCKET_PUBLIC_READ_PROHIBITED\",\"S3_BUCKET_PUBLIC_WRITE_PROHIBITED\"],\"messageType\":[\"ComplianceChangeNotification\"]}}", "EventBusName": "default", "State": "ENABLED", "Arn": "arn:aws:events:ap-southeast-1:043898046743:rule/csf-prod-security-remediate-s3-buck-LambdaSchedule-13CS3XABGMZUH", "Description": "Trigger S3 Bucket Public Read Write Lambda"}, {"Name": "csf-prod-security-remediate-s3-buck-LambdaSchedule-172VHPY4SL4CA", "EventPattern": "{\"detail-type\":[\"Config Rules Compliance Change\"],\"source\":[\"aws.config\"],\"detail\":{\"configRuleName\":[\"S3_BUCKET_SERVER_SIDE_ENCRYPTION_ENABLED\"],\"messageType\":[\"ComplianceChangeNotification\"]}}", "EventBusName": "default", "State": "ENABLED", "Arn": "arn:aws:events:ap-southeast-1:043898046743:rule/csf-prod-security-remediate-s3-buck-LambdaSchedule-172VHPY4SL4CA", "Description": "Trigger S3 Server Side Encryption Lambda"}, {"Name": "csf-prod-security-remediate-s3-buck-LambdaSchedule-BSTLVKO10PVR", "EventPattern": "{\"detail-type\":[\"Config Rules Compliance Change\"],\"source\":[\"aws.config\"],\"detail\":{\"configRuleName\":[\"S3_BUCKET_LOGGING_ENABLED\"],\"messageType\":[\"ComplianceChangeNotification\"]}}", "EventBusName": "default", "State": "ENABLED", "Arn": "arn:aws:events:ap-southeast-1:043898046743:rule/csf-prod-security-remediate-s3-buck-LambdaSchedule-BSTLVKO10PVR", "Description": "Trigger S3 Bucket Access Log Enable Lambda"}, {"Name": "csf-prod-security-remediate-s3-ssl-LambdaSchedule-1M78NL0EQ7IR6", "EventPattern": "{\"detail-type\":[\"Config Rules Compliance Change\"],\"source\":[\"aws.config\"],\"detail\":{\"configRuleName\":[\"S3_BUCKET_SSL_REQUESTS_ONLY\"],\"messageType\":[\"ComplianceChangeNotification\"]}}", "EventBusName": "default", "State": "ENABLED", "Arn": "arn:aws:events:ap-southeast-1:043898046743:rule/csf-prod-security-remediate-s3-ssl-LambdaSchedule-1M78NL0EQ7IR6", "Description": "Trigger S3 SSL only Lambda"}, {"Name": "csf-prod-security-remediate-securit-LambdaSchedule-1D3Z4LJJGOSYJ", "EventPattern": "{\"detail-type\":[\"Config Rules Compliance Change\"],\"source\":[\"aws.config\"],\"detail\":{\"configRuleName\":[\"INCOMING_SSH_DISABLED\"],\"messageType\":[\"ComplianceChangeNotification\"]}}", "EventBusName": "default", "State": "ENABLED", "Arn": "arn:aws:events:ap-southeast-1:043898046743:rule/csf-prod-security-remediate-securit-LambdaSchedule-1D3Z4LJJGOSYJ", "Description": "Trigger S3 Server Side Encryption Lambda"}, {"Name": "csf-prod-security-remediate-securit-LambdaSchedule-1OV6L4B5U3FYL", "EventPattern": "{\"detail-type\":[\"Config Rules Compliance Change\"],\"source\":[\"aws.config\"],\"detail\":{\"configRuleName\":[\"RESTRICTED_INCOMING_TRAFFIC\"],\"messageType\":[\"ComplianceChangeNotification\"]}}", "EventBusName": "default", "State": "ENABLED", "Arn": "arn:aws:events:ap-southeast-1:043898046743:rule/csf-prod-security-remediate-securit-LambdaSchedule-1OV6L4B5U3FYL", "Description": "Trigger S3 Server Side Encryption Lambda"}, {"Name": "csf-prod-security-remediate-unencry-LambdaSchedule-10JAM2GS159NV", "EventPattern": "{\"detail-type\":[\"Config Rules Compliance Change\"],\"source\":[\"aws.config\"],\"detail\":{\"configRuleName\":[\"CLOUD_TRAIL_ENCRYPTION_ENABLED\"],\"messageType\":[\"ComplianceChangeNotification\"]}}", "EventBusName": "default", "State": "ENABLED", "Arn": "arn:aws:events:ap-southeast-1:043898046743:rule/csf-prod-security-remediate-unencry-LambdaSchedule-10JAM2GS159NV", "Description": "Unencrypted Cloudtrail remediation Lambda"}, {"Name": "csf-prod-security-remediate-unused-LambdaSchedule-4RNU173RGGSE", "EventPattern": "{\"detail-type\":[\"Config Rules Compliance Change\"],\"source\":[\"aws.config\"],\"detail\":{\"configRuleName\":[\"IAM_USER_UNUSED_CREDENTIALS_CHECK\"],\"messageType\":[\"ComplianceChangeNotification\"]}}", "EventBusName": "default", "State": "ENABLED", "Arn": "arn:aws:events:ap-southeast-1:043898046743:rule/csf-prod-security-remediate-unused-LambdaSchedule-4RNU173RGGSE", "Description": "Trigger Unused IAM User Lambda"}, {"Name": "csf-prod-security-remediate-unvalid-LambdaSchedule-7CS0DMVJG7F2", "EventPattern": "{\"detail-type\":[\"Config Rules Compliance Change\"],\"source\":[\"aws.config\"],\"detail\":{\"configRuleName\":[\"CLOUD_TRAIL_LOG_FILE_VALIDATION_ENABLED\"],\"messageType\":[\"ComplianceChangeNotification\"]}}", "EventBusName": "default", "State": "ENABLED", "Arn": "arn:aws:events:ap-southeast-1:043898046743:rule/csf-prod-security-remediate-unvalid-LambdaSchedule-7CS0DMVJG7F2", "Description": "Unvalidated Cloudtrail logfile remediation Lambda"}, {"Name": "csf-prod-security-remediate-vpc-def-LambdaSchedule-1DPXSOQ3UCOFG", "EventPattern": "{\"detail-type\":[\"Config Rules Compliance Change\"],\"source\":[\"aws.config\"],\"detail\":{\"configRuleName\":[\"VPC_DEFAULT_SECURITY_GROUP_CLOSED\"],\"messageType\":[\"ComplianceChangeNotification\"]}}", "EventBusName": "default", "State": "ENABLED", "Arn": "arn:aws:events:ap-southeast-1:043898046743:rule/csf-prod-security-remediate-vpc-def-LambdaSchedule-1DPXSOQ3UCOFG", "Description": "Trigger S3 Server Side Encryption Lambda"}, {"Name": "csf-prod-security-remediate-vpc-flo-LambdaSchedule-8DV6YPXV58LG", "EventPattern": "{\"detail-type\":[\"Config Rules Compliance Change\"],\"source\":[\"aws.config\"],\"detail\":{\"configRuleName\":[\"VPC_FLOW_LOGS_ENABLED\"],\"messageType\":[\"ComplianceChangeNotification\"]}}", "EventBusName": "default", "State": "ENABLED", "Arn": "arn:aws:events:ap-southeast-1:043898046743:rule/csf-prod-security-remediate-vpc-flo-LambdaSchedule-8DV6YPXV58LG", "Description": "Trigger VPC Flow Log Lambda"}, {"Name": "detect-IAM-changes", "EventPattern": "{\"detail-type\":[\"AWS API Call via CloudTrail\"],\"detail\":{\"eventSource\":[\"iam.amazonaws.com\"],\"eventName\":[\"AddClientIDToOpenIDConnectProvider\",\"AttachGroupPolicy\",\"AttachRolePolicy\",\"AttachUserPolicy\",\"AddUserToGroup\",\"CreateCustomerGateway\",\"ChangePassword\",\"CreateLoginProfile\",\"CreateAccessKey\",\"CreateOpenIDConnectProvider\",\"CreatePolicyVersion\",\"CreateSAMLProvider\",\"CreateServiceLinkedRole\",\"CreateServiceSpecificCredential\",\"CreateUser\",\"DeactivateMFADevice\",\"DeleteRole\",\"DeleteRolePermissionsBoundary\",\"DeleteSAMLProvider\",\"DeleteUser\",\"DetachGroupPolicy\",\"DetachRolePolicy\",\"DetachUserPolicy\",\"EnableMFADevice\",\"GenerateCredentialReport\",\"GenerateOrganizationsAccessReport\",\"GenerateServiceLastAccessedDetails\",\"GetCredentialReport\",\"GetOrganizationsAccessReport\",\"GetServiceLastAccessedDetails\",\"GetServiceLastAccessedDetailsWithEntities\",\"PutGroupPolicy\",\"PutRolePolicy\",\"PutUserPolicy\",\"PassRole\",\"RemoveClientIDFromOpenIDConnectProvider\",\"RemoveRoleFromInstanceProfile\",\"RemoveUserFromGroup\",\"ResetServiceSpecificCredential\",\"UpdateLoginProfile\",\"UpdateSAMLProvider\",\"UpdateAssumeRolePolicy\",\"UploadServerCertificate\",\"UploadSigningCertificate\",\"UploadSSHPublicKey\",\"SetDefaultPolicyVersion\",\"TagRole\",\"TagUser\",\"UntagRole\",\"UntagUser\"]}}", "EventBusName": "default", "State": "ENABLED", "Arn": "arn:aws:events:ap-southeast-1:043898046743:rule/detect-IAM-changes", "Description": "A CloudWatch Event Rule that detects changes to IAM configuration and publishes change events to a CW Log Group for monitoring."}, {"Name": "detect-network-changes", "EventPattern": "{\"detail-type\":[\"AWS API Call via CloudTrail\"],\"detail\":{\"eventSource\":[\"ec2.amazonaws.com\"],\"eventName\":[\"AttachInternetGateway\",\"AssociateRouteTable\",\"CreateCustomerGateway\",\"CreateInternetGateway\",\"CreateRoute\",\"CreateRouteTable\",\"DeleteCustomerGateway\",\"DeleteInternetGateway\",\"DeleteRoute\",\"DeleteRouteTable\",\"DeleteDhcpOptions\",\"DetachInternetGateway\",\"DisassociateRouteTable\",\"ReplaceRoute\",\"ReplaceRouteTableAssociation\"]}}", "EventBusName": "default", "State": "ENABLED", "Arn": "arn:aws:events:ap-southeast-1:043898046743:rule/detect-network-changes", "Description": "A CloudWatch Event Rule that detects changes to network configuration and publishes change events to a CW Log Group for monitoring."}], "ResponseMetadata": {"RetryAttempts": 0, "HTTPStatusCode": 200, "RequestId": "60c1f254-d86d-442c-b901-65ccaea32d5d", "HTTPHeaders": {"x-amzn-requestid": "60c1f254-d86d-442c-b901-65ccaea32d5d", "date": "Tue, 19 May 2020 15:18:29 GMT", "content-length": "14666", "content-type": "application/x-amz-json-1.1"}}}}