{"region": "ap-southeast-2", "operation": "ListRules", "service": "events", "response": {"Rules": [{"Name": "Config-Rule-Compliance-Change-CloudWatch-Rule", "EventPattern": "{\"detail-type\":[\"Config Rules Compliance Change\"],\"source\":[\"aws.config\"]}", "EventBusName": "default", "State": "DISABLED", "Arn": "arn:aws:events:ap-southeast-2:043898046743:rule/Config-Rule-Compliance-Change-CloudWatch-Rule", "Description": "Landing Zone rule to send notification on Config Rule compliance changes."}, {"Name": "Forward-GuardDuty-Findings-CloudWatchLogGroup", "EventPattern": "{\"detail-type\":[\"GuardDuty Finding\"],\"source\":[\"aws.guardduty\"]}", "EventBusName": "default", "State": "ENABLED", "Arn": "arn:aws:events:ap-southeast-2:043898046743:rule/Forward-GuardDuty-Findings-CloudWatchLogGroup", "Description": "A CloudWatch Event Rule that collects GuardDuty findings and publish them to a CW Log Group for monitoring."}, {"Name": "StackSet-LambdaEncryptedAmiCopy-CloudWatchTrigger-19XG6YRYPGEZG", "EventPattern": "{\"detail-type\":[\"AWS API Call via CloudTrail\"],\"source\":[\"aws.ec2\"],\"detail\":{\"sourceIPAddress\":[\"imagebuilder.amazonaws.com\"],\"eventSource\":[\"ec2.amazonaws.com\"],\"eventName\":[\"ModifyImageAttribute\"]}}", "EventBusName": "default", "State": "ENABLED", "Arn": "arn:aws:events:ap-southeast-2:043898046743:rule/StackSet-LambdaEncryptedAmiCopy-CloudWatchTrigger-19XG6YRYPGEZG", "Description": "Trigger create encrypted AMI copy when Image Builder creates an AMI"}, {"Name": "csf-prod-security-remediate-cloudtr-LambdaSchedule-1O0UYB69TT3SC", "EventPattern": "{\"detail-type\":[\"Config Rules Compliance Change\"],\"source\":[\"aws.config\"],\"detail\":{\"configRuleName\":[\"CLOUD_TRAIL_CLOUD_WATCH_LOGS_ENABLED\"],\"messageType\":[\"ComplianceChangeNotification\"]}}", "EventBusName": "default", "State": "ENABLED", "Arn": "arn:aws:events:ap-southeast-2:043898046743:rule/csf-prod-security-remediate-cloudtr-LambdaSchedule-1O0UYB69TT3SC", "Description": "Unvalidated Cloudtrail logfile remediation Lambda"}, {"Name": "csf-prod-security-remediate-cloudtr-LambdaSchedule-Y5J1N9H03FLO", "EventPattern": "{\"detail-type\":[\"Config Rules Compliance Change\"],\"source\":[\"aws.config\"],\"detail\":{\"configRuleName\":[\"CLOUD_TRAIL_ENABLED\"],\"messageType\":[\"ComplianceChangeNotification\"]}}", "EventBusName": "default", "State": "ENABLED", "Arn": "arn:aws:events:ap-southeast-2:043898046743:rule/csf-prod-security-remediate-cloudtr-LambdaSchedule-Y5J1N9H03FLO", "Description": "Unvalidated Cloudtrail logfile remediation Lambda"}, {"Name": "csf-prod-security-remediate-databas-LambdaSchedule-19AVIC1HAAZ2A", "EventPattern": "{\"detail-type\":[\"Config Rules Compliance Change\"],\"source\":[\"aws.config\"],\"detail\":{\"configRuleName\":[\"RDS_INSTANCE_PUBLIC_ACCESS_CHECK\"],\"messageType\":[\"ComplianceChangeNotification\"]}}", "EventBusName": "default", "State": "ENABLED", "Arn": "arn:aws:events:ap-southeast-2:043898046743:rule/csf-prod-security-remediate-databas-LambdaSchedule-19AVIC1HAAZ2A", "Description": "Trigger Public RDS instance Shutdown Lambda"}, {"Name": "csf-prod-security-remediate-disable-LambdaSchedule-1AQ33ZVWT1RXI", "EventPattern": "{\"detail-type\":[\"Config Rules Compliance Change\"],\"source\":[\"aws.config\"],\"detail\":{\"configRuleName\":[\"CLOUD_TRAIL_ENABLED\"],\"messageType\":[\"ComplianceChangeNotification\"]}}", "EventBusName": "default", "State": "ENABLED", "Arn": "arn:aws:events:ap-southeast-2:043898046743:rule/csf-prod-security-remediate-disable-LambdaSchedule-1AQ33ZVWT1RXI", "Description": "Trigger Disabled Cloudtrail Lambda"}, {"Name": "csf-prod-security-remediate-iam-adm-LambdaSchedule-1DDIKIPAWRLD8", "EventPattern": "{\"detail-type\":[\"Config Rules Compliance Change\"],\"source\":[\"aws.config\"],\"detail\":{\"configRuleName\":[\"IAM_POLICY_NO_STATEMENTS_WITH_ADMIN_ACCESS\"],\"messageType\":[\"ComplianceChangeNotification\"]}}", "EventBusName": "default", "State": "ENABLED", "Arn": "arn:aws:events:ap-southeast-2:043898046743:rule/csf-prod-security-remediate-iam-adm-LambdaSchedule-1DDIKIPAWRLD8", "Description": "Trigger IAM Admin Policy Lambda"}, {"Name": "csf-prod-security-remediate-iam-key-LambdaSchedule-1H2XAKH2TMBJZ", "EventPattern": "{\"detail-type\":[\"Config Rules Compliance Change\"],\"source\":[\"aws.config\"],\"detail\":{\"configRuleName\":[\"ACCESS_KEYS_ROTATED\"],\"messageType\":[\"ComplianceChangeNotification\"]}}", "EventBusName": "default", "State": "ENABLED", "Arn": "arn:aws:events:ap-southeast-2:043898046743:rule/csf-prod-security-remediate-iam-key-LambdaSchedule-1H2XAKH2TMBJZ", "Description": "Trigger IAM Key rotation Lambda"}, {"Name": "csf-prod-security-remediate-iam-use-LambdaSchedule-1TUDYTY3BAN51", "EventPattern": "{\"detail-type\":[\"Config Rules Compliance Change\"],\"source\":[\"aws.config\"],\"detail\":{\"configRuleName\":[\"MFA_ENABLED_FOR_IAM_CONSOLE_ACCESS\"],\"messageType\":[\"ComplianceChangeNotification\"]}}", "EventBusName": "default", "State": "ENABLED", "Arn": "arn:aws:events:ap-southeast-2:043898046743:rule/csf-prod-security-remediate-iam-use-LambdaSchedule-1TUDYTY3BAN51", "Description": "Trigger IAM Users Console No MFA Lambda"}, {"Name": "csf-prod-security-remediate-kms-cus-LambdaSchedule-GZBIO0WCE7YW", "EventPattern": "{\"detail-type\":[\"Config Rules Compliance Change\"],\"source\":[\"aws.config\"],\"detail\":{\"configRuleName\":[\"CMK_BACKING_KEY_ROTATION_ENABLED\"],\"messageType\":[\"ComplianceChangeNotification\"]}}", "EventBusName": "default", "State": "ENABLED", "Arn": "arn:aws:events:ap-southeast-2:043898046743:rule/csf-prod-security-remediate-kms-cus-LambdaSchedule-GZBIO0WCE7YW", "Description": "Trigger KMS Key Rotation Lambda"}, {"Name": "csf-prod-security-remediate-managed-LambdaSchedule-HKKRU8PGRY21", "EventPattern": "{\"detail-type\":[\"Config Rules Compliance Change\"],\"source\":[\"aws.config\"],\"detail\":{\"configRuleName\":[\"IAM_USER_NO_POLICIES_CHECK\"],\"messageType\":[\"ComplianceChangeNotification\"]}}", "EventBusName": "default", "State": "ENABLED", "Arn": "arn:aws:events:ap-southeast-2:043898046743:rule/csf-prod-security-remediate-managed-LambdaSchedule-HKKRU8PGRY21", "Description": "Trigger Managed Policies Attached to Users Lambda"}, {"Name": "csf-prod-security-remediate-passwor-LambdaSchedule-9DUIPSJEFPRV", "EventPattern": "{\"detail-type\":[\"Config Rules Compliance Change\"],\"source\":[\"aws.config\"],\"detail\":{\"configRuleName\":[\"IAM_PASSWORD_POLICY\"],\"messageType\":[\"ComplianceChangeNotification\"]}}", "EventBusName": "default", "State": "ENABLED", "Arn": "arn:aws:events:ap-southeast-2:043898046743:rule/csf-prod-security-remediate-passwor-LambdaSchedule-9DUIPSJEFPRV", "Description": "Trigger Password Policy Lambda"}, {"Name": "csf-prod-security-remediate-s3-buck-LambdaSchedule-188JPRP8SBL14", "EventPattern": "{\"detail-type\":[\"Config Rules Compliance Change\"],\"source\":[\"aws.config\"],\"detail\":{\"configRuleName\":[\"S3_BUCKET_PUBLIC_READ_PROHIBITED\",\"S3_BUCKET_PUBLIC_WRITE_PROHIBITED\"],\"messageType\":[\"ComplianceChangeNotification\"]}}", "EventBusName": "default", "State": "ENABLED", "Arn": "arn:aws:events:ap-southeast-2:043898046743:rule/csf-prod-security-remediate-s3-buck-LambdaSchedule-188JPRP8SBL14", "Description": "Trigger S3 Bucket Public Read Write Lambda"}, {"Name": "csf-prod-security-remediate-s3-buck-LambdaSchedule-1DANTQHQ8W9SY", "EventPattern": "{\"detail-type\":[\"Config Rules Compliance Change\"],\"source\":[\"aws.config\"],\"detail\":{\"configRuleName\":[\"S3_BUCKET_SERVER_SIDE_ENCRYPTION_ENABLED\"],\"messageType\":[\"ComplianceChangeNotification\"]}}", "EventBusName": "default", "State": "ENABLED", "Arn": "arn:aws:events:ap-southeast-2:043898046743:rule/csf-prod-security-remediate-s3-buck-LambdaSchedule-1DANTQHQ8W9SY", "Description": "Trigger S3 Server Side Encryption Lambda"}, {"Name": "csf-prod-security-remediate-s3-buck-LambdaSchedule-8DNL6EJXLQ5E", "EventPattern": "{\"detail-type\":[\"Config Rules Compliance Change\"],\"source\":[\"aws.config\"],\"detail\":{\"configRuleName\":[\"S3_BUCKET_LOGGING_ENABLED\"],\"messageType\":[\"ComplianceChangeNotification\"]}}", "EventBusName": "default", "State": "ENABLED", "Arn": "arn:aws:events:ap-southeast-2:043898046743:rule/csf-prod-security-remediate-s3-buck-LambdaSchedule-8DNL6EJXLQ5E", "Description": "Trigger S3 Bucket Access Log Enable Lambda"}, {"Name": "csf-prod-security-remediate-s3-ssl-LambdaSchedule-5OEQ0RPN48O3", "EventPattern": "{\"detail-type\":[\"Config Rules Compliance Change\"],\"source\":[\"aws.config\"],\"detail\":{\"configRuleName\":[\"S3_BUCKET_SSL_REQUESTS_ONLY\"],\"messageType\":[\"ComplianceChangeNotification\"]}}", "EventBusName": "default", "State": "ENABLED", "Arn": "arn:aws:events:ap-southeast-2:043898046743:rule/csf-prod-security-remediate-s3-ssl-LambdaSchedule-5OEQ0RPN48O3", "Description": "Trigger S3 SSL only Lambda"}, {"Name": "csf-prod-security-remediate-securit-LambdaSchedule-ISKPMH80YVE9", "EventPattern": "{\"detail-type\":[\"Config Rules Compliance Change\"],\"source\":[\"aws.config\"],\"detail\":{\"configRuleName\":[\"INCOMING_SSH_DISABLED\"],\"messageType\":[\"ComplianceChangeNotification\"]}}", "EventBusName": "default", "State": "ENABLED", "Arn": "arn:aws:events:ap-southeast-2:043898046743:rule/csf-prod-security-remediate-securit-LambdaSchedule-ISKPMH80YVE9", "Description": "Trigger S3 Server Side Encryption Lambda"}, {"Name": "csf-prod-security-remediate-securit-LambdaSchedule-ZCYC0E7RHCCL", "EventPattern": "{\"detail-type\":[\"Config Rules Compliance Change\"],\"source\":[\"aws.config\"],\"detail\":{\"configRuleName\":[\"RESTRICTED_INCOMING_TRAFFIC\"],\"messageType\":[\"ComplianceChangeNotification\"]}}", "EventBusName": "default", "State": "ENABLED", "Arn": "arn:aws:events:ap-southeast-2:043898046743:rule/csf-prod-security-remediate-securit-LambdaSchedule-ZCYC0E7RHCCL", "Description": "Trigger S3 Server Side Encryption Lambda"}, {"Name": "csf-prod-security-remediate-unencry-LambdaSchedule-QQOMIMT3WTZI", "EventPattern": "{\"detail-type\":[\"Config Rules Compliance Change\"],\"source\":[\"aws.config\"],\"detail\":{\"configRuleName\":[\"CLOUD_TRAIL_ENCRYPTION_ENABLED\"],\"messageType\":[\"ComplianceChangeNotification\"]}}", "EventBusName": "default", "State": "ENABLED", "Arn": "arn:aws:events:ap-southeast-2:043898046743:rule/csf-prod-security-remediate-unencry-LambdaSchedule-QQOMIMT3WTZI", "Description": "Unencrypted Cloudtrail remediation Lambda"}, {"Name": "csf-prod-security-remediate-unused-LambdaSchedule-IUA5CN7YKAN9", "EventPattern": "{\"detail-type\":[\"Config Rules Compliance Change\"],\"source\":[\"aws.config\"],\"detail\":{\"configRuleName\":[\"IAM_USER_UNUSED_CREDENTIALS_CHECK\"],\"messageType\":[\"ComplianceChangeNotification\"]}}", "EventBusName": "default", "State": "ENABLED", "Arn": "arn:aws:events:ap-southeast-2:043898046743:rule/csf-prod-security-remediate-unused-LambdaSchedule-IUA5CN7YKAN9", "Description": "Trigger Unused IAM User Lambda"}, {"Name": "csf-prod-security-remediate-unvalid-LambdaSchedule-1WF5YRHV2FS74", "EventPattern": "{\"detail-type\":[\"Config Rules Compliance Change\"],\"source\":[\"aws.config\"],\"detail\":{\"configRuleName\":[\"CLOUD_TRAIL_LOG_FILE_VALIDATION_ENABLED\"],\"messageType\":[\"ComplianceChangeNotification\"]}}", "EventBusName": "default", "State": "ENABLED", "Arn": "arn:aws:events:ap-southeast-2:043898046743:rule/csf-prod-security-remediate-unvalid-LambdaSchedule-1WF5YRHV2FS74", "Description": "Unvalidated Cloudtrail logfile remediation Lambda"}, {"Name": "csf-prod-security-remediate-vpc-def-LambdaSchedule-64SD1TOGVWDO", "EventPattern": "{\"detail-type\":[\"Config Rules Compliance Change\"],\"source\":[\"aws.config\"],\"detail\":{\"configRuleName\":[\"VPC_DEFAULT_SECURITY_GROUP_CLOSED\"],\"messageType\":[\"ComplianceChangeNotification\"]}}", "EventBusName": "default", "State": "ENABLED", "Arn": "arn:aws:events:ap-southeast-2:043898046743:rule/csf-prod-security-remediate-vpc-def-LambdaSchedule-64SD1TOGVWDO", "Description": "Trigger S3 Server Side Encryption Lambda"}, {"Name": "csf-prod-security-remediate-vpc-flo-LambdaSchedule-SFXNG8XUVGM9", "EventPattern": "{\"detail-type\":[\"Config Rules Compliance Change\"],\"source\":[\"aws.config\"],\"detail\":{\"configRuleName\":[\"VPC_FLOW_LOGS_ENABLED\"],\"messageType\":[\"ComplianceChangeNotification\"]}}", "EventBusName": "default", "State": "ENABLED", "Arn": "arn:aws:events:ap-southeast-2:043898046743:rule/csf-prod-security-remediate-vpc-flo-LambdaSchedule-SFXNG8XUVGM9", "Description": "Trigger VPC Flow Log Lambda"}, {"Name": "detect-IAM-changes", "EventPattern": "{\"detail-type\":[\"AWS API Call via CloudTrail\"],\"detail\":{\"eventSource\":[\"iam.amazonaws.com\"],\"eventName\":[\"AddClientIDToOpenIDConnectProvider\",\"AttachGroupPolicy\",\"AttachRolePolicy\",\"AttachUserPolicy\",\"AddUserToGroup\",\"CreateCustomerGateway\",\"ChangePassword\",\"CreateLoginProfile\",\"CreateAccessKey\",\"CreateOpenIDConnectProvider\",\"CreatePolicyVersion\",\"CreateSAMLProvider\",\"CreateServiceLinkedRole\",\"CreateServiceSpecificCredential\",\"CreateUser\",\"DeactivateMFADevice\",\"DeleteRole\",\"DeleteRolePermissionsBoundary\",\"DeleteSAMLProvider\",\"DeleteUser\",\"DetachGroupPolicy\",\"DetachRolePolicy\",\"DetachUserPolicy\",\"EnableMFADevice\",\"GenerateCredentialReport\",\"GenerateOrganizationsAccessReport\",\"GenerateServiceLastAccessedDetails\",\"GetCredentialReport\",\"GetOrganizationsAccessReport\",\"GetServiceLastAccessedDetails\",\"GetServiceLastAccessedDetailsWithEntities\",\"PutGroupPolicy\",\"PutRolePolicy\",\"PutUserPolicy\",\"PassRole\",\"RemoveClientIDFromOpenIDConnectProvider\",\"RemoveRoleFromInstanceProfile\",\"RemoveUserFromGroup\",\"ResetServiceSpecificCredential\",\"UpdateLoginProfile\",\"UpdateSAMLProvider\",\"UpdateAssumeRolePolicy\",\"UploadServerCertificate\",\"UploadSigningCertificate\",\"UploadSSHPublicKey\",\"SetDefaultPolicyVersion\",\"TagRole\",\"TagUser\",\"UntagRole\",\"UntagUser\"]}}", "EventBusName": "default", "State": "ENABLED", "Arn": "arn:aws:events:ap-southeast-2:043898046743:rule/detect-IAM-changes", "Description": "A CloudWatch Event Rule that detects changes to IAM configuration and publishes change events to a CW Log Group for monitoring."}, {"Name": "detect-network-changes", "EventPattern": "{\"detail-type\":[\"AWS API Call via CloudTrail\"],\"detail\":{\"eventSource\":[\"ec2.amazonaws.com\"],\"eventName\":[\"AttachInternetGateway\",\"AssociateRouteTable\",\"CreateCustomerGateway\",\"CreateInternetGateway\",\"CreateRoute\",\"CreateRouteTable\",\"DeleteCustomerGateway\",\"DeleteInternetGateway\",\"DeleteRoute\",\"DeleteRouteTable\",\"DeleteDhcpOptions\",\"DetachInternetGateway\",\"DisassociateRouteTable\",\"ReplaceRoute\",\"ReplaceRouteTableAssociation\"]}}", "EventBusName": "default", "State": "ENABLED", "Arn": "arn:aws:events:ap-southeast-2:043898046743:rule/detect-network-changes", "Description": "A CloudWatch Event Rule that detects changes to network configuration and publishes change events to a CW Log Group for monitoring."}], "ResponseMetadata": {"RetryAttempts": 0, "HTTPStatusCode": 200, "RequestId": "214e75d6-cd45-4805-99d6-d7e28da5c5c7", "HTTPHeaders": {"x-amzn-requestid": "214e75d6-cd45-4805-99d6-d7e28da5c5c7", "date": "Tue, 19 May 2020 15:19:09 GMT", "content-length": "14658", "content-type": "application/x-amz-json-1.1"}}}}