{"region": "us-east-2", "operation": "ListRules", "service": "events", "response": {"Rules": [{"Name": "Config-Rule-Compliance-Change-CloudWatch-Rule", "EventPattern": "{\"detail-type\":[\"Config Rules Compliance Change\"],\"source\":[\"aws.config\"]}", "EventBusName": "default", "State": "DISABLED", "Arn": "arn:aws:events:us-east-2:043898046743:rule/Config-Rule-Compliance-Change-CloudWatch-Rule", "Description": "Landing Zone rule to send notification on Config Rule compliance changes."}, {"Name": "Forward-GuardDuty-Findings-CloudWatchLogGroup", "EventPattern": "{\"detail-type\":[\"GuardDuty Finding\"],\"source\":[\"aws.guardduty\"]}", "EventBusName": "default", "State": "ENABLED", "Arn": "arn:aws:events:us-east-2:043898046743:rule/Forward-GuardDuty-Findings-CloudWatchLogGroup", "Description": "A CloudWatch Event Rule that collects GuardDuty findings and publish them to a CW Log Group for monitoring."}, {"Name": "StackSet-LambdaEncryptedAmiCopy-CloudWatchTrigger-18MB5C35WQAVS", "EventPattern": "{\"detail-type\":[\"AWS API Call via CloudTrail\"],\"source\":[\"aws.ec2\"],\"detail\":{\"sourceIPAddress\":[\"imagebuilder.amazonaws.com\"],\"eventSource\":[\"ec2.amazonaws.com\"],\"eventName\":[\"ModifyImageAttribute\"]}}", "EventBusName": "default", "State": "ENABLED", "Arn": "arn:aws:events:us-east-2:043898046743:rule/StackSet-LambdaEncryptedAmiCopy-CloudWatchTrigger-18MB5C35WQAVS", "Description": "Trigger create encrypted AMI copy when Image Builder creates an AMI"}, {"Name": "csf-prod-security-remediate-cloudtr-LambdaSchedule-BIGYS64VCO41", "EventPattern": "{\"detail-type\":[\"Config Rules Compliance Change\"],\"source\":[\"aws.config\"],\"detail\":{\"configRuleName\":[\"CLOUD_TRAIL_ENABLED\"],\"messageType\":[\"ComplianceChangeNotification\"]}}", "EventBusName": "default", "State": "ENABLED", "Arn": "arn:aws:events:us-east-2:043898046743:rule/csf-prod-security-remediate-cloudtr-LambdaSchedule-BIGYS64VCO41", "Description": "Unvalidated Cloudtrail logfile remediation Lambda"}, {"Name": "csf-prod-security-remediate-cloudtr-LambdaSchedule-SGVS0WP5K9Z", "EventPattern": "{\"detail-type\":[\"Config Rules Compliance Change\"],\"source\":[\"aws.config\"],\"detail\":{\"configRuleName\":[\"CLOUD_TRAIL_CLOUD_WATCH_LOGS_ENABLED\"],\"messageType\":[\"ComplianceChangeNotification\"]}}", "EventBusName": "default", "State": "ENABLED", "Arn": "arn:aws:events:us-east-2:043898046743:rule/csf-prod-security-remediate-cloudtr-LambdaSchedule-SGVS0WP5K9Z", "Description": "Unvalidated Cloudtrail logfile remediation Lambda"}, {"Name": "csf-prod-security-remediate-databas-LambdaSchedule-H5YT7MXPJYOX", "EventPattern": "{\"detail-type\":[\"Config Rules Compliance Change\"],\"source\":[\"aws.config\"],\"detail\":{\"configRuleName\":[\"RDS_INSTANCE_PUBLIC_ACCESS_CHECK\"],\"messageType\":[\"ComplianceChangeNotification\"]}}", "EventBusName": "default", "State": "ENABLED", "Arn": "arn:aws:events:us-east-2:043898046743:rule/csf-prod-security-remediate-databas-LambdaSchedule-H5YT7MXPJYOX", "Description": "Trigger Public RDS instance Shutdown Lambda"}, {"Name": "csf-prod-security-remediate-disable-LambdaSchedule-VP1BPJ27YF6W", "EventPattern": "{\"detail-type\":[\"Config Rules Compliance Change\"],\"source\":[\"aws.config\"],\"detail\":{\"configRuleName\":[\"CLOUD_TRAIL_ENABLED\"],\"messageType\":[\"ComplianceChangeNotification\"]}}", "EventBusName": "default", "State": "ENABLED", "Arn": "arn:aws:events:us-east-2:043898046743:rule/csf-prod-security-remediate-disable-LambdaSchedule-VP1BPJ27YF6W", "Description": "Trigger Disabled Cloudtrail Lambda"}, {"Name": "csf-prod-security-remediate-iam-adm-LambdaSchedule-URJX5W1GIMCA", "EventPattern": "{\"detail-type\":[\"Config Rules Compliance Change\"],\"source\":[\"aws.config\"],\"detail\":{\"configRuleName\":[\"IAM_POLICY_NO_STATEMENTS_WITH_ADMIN_ACCESS\"],\"messageType\":[\"ComplianceChangeNotification\"]}}", "EventBusName": "default", "State": "ENABLED", "Arn": "arn:aws:events:us-east-2:043898046743:rule/csf-prod-security-remediate-iam-adm-LambdaSchedule-URJX5W1GIMCA", "Description": "Trigger IAM Admin Policy Lambda"}, {"Name": "csf-prod-security-remediate-iam-key-LambdaSchedule-5B745QROZ9D9", "EventPattern": "{\"detail-type\":[\"Config Rules Compliance Change\"],\"source\":[\"aws.config\"],\"detail\":{\"configRuleName\":[\"ACCESS_KEYS_ROTATED\"],\"messageType\":[\"ComplianceChangeNotification\"]}}", "EventBusName": "default", "State": "ENABLED", "Arn": "arn:aws:events:us-east-2:043898046743:rule/csf-prod-security-remediate-iam-key-LambdaSchedule-5B745QROZ9D9", "Description": "Trigger IAM Key rotation Lambda"}, {"Name": "csf-prod-security-remediate-iam-use-LambdaSchedule-1U7OO6KAVNUIY", "EventPattern": "{\"detail-type\":[\"Config Rules Compliance Change\"],\"source\":[\"aws.config\"],\"detail\":{\"configRuleName\":[\"MFA_ENABLED_FOR_IAM_CONSOLE_ACCESS\"],\"messageType\":[\"ComplianceChangeNotification\"]}}", "EventBusName": "default", "State": "ENABLED", "Arn": "arn:aws:events:us-east-2:043898046743:rule/csf-prod-security-remediate-iam-use-LambdaSchedule-1U7OO6KAVNUIY", "Description": "Trigger IAM Users Console No MFA Lambda"}, {"Name": "csf-prod-security-remediate-kms-cus-LambdaSchedule-LS5KF4PN67LR", "EventPattern": "{\"detail-type\":[\"Config Rules Compliance Change\"],\"source\":[\"aws.config\"],\"detail\":{\"configRuleName\":[\"CMK_BACKING_KEY_ROTATION_ENABLED\"],\"messageType\":[\"ComplianceChangeNotification\"]}}", "EventBusName": "default", "State": "ENABLED", "Arn": "arn:aws:events:us-east-2:043898046743:rule/csf-prod-security-remediate-kms-cus-LambdaSchedule-LS5KF4PN67LR", "Description": "Trigger KMS Key Rotation Lambda"}, {"Name": "csf-prod-security-remediate-managed-LambdaSchedule-NE343XUMIM8W", "EventPattern": "{\"detail-type\":[\"Config Rules Compliance Change\"],\"source\":[\"aws.config\"],\"detail\":{\"configRuleName\":[\"IAM_USER_NO_POLICIES_CHECK\"],\"messageType\":[\"ComplianceChangeNotification\"]}}", "EventBusName": "default", "State": "ENABLED", "Arn": "arn:aws:events:us-east-2:043898046743:rule/csf-prod-security-remediate-managed-LambdaSchedule-NE343XUMIM8W", "Description": "Trigger Managed Policies Attached to Users Lambda"}, {"Name": "csf-prod-security-remediate-passwor-LambdaSchedule-QYNS59J26TQF", "EventPattern": "{\"detail-type\":[\"Config Rules Compliance Change\"],\"source\":[\"aws.config\"],\"detail\":{\"configRuleName\":[\"IAM_PASSWORD_POLICY\"],\"messageType\":[\"ComplianceChangeNotification\"]}}", "EventBusName": "default", "State": "ENABLED", "Arn": "arn:aws:events:us-east-2:043898046743:rule/csf-prod-security-remediate-passwor-LambdaSchedule-QYNS59J26TQF", "Description": "Trigger Password Policy Lambda"}, {"Name": "csf-prod-security-remediate-s3-buck-LambdaSchedule-1F1EV16ZL7NF5", "EventPattern": "{\"detail-type\":[\"Config Rules Compliance Change\"],\"source\":[\"aws.config\"],\"detail\":{\"configRuleName\":[\"S3_BUCKET_SERVER_SIDE_ENCRYPTION_ENABLED\"],\"messageType\":[\"ComplianceChangeNotification\"]}}", "EventBusName": "default", "State": "ENABLED", "Arn": "arn:aws:events:us-east-2:043898046743:rule/csf-prod-security-remediate-s3-buck-LambdaSchedule-1F1EV16ZL7NF5", "Description": "Trigger S3 Server Side Encryption Lambda"}, {"Name": "csf-prod-security-remediate-s3-buck-LambdaSchedule-1IPASV33U7DT7", "EventPattern": "{\"detail-type\":[\"Config Rules Compliance Change\"],\"source\":[\"aws.config\"],\"detail\":{\"configRuleName\":[\"S3_BUCKET_PUBLIC_READ_PROHIBITED\",\"S3_BUCKET_PUBLIC_WRITE_PROHIBITED\"],\"messageType\":[\"ComplianceChangeNotification\"]}}", "EventBusName": "default", "State": "ENABLED", "Arn": "arn:aws:events:us-east-2:043898046743:rule/csf-prod-security-remediate-s3-buck-LambdaSchedule-1IPASV33U7DT7", "Description": "Trigger S3 Bucket Public Read Write Lambda"}, {"Name": "csf-prod-security-remediate-s3-buck-LambdaSchedule-1RENVU12RJ0JB", "EventPattern": "{\"detail-type\":[\"Config Rules Compliance Change\"],\"source\":[\"aws.config\"],\"detail\":{\"configRuleName\":[\"S3_BUCKET_LOGGING_ENABLED\"],\"messageType\":[\"ComplianceChangeNotification\"]}}", "EventBusName": "default", "State": "ENABLED", "Arn": "arn:aws:events:us-east-2:043898046743:rule/csf-prod-security-remediate-s3-buck-LambdaSchedule-1RENVU12RJ0JB", "Description": "Trigger S3 Bucket Access Log Enable Lambda"}, {"Name": "csf-prod-security-remediate-s3-ssl-LambdaSchedule-105S2WT0QWBI9", "EventPattern": "{\"detail-type\":[\"Config Rules Compliance Change\"],\"source\":[\"aws.config\"],\"detail\":{\"configRuleName\":[\"S3_BUCKET_SSL_REQUESTS_ONLY\"],\"messageType\":[\"ComplianceChangeNotification\"]}}", "EventBusName": "default", "State": "ENABLED", "Arn": "arn:aws:events:us-east-2:043898046743:rule/csf-prod-security-remediate-s3-ssl-LambdaSchedule-105S2WT0QWBI9", "Description": "Trigger S3 SSL only Lambda"}, {"Name": "csf-prod-security-remediate-securit-LambdaSchedule-1DU28EONQ57WS", "EventPattern": "{\"detail-type\":[\"Config Rules Compliance Change\"],\"source\":[\"aws.config\"],\"detail\":{\"configRuleName\":[\"INCOMING_SSH_DISABLED\"],\"messageType\":[\"ComplianceChangeNotification\"]}}", "EventBusName": "default", "State": "ENABLED", "Arn": "arn:aws:events:us-east-2:043898046743:rule/csf-prod-security-remediate-securit-LambdaSchedule-1DU28EONQ57WS", "Description": "Trigger S3 Server Side Encryption Lambda"}, {"Name": "csf-prod-security-remediate-securit-LambdaSchedule-IAMQ441I8TAG", "EventPattern": "{\"detail-type\":[\"Config Rules Compliance Change\"],\"source\":[\"aws.config\"],\"detail\":{\"configRuleName\":[\"RESTRICTED_INCOMING_TRAFFIC\"],\"messageType\":[\"ComplianceChangeNotification\"]}}", "EventBusName": "default", "State": "ENABLED", "Arn": "arn:aws:events:us-east-2:043898046743:rule/csf-prod-security-remediate-securit-LambdaSchedule-IAMQ441I8TAG", "Description": "Trigger S3 Server Side Encryption Lambda"}, {"Name": "csf-prod-security-remediate-unencry-LambdaSchedule-1TDA8AO88L4ZA", "EventPattern": "{\"detail-type\":[\"Config Rules Compliance Change\"],\"source\":[\"aws.config\"],\"detail\":{\"configRuleName\":[\"CLOUD_TRAIL_ENCRYPTION_ENABLED\"],\"messageType\":[\"ComplianceChangeNotification\"]}}", "EventBusName": "default", "State": "ENABLED", "Arn": "arn:aws:events:us-east-2:043898046743:rule/csf-prod-security-remediate-unencry-LambdaSchedule-1TDA8AO88L4ZA", "Description": "Unencrypted Cloudtrail remediation Lambda"}, {"Name": "csf-prod-security-remediate-unused-LambdaSchedule-3KU8DE6QERSP", "EventPattern": "{\"detail-type\":[\"Config Rules Compliance Change\"],\"source\":[\"aws.config\"],\"detail\":{\"configRuleName\":[\"IAM_USER_UNUSED_CREDENTIALS_CHECK\"],\"messageType\":[\"ComplianceChangeNotification\"]}}", "EventBusName": "default", "State": "ENABLED", "Arn": "arn:aws:events:us-east-2:043898046743:rule/csf-prod-security-remediate-unused-LambdaSchedule-3KU8DE6QERSP", "Description": "Trigger Unused IAM User Lambda"}, {"Name": "csf-prod-security-remediate-unvalid-LambdaSchedule-1E4MWE7PURUU2", "EventPattern": "{\"detail-type\":[\"Config Rules Compliance Change\"],\"source\":[\"aws.config\"],\"detail\":{\"configRuleName\":[\"CLOUD_TRAIL_LOG_FILE_VALIDATION_ENABLED\"],\"messageType\":[\"ComplianceChangeNotification\"]}}", "EventBusName": "default", "State": "ENABLED", "Arn": "arn:aws:events:us-east-2:043898046743:rule/csf-prod-security-remediate-unvalid-LambdaSchedule-1E4MWE7PURUU2", "Description": "Unvalidated Cloudtrail logfile remediation Lambda"}, {"Name": "csf-prod-security-remediate-vpc-def-LambdaSchedule-1SHZCJJ90TIDL", "EventPattern": "{\"detail-type\":[\"Config Rules Compliance Change\"],\"source\":[\"aws.config\"],\"detail\":{\"configRuleName\":[\"VPC_DEFAULT_SECURITY_GROUP_CLOSED\"],\"messageType\":[\"ComplianceChangeNotification\"]}}", "EventBusName": "default", "State": "ENABLED", "Arn": "arn:aws:events:us-east-2:043898046743:rule/csf-prod-security-remediate-vpc-def-LambdaSchedule-1SHZCJJ90TIDL", "Description": "Trigger S3 Server Side Encryption Lambda"}, {"Name": "csf-prod-security-remediate-vpc-flo-LambdaSchedule-DB8NEBR7S0CK", "EventPattern": "{\"detail-type\":[\"Config Rules Compliance Change\"],\"source\":[\"aws.config\"],\"detail\":{\"configRuleName\":[\"VPC_FLOW_LOGS_ENABLED\"],\"messageType\":[\"ComplianceChangeNotification\"]}}", "EventBusName": "default", "State": "ENABLED", "Arn": "arn:aws:events:us-east-2:043898046743:rule/csf-prod-security-remediate-vpc-flo-LambdaSchedule-DB8NEBR7S0CK", "Description": "Trigger VPC Flow Log Lambda"}, {"Name": "detect-IAM-changes", "EventPattern": "{\"detail-type\":[\"AWS API Call via CloudTrail\"],\"detail\":{\"eventSource\":[\"iam.amazonaws.com\"],\"eventName\":[\"AddClientIDToOpenIDConnectProvider\",\"AttachGroupPolicy\",\"AttachRolePolicy\",\"AttachUserPolicy\",\"AddUserToGroup\",\"CreateCustomerGateway\",\"ChangePassword\",\"CreateLoginProfile\",\"CreateAccessKey\",\"CreateOpenIDConnectProvider\",\"CreatePolicyVersion\",\"CreateSAMLProvider\",\"CreateServiceLinkedRole\",\"CreateServiceSpecificCredential\",\"CreateUser\",\"DeactivateMFADevice\",\"DeleteRole\",\"DeleteRolePermissionsBoundary\",\"DeleteSAMLProvider\",\"DeleteUser\",\"DetachGroupPolicy\",\"DetachRolePolicy\",\"DetachUserPolicy\",\"EnableMFADevice\",\"GenerateCredentialReport\",\"GenerateOrganizationsAccessReport\",\"GenerateServiceLastAccessedDetails\",\"GetCredentialReport\",\"GetOrganizationsAccessReport\",\"GetServiceLastAccessedDetails\",\"GetServiceLastAccessedDetailsWithEntities\",\"PutGroupPolicy\",\"PutRolePolicy\",\"PutUserPolicy\",\"PassRole\",\"RemoveClientIDFromOpenIDConnectProvider\",\"RemoveRoleFromInstanceProfile\",\"RemoveUserFromGroup\",\"ResetServiceSpecificCredential\",\"UpdateLoginProfile\",\"UpdateSAMLProvider\",\"UpdateAssumeRolePolicy\",\"UploadServerCertificate\",\"UploadSigningCertificate\",\"UploadSSHPublicKey\",\"SetDefaultPolicyVersion\",\"TagRole\",\"TagUser\",\"UntagRole\",\"UntagUser\"]}}", "EventBusName": "default", "State": "ENABLED", "Arn": "arn:aws:events:us-east-2:043898046743:rule/detect-IAM-changes", "Description": "A CloudWatch Event Rule that detects changes to IAM configuration and publishes change events to a CW Log Group for monitoring."}, {"Name": "detect-network-changes", "EventPattern": "{\"detail-type\":[\"AWS API Call via CloudTrail\"],\"detail\":{\"eventSource\":[\"ec2.amazonaws.com\"],\"eventName\":[\"AttachInternetGateway\",\"AssociateRouteTable\",\"CreateCustomerGateway\",\"CreateInternetGateway\",\"CreateRoute\",\"CreateRouteTable\",\"DeleteCustomerGateway\",\"DeleteInternetGateway\",\"DeleteRoute\",\"DeleteRouteTable\",\"DeleteDhcpOptions\",\"DetachInternetGateway\",\"DisassociateRouteTable\",\"ReplaceRoute\",\"ReplaceRouteTableAssociation\"]}}", "EventBusName": "default", "State": "ENABLED", "Arn": "arn:aws:events:us-east-2:043898046743:rule/detect-network-changes", "Description": "A CloudWatch Event Rule that detects changes to network configuration and publishes change events to a CW Log Group for monitoring."}], "ResponseMetadata": {"RetryAttempts": 0, "HTTPStatusCode": 200, "RequestId": "2650ba04-0279-4c85-b68e-71d4958299a2", "HTTPHeaders": {"x-amzn-requestid": "2650ba04-0279-4c85-b68e-71d4958299a2", "date": "Tue, 19 May 2020 15:19:52 GMT", "content-length": "14526", "content-type": "application/x-amz-json-1.1"}}}}