{"region": "us-east-1", "operation": "ListRules", "service": "events", "response": {"Rules": [{"Name": "Config-Rule-Compliance-Change-CloudWatch-Rule", "EventPattern": "{\"detail-type\":[\"Config Rules Compliance Change\"],\"source\":[\"aws.config\"]}", "EventBusName": "default", "State": "DISABLED", "Arn": "arn:aws:events:us-east-1:043898046743:rule/Config-Rule-Compliance-Change-CloudWatch-Rule", "Description": "Landing Zone rule to send notification on Config Rule compliance changes."}, {"Name": "Forward-GuardDuty-Findings-CloudWatchLogGroup", "EventPattern": "{\"detail-type\":[\"GuardDuty Finding\"],\"source\":[\"aws.guardduty\"]}", "EventBusName": "default", "State": "ENABLED", "Arn": "arn:aws:events:us-east-1:043898046743:rule/Forward-GuardDuty-Findings-CloudWatchLogGroup", "Description": "A CloudWatch Event Rule that collects GuardDuty findings and publish them to a CW Log Group for monitoring."}, {"Name": "StackSet-LambdaEncryptedAmiCopy-CloudWatchTrigger-NL506YJHOJUO", "EventPattern": "{\"detail-type\":[\"AWS API Call via CloudTrail\"],\"source\":[\"aws.ec2\"],\"detail\":{\"sourceIPAddress\":[\"imagebuilder.amazonaws.com\"],\"eventSource\":[\"ec2.amazonaws.com\"],\"eventName\":[\"ModifyImageAttribute\"]}}", "EventBusName": "default", "State": "ENABLED", "Arn": "arn:aws:events:us-east-1:043898046743:rule/StackSet-LambdaEncryptedAmiCopy-CloudWatchTrigger-NL506YJHOJUO", "Description": "Trigger create encrypted AMI copy when Image Builder creates an AMI"}, {"Name": "StackSet-root-1ffd7dad-3666-4790-9977-9f97d3e9c488-Detect", "EventPattern": "{\"detail-type\":[\"AWS Console Sign In via CloudTrail\"],\"detail\":{\"userIdentity\":{\"type\":[\"Root\"]}}}", "EventBusName": "default", "State": "ENABLED", "Arn": "arn:aws:events:us-east-1:043898046743:rule/StackSet-root-1ffd7dad-3666-4790-9977-9f97d3e9c488-Detect", "Description": "Events rule for monitoring root AWS Console Sign In activity"}, {"Name": "csf-prod-security-remediate-cloudtr-LambdaSchedule-1KRMK20EZWFQA", "EventPattern": "{\"detail-type\":[\"Config Rules Compliance Change\"],\"source\":[\"aws.config\"],\"detail\":{\"configRuleName\":[\"CLOUD_TRAIL_ENABLED\"],\"messageType\":[\"ComplianceChangeNotification\"]}}", "EventBusName": "default", "State": "ENABLED", "Arn": "arn:aws:events:us-east-1:043898046743:rule/csf-prod-security-remediate-cloudtr-LambdaSchedule-1KRMK20EZWFQA", "Description": "Unvalidated Cloudtrail logfile remediation Lambda"}, {"Name": "csf-prod-security-remediate-cloudtr-LambdaSchedule-KTQE7ZJ5HT9T", "EventPattern": "{\"detail-type\":[\"Config Rules Compliance Change\"],\"source\":[\"aws.config\"],\"detail\":{\"configRuleName\":[\"CLOUD_TRAIL_CLOUD_WATCH_LOGS_ENABLED\"],\"messageType\":[\"ComplianceChangeNotification\"]}}", "EventBusName": "default", "State": "ENABLED", "Arn": "arn:aws:events:us-east-1:043898046743:rule/csf-prod-security-remediate-cloudtr-LambdaSchedule-KTQE7ZJ5HT9T", "Description": "Unvalidated Cloudtrail logfile remediation Lambda"}, {"Name": "csf-prod-security-remediate-databas-LambdaSchedule-1SB36A0N30F2P", "EventPattern": "{\"detail-type\":[\"Config Rules Compliance Change\"],\"source\":[\"aws.config\"],\"detail\":{\"configRuleName\":[\"RDS_INSTANCE_PUBLIC_ACCESS_CHECK\"],\"messageType\":[\"ComplianceChangeNotification\"]}}", "EventBusName": "default", "State": "ENABLED", "Arn": "arn:aws:events:us-east-1:043898046743:rule/csf-prod-security-remediate-databas-LambdaSchedule-1SB36A0N30F2P", "Description": "Trigger Public RDS instance Shutdown Lambda"}, {"Name": "csf-prod-security-remediate-disable-LambdaSchedule-1NH5UM02BQLJM", "EventPattern": "{\"detail-type\":[\"Config Rules Compliance Change\"],\"source\":[\"aws.config\"],\"detail\":{\"configRuleName\":[\"CLOUD_TRAIL_ENABLED\"],\"messageType\":[\"ComplianceChangeNotification\"]}}", "EventBusName": "default", "State": "ENABLED", "Arn": "arn:aws:events:us-east-1:043898046743:rule/csf-prod-security-remediate-disable-LambdaSchedule-1NH5UM02BQLJM", "Description": "Trigger Disabled Cloudtrail Lambda"}, {"Name": "csf-prod-security-remediate-iam-adm-LambdaSchedule-IBYYH61QG3NI", "EventPattern": "{\"detail-type\":[\"Config Rules Compliance Change\"],\"source\":[\"aws.config\"],\"detail\":{\"configRuleName\":[\"IAM_POLICY_NO_STATEMENTS_WITH_ADMIN_ACCESS\"],\"messageType\":[\"ComplianceChangeNotification\"]}}", "EventBusName": "default", "State": "ENABLED", "Arn": "arn:aws:events:us-east-1:043898046743:rule/csf-prod-security-remediate-iam-adm-LambdaSchedule-IBYYH61QG3NI", "Description": "Trigger IAM Admin Policy Lambda"}, {"Name": "csf-prod-security-remediate-iam-key-LambdaSchedule-32IW59GBY7VB", "EventPattern": "{\"detail-type\":[\"Config Rules Compliance Change\"],\"source\":[\"aws.config\"],\"detail\":{\"configRuleName\":[\"ACCESS_KEYS_ROTATED\"],\"messageType\":[\"ComplianceChangeNotification\"]}}", "EventBusName": "default", "State": "ENABLED", "Arn": "arn:aws:events:us-east-1:043898046743:rule/csf-prod-security-remediate-iam-key-LambdaSchedule-32IW59GBY7VB", "Description": "Trigger IAM Key rotation Lambda"}, {"Name": "csf-prod-security-remediate-iam-use-LambdaSchedule-1PT252TMLNMWL", "EventPattern": "{\"detail-type\":[\"Config Rules Compliance Change\"],\"source\":[\"aws.config\"],\"detail\":{\"configRuleName\":[\"MFA_ENABLED_FOR_IAM_CONSOLE_ACCESS\"],\"messageType\":[\"ComplianceChangeNotification\"]}}", "EventBusName": "default", "State": "ENABLED", "Arn": "arn:aws:events:us-east-1:043898046743:rule/csf-prod-security-remediate-iam-use-LambdaSchedule-1PT252TMLNMWL", "Description": "Trigger IAM Users Console No MFA Lambda"}, {"Name": "csf-prod-security-remediate-kms-cus-LambdaSchedule-2OMZJTP5ZD9E", "EventPattern": "{\"detail-type\":[\"Config Rules Compliance Change\"],\"source\":[\"aws.config\"],\"detail\":{\"configRuleName\":[\"CMK_BACKING_KEY_ROTATION_ENABLED\"],\"messageType\":[\"ComplianceChangeNotification\"]}}", "EventBusName": "default", "State": "ENABLED", "Arn": "arn:aws:events:us-east-1:043898046743:rule/csf-prod-security-remediate-kms-cus-LambdaSchedule-2OMZJTP5ZD9E", "Description": "Trigger KMS Key Rotation Lambda"}, {"Name": "csf-prod-security-remediate-managed-LambdaSchedule-7CE8NIH3GFRA", "EventPattern": "{\"detail-type\":[\"Config Rules Compliance Change\"],\"source\":[\"aws.config\"],\"detail\":{\"configRuleName\":[\"IAM_USER_NO_POLICIES_CHECK\"],\"messageType\":[\"ComplianceChangeNotification\"]}}", "EventBusName": "default", "State": "ENABLED", "Arn": "arn:aws:events:us-east-1:043898046743:rule/csf-prod-security-remediate-managed-LambdaSchedule-7CE8NIH3GFRA", "Description": "Trigger Managed Policies Attached to Users Lambda"}, {"Name": "csf-prod-security-remediate-passwor-LambdaSchedule-1RKQMGCWEJP4", "EventPattern": "{\"detail-type\":[\"Config Rules Compliance Change\"],\"source\":[\"aws.config\"],\"detail\":{\"configRuleName\":[\"IAM_PASSWORD_POLICY\"],\"messageType\":[\"ComplianceChangeNotification\"]}}", "EventBusName": "default", "State": "ENABLED", "Arn": "arn:aws:events:us-east-1:043898046743:rule/csf-prod-security-remediate-passwor-LambdaSchedule-1RKQMGCWEJP4", "Description": "Trigger Password Policy Lambda"}, {"Name": "csf-prod-security-remediate-s3-buck-LambdaSchedule-1CS7QV36BRPCU", "EventPattern": "{\"detail-type\":[\"Config Rules Compliance Change\"],\"source\":[\"aws.config\"],\"detail\":{\"configRuleName\":[\"S3_BUCKET_PUBLIC_READ_PROHIBITED\",\"S3_BUCKET_PUBLIC_WRITE_PROHIBITED\"],\"messageType\":[\"ComplianceChangeNotification\"]}}", "EventBusName": "default", "State": "ENABLED", "Arn": "arn:aws:events:us-east-1:043898046743:rule/csf-prod-security-remediate-s3-buck-LambdaSchedule-1CS7QV36BRPCU", "Description": "Trigger S3 Bucket Public Read Write Lambda"}, {"Name": "csf-prod-security-remediate-s3-buck-LambdaSchedule-1IRTXDX3Q996J", "EventPattern": "{\"detail-type\":[\"Config Rules Compliance Change\"],\"source\":[\"aws.config\"],\"detail\":{\"configRuleName\":[\"S3_BUCKET_SERVER_SIDE_ENCRYPTION_ENABLED\"],\"messageType\":[\"ComplianceChangeNotification\"]}}", "EventBusName": "default", "State": "ENABLED", "Arn": "arn:aws:events:us-east-1:043898046743:rule/csf-prod-security-remediate-s3-buck-LambdaSchedule-1IRTXDX3Q996J", "Description": "Trigger S3 Server Side Encryption Lambda"}, {"Name": "csf-prod-security-remediate-s3-buck-LambdaSchedule-1KLB8C369F51M", "EventPattern": "{\"detail-type\":[\"Config Rules Compliance Change\"],\"source\":[\"aws.config\"],\"detail\":{\"configRuleName\":[\"S3_BUCKET_LOGGING_ENABLED\"],\"messageType\":[\"ComplianceChangeNotification\"]}}", "EventBusName": "default", "State": "ENABLED", "Arn": "arn:aws:events:us-east-1:043898046743:rule/csf-prod-security-remediate-s3-buck-LambdaSchedule-1KLB8C369F51M", "Description": "Trigger S3 Bucket Access Log Enable Lambda"}, {"Name": "csf-prod-security-remediate-s3-ssl-LambdaSchedule-1SDB61N0U5RH1", "EventPattern": "{\"detail-type\":[\"Config Rules Compliance Change\"],\"source\":[\"aws.config\"],\"detail\":{\"configRuleName\":[\"S3_BUCKET_SSL_REQUESTS_ONLY\"],\"messageType\":[\"ComplianceChangeNotification\"]}}", "EventBusName": "default", "State": "ENABLED", "Arn": "arn:aws:events:us-east-1:043898046743:rule/csf-prod-security-remediate-s3-ssl-LambdaSchedule-1SDB61N0U5RH1", "Description": "Trigger S3 SSL only Lambda"}, {"Name": "csf-prod-security-remediate-securit-LambdaSchedule-136ORSBRQE61V", "EventPattern": "{\"detail-type\":[\"Config Rules Compliance Change\"],\"source\":[\"aws.config\"],\"detail\":{\"configRuleName\":[\"RESTRICTED_INCOMING_TRAFFIC\"],\"messageType\":[\"ComplianceChangeNotification\"]}}", "EventBusName": "default", "State": "ENABLED", "Arn": "arn:aws:events:us-east-1:043898046743:rule/csf-prod-security-remediate-securit-LambdaSchedule-136ORSBRQE61V", "Description": "Trigger S3 Server Side Encryption Lambda"}, {"Name": "csf-prod-security-remediate-securit-LambdaSchedule-1XKEH1M7UIKCF", "EventPattern": "{\"detail-type\":[\"Config Rules Compliance Change\"],\"source\":[\"aws.config\"],\"detail\":{\"configRuleName\":[\"INCOMING_SSH_DISABLED\"],\"messageType\":[\"ComplianceChangeNotification\"]}}", "EventBusName": "default", "State": "ENABLED", "Arn": "arn:aws:events:us-east-1:043898046743:rule/csf-prod-security-remediate-securit-LambdaSchedule-1XKEH1M7UIKCF", "Description": "Trigger S3 Server Side Encryption Lambda"}, {"Name": "csf-prod-security-remediate-unencry-LambdaSchedule-H59ZXVLNOKSZ", "EventPattern": "{\"detail-type\":[\"Config Rules Compliance Change\"],\"source\":[\"aws.config\"],\"detail\":{\"configRuleName\":[\"CLOUD_TRAIL_ENCRYPTION_ENABLED\"],\"messageType\":[\"ComplianceChangeNotification\"]}}", "EventBusName": "default", "State": "ENABLED", "Arn": "arn:aws:events:us-east-1:043898046743:rule/csf-prod-security-remediate-unencry-LambdaSchedule-H59ZXVLNOKSZ", "Description": "Unencrypted Cloudtrail remediation Lambda"}, {"Name": "csf-prod-security-remediate-unused-LambdaSchedule-1VQJZA193ZPYM", "EventPattern": "{\"detail-type\":[\"Config Rules Compliance Change\"],\"source\":[\"aws.config\"],\"detail\":{\"configRuleName\":[\"IAM_USER_UNUSED_CREDENTIALS_CHECK\"],\"messageType\":[\"ComplianceChangeNotification\"]}}", "EventBusName": "default", "State": "ENABLED", "Arn": "arn:aws:events:us-east-1:043898046743:rule/csf-prod-security-remediate-unused-LambdaSchedule-1VQJZA193ZPYM", "Description": "Trigger Unused IAM User Lambda"}, {"Name": "csf-prod-security-remediate-unvalid-LambdaSchedule-4A3REUHVBPA9", "EventPattern": "{\"detail-type\":[\"Config Rules Compliance Change\"],\"source\":[\"aws.config\"],\"detail\":{\"configRuleName\":[\"CLOUD_TRAIL_LOG_FILE_VALIDATION_ENABLED\"],\"messageType\":[\"ComplianceChangeNotification\"]}}", "EventBusName": "default", "State": "ENABLED", "Arn": "arn:aws:events:us-east-1:043898046743:rule/csf-prod-security-remediate-unvalid-LambdaSchedule-4A3REUHVBPA9", "Description": "Unvalidated Cloudtrail logfile remediation Lambda"}, {"Name": "csf-prod-security-remediate-vpc-def-LambdaSchedule-60S52NVK4X3V", "EventPattern": "{\"detail-type\":[\"Config Rules Compliance Change\"],\"source\":[\"aws.config\"],\"detail\":{\"configRuleName\":[\"VPC_DEFAULT_SECURITY_GROUP_CLOSED\"],\"messageType\":[\"ComplianceChangeNotification\"]}}", "EventBusName": "default", "State": "ENABLED", "Arn": "arn:aws:events:us-east-1:043898046743:rule/csf-prod-security-remediate-vpc-def-LambdaSchedule-60S52NVK4X3V", "Description": "Trigger S3 Server Side Encryption Lambda"}, {"Name": "csf-prod-security-remediate-vpc-flo-LambdaSchedule-X2OIITJ9918C", "EventPattern": "{\"detail-type\":[\"Config Rules Compliance Change\"],\"source\":[\"aws.config\"],\"detail\":{\"configRuleName\":[\"VPC_FLOW_LOGS_ENABLED\"],\"messageType\":[\"ComplianceChangeNotification\"]}}", "EventBusName": "default", "State": "ENABLED", "Arn": "arn:aws:events:us-east-1:043898046743:rule/csf-prod-security-remediate-vpc-flo-LambdaSchedule-X2OIITJ9918C", "Description": "Trigger VPC Flow Log Lambda"}, {"Name": "detect-IAM-changes", "EventPattern": "{\"detail-type\":[\"AWS API Call via CloudTrail\"],\"detail\":{\"eventSource\":[\"iam.amazonaws.com\"],\"eventName\":[\"AddClientIDToOpenIDConnectProvider\",\"AttachGroupPolicy\",\"AttachRolePolicy\",\"AttachUserPolicy\",\"AddUserToGroup\",\"CreateCustomerGateway\",\"ChangePassword\",\"CreateLoginProfile\",\"CreateAccessKey\",\"CreateOpenIDConnectProvider\",\"CreatePolicyVersion\",\"CreateSAMLProvider\",\"CreateServiceLinkedRole\",\"CreateServiceSpecificCredential\",\"CreateUser\",\"DeactivateMFADevice\",\"DeleteRole\",\"DeleteRolePermissionsBoundary\",\"DeleteSAMLProvider\",\"DeleteUser\",\"DetachGroupPolicy\",\"DetachRolePolicy\",\"DetachUserPolicy\",\"EnableMFADevice\",\"GenerateCredentialReport\",\"GenerateOrganizationsAccessReport\",\"GenerateServiceLastAccessedDetails\",\"GetCredentialReport\",\"GetOrganizationsAccessReport\",\"GetServiceLastAccessedDetails\",\"GetServiceLastAccessedDetailsWithEntities\",\"PutGroupPolicy\",\"PutRolePolicy\",\"PutUserPolicy\",\"PassRole\",\"RemoveClientIDFromOpenIDConnectProvider\",\"RemoveRoleFromInstanceProfile\",\"RemoveUserFromGroup\",\"ResetServiceSpecificCredential\",\"UpdateLoginProfile\",\"UpdateSAMLProvider\",\"UpdateAssumeRolePolicy\",\"UploadServerCertificate\",\"UploadSigningCertificate\",\"UploadSSHPublicKey\",\"SetDefaultPolicyVersion\",\"TagRole\",\"TagUser\",\"UntagRole\",\"UntagUser\"]}}", "EventBusName": "default", "State": "ENABLED", "Arn": "arn:aws:events:us-east-1:043898046743:rule/detect-IAM-changes", "Description": "A CloudWatch Event Rule that detects changes to IAM configuration and publishes change events to a CW Log Group for monitoring."}, {"Name": "detect-network-changes", "EventPattern": "{\"detail-type\":[\"AWS API Call via CloudTrail\"],\"detail\":{\"eventSource\":[\"ec2.amazonaws.com\"],\"eventName\":[\"AttachInternetGateway\",\"AssociateRouteTable\",\"CreateCustomerGateway\",\"CreateInternetGateway\",\"CreateRoute\",\"CreateRouteTable\",\"DeleteCustomerGateway\",\"DeleteInternetGateway\",\"DeleteRoute\",\"DeleteRouteTable\",\"DeleteDhcpOptions\",\"DetachInternetGateway\",\"DisassociateRouteTable\",\"ReplaceRoute\",\"ReplaceRouteTableAssociation\"]}}", "EventBusName": "default", "State": "ENABLED", "Arn": "arn:aws:events:us-east-1:043898046743:rule/detect-network-changes", "Description": "A CloudWatch Event Rule that detects changes to network configuration and publishes change events to a CW Log Group for monitoring."}], "ResponseMetadata": {"RetryAttempts": 0, "HTTPStatusCode": 200, "RequestId": "7c3cea71-047b-445d-a4b1-79c991e12696", "HTTPHeaders": {"x-amzn-requestid": "7c3cea71-047b-445d-a4b1-79c991e12696", "date": "Tue, 19 May 2020 15:19:43 GMT", "content-length": "14956", "content-type": "application/x-amz-json-1.1"}}}}