{"region": "ap-southeast-2", "operation": "ListDetectors", "service": "guardduty", "response": {"DetectorIds": ["a2b7ef0a0900202fb8db6f09881a02e1"], "ResponseMetadata": {"RetryAttempts": 0, "HTTPStatusCode": 200, "RequestId": "7698178d-c890-449f-b304-3f461feb2035", "HTTPHeaders": {"x-amzn-requestid": "7698178d-c890-449f-b304-3f461feb2035", "x-amz-cf-pop": "IAD89-C1", "content-length": "52", "via": "1.1 14d757a67b913f1bc93427e69819362d.cloudfront.net (CloudFront)", "x-cache": "Miss from cloudfront", "x-amz-apigw-id": "MyPSYFSwywMF2YA=", "x-amzn-trace-id": "Root=1-5ec3f8db-e01cbea9cc11fb8e69f2a29b;Sampled=0", "connection": "keep-alive", "x-amz-cf-id": "3SVzXhBXTo9Qk2kLHx6TInKou5nvIbTwSvdJoNVAuErREOmUbP0Yew==", "date": "Tue, 19 May 2020 15:18:51 GMT", "content-type": "application/json"}}}}