{"region": "eu-west-1", "operation": "ListDetectors", "service": "guardduty", "response": {"DetectorIds": ["22b7ef0a085311f7be39fdc027e160f2"], "ResponseMetadata": {"RetryAttempts": 0, "HTTPStatusCode": 200, "RequestId": "fcc86230-472c-42ad-a6cd-fd09f9d7db57", "HTTPHeaders": {"x-amzn-requestid": "fcc86230-472c-42ad-a6cd-fd09f9d7db57", "x-amz-cf-pop": "IAD89-C1", "content-length": "52", "via": "1.1 dd169cfdbbafbb3da513bede6bc6640e.cloudfront.net (CloudFront)", "x-cache": "Miss from cloudfront", "x-amz-apigw-id": "MyPdjGY2joEF4kA=", "x-amzn-trace-id": "Root=1-5ec3f923-2d4c016f5e95bdf46f155187;Sampled=0", "connection": "keep-alive", "x-amz-cf-id": "aG8Usf7VetS91p8GGtFcmMA-T8kka2kLVoQz0v16XLgDiVCuMg3XFw==", "date": "Tue, 19 May 2020 15:20:03 GMT", "content-type": "application/json"}}}}