{"region": "us-east-2", "operation": "ListDetectors", "service": "guardduty", "response": {"DetectorIds": ["c0b7ef0a04f7b7dca3ba63db7e1a77f7"], "ResponseMetadata": {"RetryAttempts": 0, "HTTPStatusCode": 200, "RequestId": "ef327f8e-737b-4c89-a3bf-ad6a4609b299", "HTTPHeaders": {"x-amzn-requestid": "ef327f8e-737b-4c89-a3bf-ad6a4609b299", "x-amz-cf-pop": "IAD89-C1", "content-length": "52", "via": "1.1 936f33bed45438343f0ef2adff442815.cloudfront.net (CloudFront)", "x-cache": "Miss from cloudfront", "x-amz-apigw-id": "MyPfQE0TCYcFi0g=", "x-amzn-trace-id": "Root=1-5ec3f92e-9ba4f0e2ab9b23ed596166ef;Sampled=0", "connection": "keep-alive", "x-amz-cf-id": "-rpBWVpeHMaIeua-FPj4HdhLrxiQjUe7xxwJKHzX7OJkXVF_6wMVcw==", "date": "Tue, 19 May 2020 15:20:14 GMT", "content-type": "application/json"}}}}