{"region": "ap-southeast-1", "operation": "ListDetectors", "service": "guardduty", "response": {"DetectorIds": ["7cb7ef0a0869ac26982d5b4fb9090a72"], "ResponseMetadata": {"RetryAttempts": 0, "HTTPStatusCode": 200, "RequestId": "8756dc34-5ef0-44d1-8b61-966bf2ae05a4", "HTTPHeaders": {"x-amzn-requestid": "8756dc34-5ef0-44d1-8b61-966bf2ae05a4", "x-amz-cf-pop": "IAD89-C2", "content-length": "52", "via": "1.1 e06a155936c216d176543a7a25710ed0.cloudfront.net (CloudFront)", "x-cache": "Miss from cloudfront", "x-amz-apigw-id": "MyPQ8FUryQ0FmZg=", "x-amzn-trace-id": "Root=1-5ec3f8d2-c52d2abe0c868cf24698ea86;Sampled=0", "connection": "keep-alive", "x-amz-cf-id": "ISOhodNG_e-znT7KzJRReL0szJ05895LnhB2fqGYImBaaeagwAL3-Q==", "date": "Tue, 19 May 2020 15:18:42 GMT", "content-type": "application/json"}}}}