{"region": "us-east-1", "operation": "ListDetectors", "service": "guardduty", "response": {"DetectorIds": ["96b7ef0a07ca5aed4e0d462e44e2f3df"], "ResponseMetadata": {"RetryAttempts": 0, "HTTPStatusCode": 200, "RequestId": "b51b7f26-2885-4ee1-8882-0323c588b5d1", "HTTPHeaders": {"x-amzn-requestid": "b51b7f26-2885-4ee1-8882-0323c588b5d1", "x-amz-cf-pop": "IAD89-C2", "content-length": "52", "via": "1.1 09e7a54b3c0e42cf23f1deb97f4f6b95.cloudfront.net (CloudFront)", "x-cache": "Miss from cloudfront", "x-amz-apigw-id": "MyPa2Ht3IAMFlBA=", "x-amzn-trace-id": "Root=1-5ec3f912-a0264b20f866567800ee0ca0;Sampled=0", "connection": "keep-alive", "x-amz-cf-id": "NIMgAJ72Nc5nVPMuyJF4l1d25RyXmIA1_TVesxPu5TjwsEgiqyaCtQ==", "date": "Tue, 19 May 2020 15:19:46 GMT", "content-type": "application/json"}}}}