{"region": "ap-east-1", "operation": "ListDetectors", "service": "guardduty", "response": {"DetectorIds": ["fe2d1BDBAdFCE1EDb4eBdDe487C4EfbC"], "ResponseMetadata": {"RetryAttempts": 0, "HTTPStatusCode": 200, "RequestId": "5d6c145b-f881-4c76-9002-7c08597a6a15", "HTTPHeaders": {"x-amzn-requestid": "5d6c145b-f881-4c76-9002-7c08597a6a15", "x-amz-cf-pop": "IAD89-C2", "content-length": "52", "via": "1.1 aa0ac259128059e949248e63a3b6767e.cloudfront.net (CloudFront)", "x-cache": "Miss from cloudfront", "x-amz-apigw-id": "MyPTmGC0HUYFc0g=", "x-amzn-trace-id": "Root=1-5ec3f8e3-608a06630ea3fb3b798f2099;Sampled=0", "connection": "keep-alive", "x-amz-cf-id": "rVmu-l6UR351tr8B9GASIJ6ZECSb7HzdvhIvFBaYi_zftAM219rvpA==", "date": "Tue, 19 May 2020 15:18:59 GMT", "content-type": "application/json"}}}}