{"region": "eu-central-1", "operation": "ListDetectors", "service": "guardduty", "response": {"DetectorIds": ["aeb7ef0a065ff162aa74362699ce5b7b"], "ResponseMetadata": {"RetryAttempts": 0, "HTTPStatusCode": 200, "RequestId": "6ab53d77-005b-4407-bb78-eae8a148a8ef", "HTTPHeaders": {"x-amzn-requestid": "6ab53d77-005b-4407-bb78-eae8a148a8ef", "x-amz-cf-pop": "IAD89-C1", "content-length": "52", "via": "1.1 7f7e359e1c06a914d3d305785359b84d.cloudfront.net (CloudFront)", "x-cache": "Miss from cloudfront", "x-amz-apigw-id": "MyPbMHYDFiAFpwQ=", "x-amzn-trace-id": "Root=1-5ec3f914-10ee0d3326b06a0f8b13f5f0;Sampled=0", "connection": "keep-alive", "x-amz-cf-id": "hAJ2hDa5acp2P3fWo9f62nJZap2JqcYpyMLUJHWAVXdUuxE7k0b5qw==", "date": "Tue, 19 May 2020 15:19:48 GMT", "content-type": "application/json"}}}}