{"region": null, "operation": "ListInstanceProfiles", "service": "iam", "response": {"IsTruncated": false, "ResponseMetadata": {"RetryAttempts": 0, "HTTPStatusCode": 200, "RequestId": "e9dc42f3-0890-474f-b2b8-12228b81f077", "HTTPHeaders": {"x-amzn-requestid": "e9dc42f3-0890-474f-b2b8-12228b81f077", "content-type": "text/xml", "content-length": "3303", "vary": "accept-encoding", "date": "Tue, 19 May 2020 15:18:42 GMT"}}, "InstanceProfiles": [{"InstanceProfileId": "AIPAQUOEHBELUMOPHQCMU", "Roles": [{"AssumeRolePolicyDocument": {"Version": "2012-10-17", "Statement": [{"Action": "sts:AssumeRole", "Effect": "Allow", "Principal": {"Service": "ec2.amazonaws.com"}}]}, "RoleId": "AROAQUOEHBEL2OGOD2LAO", "CreateDate": "2020-03-11T16:02:47+00:00", "RoleName": "AmazonSSMRoleForInstancesQuickSetup", "Path": "/", "Arn": "arn:aws:iam::043898046743:role/AmazonSSMRoleForInstancesQuickSetup"}], "CreateDate": "2020-03-11T16:02:47+00:00", "InstanceProfileName": "AmazonSSMRoleForInstancesQuickSetup", "Path": "/", "Arn": "arn:aws:iam::043898046743:instance-profile/AmazonSSMRoleForInstancesQuickSetup"}, {"InstanceProfileId": "AIPAQUOEHBEL2B6X7PL7P", "Roles": [{"AssumeRolePolicyDocument": {"Version": "2012-10-17", "Statement": [{"Action": "sts:AssumeRole", "Effect": "Allow", "Principal": {"Service": "ec2.amazonaws.com"}}]}, "RoleId": "AROAQUOEHBEL6OLUTSZRK", "CreateDate": "2020-05-19T13:56:51+00:00", "RoleName": "EC2_Admin_Delete_if_Seen", "Path": "/", "Arn": "arn:aws:iam::043898046743:role/EC2_Admin_Delete_if_Seen"}], "CreateDate": "2020-05-19T13:56:52+00:00", "InstanceProfileName": "EC2_Admin_Delete_if_Seen", "Path": "/", "Arn": "arn:aws:iam::043898046743:instance-profile/EC2_Admin_Delete_if_Seen"}, {"InstanceProfileId": "AIPAQUOEHBEL7YKQD34Z6", "Roles": [{"AssumeRolePolicyDocument": {"Version": "2012-10-17", "Statement": [{"Action": "sts:AssumeRole", "Effect": "Allow", "Condition": {"StringEquals": {"sts:Externalid": "vmimport"}}, "Principal": {"Service": "vmie.amazonaws.com"}}]}, "RoleId": "AROAQUOEHBEL7TLM4DWFJ", "CreateDate": "2020-04-08T17:25:57+00:00", "RoleName": "vmimport", "Path": "/", "Arn": "arn:aws:iam::043898046743:role/vmimport"}], "CreateDate": "2020-04-08T17:25:57+00:00", "InstanceProfileName": "vmimport", "Path": "/", "Arn": "arn:aws:iam::043898046743:instance-profile/vmimport"}]}}