{"region": null, "operation": "ListPolicies", "service": "iam", "response": {"ResponseMetadata": {"RetryAttempts": 0, "HTTPStatusCode": 200, "RequestId": "856f2531-c137-4aca-9c00-9be8f1eb14b6", "HTTPHeaders": {"x-amzn-requestid": "856f2531-c137-4aca-9c00-9be8f1eb14b6", "content-type": "text/xml", "content-length": "2049", "vary": "accept-encoding", "date": "Tue, 19 May 2020 15:19:40 GMT"}}, "IsTruncated": false, "Policies": [{"PolicyName": "AWSLambdaBasicExecutionRole-7fec491c-0634-42e1-88cb-553b9d505154", "PermissionsBoundaryUsageCount": 0, "CreateDate": "2020-03-13T20:38:10+00:00", "AttachmentCount": 1, "IsAttachable": true, "PolicyId": "ANPAQUOEHBEL5EPKO6JV4", "DefaultVersionId": "v1", "Path": "/service-role/", "Arn": "arn:aws:iam::043898046743:policy/service-role/AWSLambdaBasicExecutionRole-7fec491c-0634-42e1-88cb-553b9d505154", "UpdateDate": "2020-03-13T20:38:10+00:00"}, {"PolicyName": "VpcFlowLogs", "PermissionsBoundaryUsageCount": 0, "CreateDate": "2020-05-01T13:30:06+00:00", "AttachmentCount": 1, "IsAttachable": true, "PolicyId": "ANPAQUOEHBEL7XDHSKHMW", "DefaultVersionId": "v1", "Path": "/", "Arn": "arn:aws:iam::043898046743:policy/VpcFlowLogs", "UpdateDate": "2020-05-01T13:30:06+00:00"}, {"PolicyName": "vmImport_policy", "PermissionsBoundaryUsageCount": 0, "CreateDate": "2020-03-16T14:40:37+00:00", "AttachmentCount": 1, "IsAttachable": true, "PolicyId": "ANPAQUOEHBELT32LV7U23", "DefaultVersionId": "v1", "Path": "/", "Arn": "arn:aws:iam::043898046743:policy/vmImport_policy", "UpdateDate": "2020-03-16T14:40:37+00:00"}]}}