{"region": null, "operation": "ListSAMLProviders", "service": "iam", "response": {"SAMLProviderList": [{"CreateDate": "2020-02-27T15:46:07+00:00", "ValidUntil": "2120-02-27T15:46:07+00:00", "Arn": "arn:aws:iam::043898046743:saml-provider/AWSSSO_797087d8c8bc3b56_DO_NOT_DELETE"}, {"CreateDate": "2020-01-28T23:00:21+00:00", "ValidUntil": "2120-01-28T23:00:21+00:00", "Arn": "arn:aws:iam::043898046743:saml-provider/AWSSSO_63be9b590465144d_DO_NOT_DELETE"}], "ResponseMetadata": {"RetryAttempts": 0, "HTTPStatusCode": 200, "RequestId": "e2e386fd-9153-49bd-a0e8-70e076c27c6d", "HTTPHeaders": {"x-amzn-requestid": "e2e386fd-9153-49bd-a0e8-70e076c27c6d", "date": "Tue, 19 May 2020 15:19:26 GMT", "content-length": "790", "content-type": "text/xml"}}}}