{"region": null, "operation": "ListRoles", "service": "iam", "response": {"Marker": "ABtCpTYWNk+TBbx9y3ZFEMMezvqA2IqpYIFjD1chadKDdc/mpskw16V4MZyDIEfBYkrSy7m89Cf25QJqMI2gTYPnoFsK+NLpzq8UrVUUdeWmmAHlDlw1N97o/xGfPv3dRLZ/PMYnU5cjzOQo1vfB3KJW5WJJLeFmZ6IfKrabMMQeGw==", "IsTruncated": true, "Roles": [{"Description": "IAM role for SSM for Quick-Setup to run automation", "AssumeRolePolicyDocument": {"Version": "2012-10-17", "Statement": [{"Action": "sts:AssumeRole", "Effect": "Allow", "Principal": {"Service": "ssm.amazonaws.com"}}]}, "MaxSessionDuration": 3600, "RoleId": "AROAQUOEHBELZZRNBPK7N", "CreateDate": "2020-03-11T16:02:47+00:00", "RoleName": "AmazonSSMRoleForAutomationAssumeQuickSetup", "Path": "/", "Arn": "arn:aws:iam::043898046743:role/AmazonSSMRoleForAutomationAssumeQuickSetup"}, {"Description": "EC2 role for SSM for Quick-Setup", "AssumeRolePolicyDocument": {"Version": "2012-10-17", "Statement": [{"Action": "sts:AssumeRole", "Effect": "Allow", "Principal": {"Service": "ec2.amazonaws.com"}}]}, "MaxSessionDuration": 3600, "RoleId": "AROAQUOEHBEL2OGOD2LAO", "CreateDate": "2020-03-11T16:02:47+00:00", "RoleName": "AmazonSSMRoleForInstancesQuickSetup", "Path": "/", "Arn": "arn:aws:iam::043898046743:role/AmazonSSMRoleForInstancesQuickSetup"}, {"Description": "", "AssumeRolePolicyDocument": {"Version": "2012-10-17", "Statement": [{"Action": "sts:AssumeRole", "Principal": {"Service": "vpc-flow-logs.amazonaws.com"}, "Effect": "Allow", "Sid": ""}]}, "MaxSessionDuration": 3600, "RoleId": "AROAQUOEHBEL6QHDYOTJR", "CreateDate": "2020-01-27T19:29:46+00:00", "RoleName": "ams_vpc_flow_logs_role", "Path": "/", "Arn": "arn:aws:iam::043898046743:role/ams_vpc_flow_logs_role"}, {"Description": "", "AssumeRolePolicyDocument": {"Version": "2008-10-17", "Statement": [{"Action": "sts:AssumeRole", "Effect": "Allow", "Principal": {"AWS": "arn:aws:iam::204870073141:root"}}]}, "MaxSessionDuration": 3600, "RoleId": "AROAQUOEHBELTZXPIZRI5", "CreateDate": "2020-01-28T00:01:49+00:00", "RoleName": "ams_vpc_peering_role_for_ad_connector", "Path": "/", "Arn": "arn:aws:iam::043898046743:role/ams_vpc_peering_role_for_ad_connector"}, {"Description": "", "AssumeRolePolicyDocument": {"Version": "2012-10-17", "Statement": [{"Action": "sts:AssumeRole", "Effect": "Allow", "Principal": {"Service": "config.amazonaws.com"}}]}, "MaxSessionDuration": 3600, "RoleId": "AROAQUOEHBELZSZZT3WMC", "CreateDate": "2020-01-25T19:01:06+00:00", "RoleName": "AWS-Landing-Zone-ConfigRecorderRole", "Path": "/", "Arn": "arn:aws:iam::043898046743:role/AWS-Landing-Zone-ConfigRecorderRole"}, {"AssumeRolePolicyDocument": {"Version": "2012-10-17", "Statement": [{"Action": "sts:AssumeRole", "Effect": "Allow", "Principal": {"AWS": "arn:aws:iam::204870073141:root"}}]}, "MaxSessionDuration": 3600, "RoleId": "AROAQUOEHBELQGDIJVMYW", "CreateDate": "2020-01-25T18:44:20+00:00", "RoleName": "AWSCloudFormationStackSetExecutionRole", "Path": "/", "Arn": "arn:aws:iam::043898046743:role/AWSCloudFormationStackSetExecutionRole"}, {"Description": "", "AssumeRolePolicyDocument": {"Version": "2012-10-17", "Statement": [{"Action": "sts:AssumeRole", "Effect": "Allow", "Principal": {"Service": "config.amazonaws.com"}}, {"Action": "sts:AssumeRole", "Effect": "Allow", "Principal": {"AWS": "arn:aws:iam::204870073141:root"}}]}, "MaxSessionDuration": 3600, "RoleId": "AROAQUOEHBELY34WAM2GS", "CreateDate": "2020-03-15T20:00:47+00:00", "RoleName": "AWSConfigAndComplianceAuditRole-DO-NOT-DELETE", "Path": "/service-role/", "Arn": "arn:aws:iam::043898046743:role/service-role/AWSConfigAndComplianceAuditRole-DO-NOT-DELETE"}, {"AssumeRolePolicyDocument": {"Version": "2012-10-17", "Statement": [{"Action": "sts:AssumeRole", "Effect": "Allow", "Principal": {"Service": "dlm.amazonaws.com"}}]}, "MaxSessionDuration": 3600, "RoleId": "AROAQUOEHBELWI5RXFRB2", "CreateDate": "2020-05-14T19:05:04+00:00", "RoleName": "AWSDataLifecycleManagerDefaultRole", "Path": "/service-role/", "Arn": "arn:aws:iam::043898046743:role/service-role/AWSDataLifecycleManagerDefaultRole"}, {"AssumeRolePolicyDocument": {"Version": "2012-10-17", "Statement": [{"Action": "sts:AssumeRoleWithSAML", "Effect": "Allow", "Condition": {"StringEquals": {"SAML:aud": "https://signin.aws.amazon.com/saml"}}, "Principal": {"Federated": "arn:aws:iam::043898046743:saml-provider/AWSSSO_63be9b590465144d_DO_NOT_DELETE"}}]}, "MaxSessionDuration": 43200, "RoleId": "AROAQUOEHBELTPSMM5FWE", "CreateDate": "2020-01-28T23:00:24+00:00", "RoleName": "AWSReservedSSO_shared-services-admin_717f173d98e52bb5", "Path": "/aws-reserved/sso.amazonaws.com/", "Arn": "arn:aws:iam::043898046743:role/aws-reserved/sso.amazonaws.com/AWSReservedSSO_shared-services-admin_717f173d98e52bb5"}, {"AssumeRolePolicyDocument": {"Version": "2012-10-17", "Statement": [{"Action": "sts:AssumeRoleWithSAML", "Effect": "Allow", "Condition": {"StringEquals": {"SAML:aud": "https://signin.aws.amazon.com/saml"}}, "Principal": {"Federated": "arn:aws:iam::043898046743:saml-provider/AWSSSO_63be9b590465144d_DO_NOT_DELETE"}}]}, "MaxSessionDuration": 43200, "RoleId": "AROAQUOEHBEL6RYRMZXWF", "CreateDate": "2020-01-28T23:00:24+00:00", "RoleName": "AWSReservedSSO_shared-services-operations_6ff2775b316c056c", "Path": "/aws-reserved/sso.amazonaws.com/", "Arn": "arn:aws:iam::043898046743:role/aws-reserved/sso.amazonaws.com/AWSReservedSSO_shared-services-operations_6ff2775b316c056c"}, {"AssumeRolePolicyDocument": {"Version": "2012-10-17", "Statement": [{"Action": "sts:AssumeRoleWithSAML", "Effect": "Allow", "Condition": {"StringEquals": {"SAML:aud": "https://signin.aws.amazon.com/saml"}}, "Principal": {"Federated": "arn:aws:iam::043898046743:saml-provider/AWSSSO_63be9b590465144d_DO_NOT_DELETE"}}]}, "MaxSessionDuration": 43200, "RoleId": "AROAQUOEHBEL4LIZFFZLU", "CreateDate": "2020-01-28T23:00:24+00:00", "RoleName": "AWSReservedSSO_shared-services-read-only_ad2a37236e47e6cd", "Path": "/aws-reserved/sso.amazonaws.com/", "Arn": "arn:aws:iam::043898046743:role/aws-reserved/sso.amazonaws.com/AWSReservedSSO_shared-services-read-only_ad2a37236e47e6cd"}, {"Description": "role provides visibility into account billing", "AssumeRolePolicyDocument": {"Version": "2012-10-17", "Statement": [{"Action": "sts:AssumeRoleWithSAML", "Effect": "Allow", "Condition": {"StringEquals": {"SAML:aud": "https://signin.aws.amazon.com/saml"}}, "Principal": {"Federated": "arn:aws:iam::043898046743:saml-provider/AWSSSO_797087d8c8bc3b56_DO_NOT_DELETE"}}]}, "MaxSessionDuration": 43200, "RoleId": "AROAQUOEHBELWGIXHOBUL", "CreateDate": "2020-03-04T19:06:29+00:00", "RoleName": "AWSReservedSSO_SupportG-AWS-Billing_3238e84222ca8271", "Path": "/aws-reserved/sso.amazonaws.com/", "Arn": "arn:aws:iam::043898046743:role/aws-reserved/sso.amazonaws.com/AWSReservedSSO_SupportG-AWS-Billing_3238e84222ca8271"}, {"AssumeRolePolicyDocument": {"Version": "2012-10-17", "Statement": [{"Action": "sts:AssumeRoleWithSAML", "Effect": "Allow", "Condition": {"StringEquals": {"SAML:aud": "https://signin.aws.amazon.com/saml"}}, "Principal": {"Federated": "arn:aws:iam::043898046743:saml-provider/AWSSSO_797087d8c8bc3b56_DO_NOT_DELETE"}}]}, "MaxSessionDuration": 43200, "RoleId": "AROAQUOEHBELZUSOLPOWI", "CreateDate": "2020-03-31T13:18:07+00:00", "RoleName": "AWSReservedSSO_SupportG-AWS-ContactSupport_bdc87a3591d18abd", "Path": "/aws-reserved/sso.amazonaws.com/", "Arn": "arn:aws:iam::043898046743:role/aws-reserved/sso.amazonaws.com/AWSReservedSSO_SupportG-AWS-ContactSupport_bdc87a3591d18abd"}, {"Description": "Global Admin", "AssumeRolePolicyDocument": {"Version": "2012-10-17", "Statement": [{"Action": "sts:AssumeRoleWithSAML", "Effect": "Allow", "Condition": {"StringEquals": {"SAML:aud": "https://signin.aws.amazon.com/saml"}}, "Principal": {"Federated": "arn:aws:iam::043898046743:saml-provider/AWSSSO_797087d8c8bc3b56_DO_NOT_DELETE"}}]}, "MaxSessionDuration": 43200, "RoleId": "AROAQUOEHBEL7KZEUJ77O", "CreateDate": "2020-02-27T15:46:08+00:00", "RoleName": "AWSReservedSSO_SupportG-AWS-GCSArchitecture_c0e3dbdd236b369a", "Path": "/aws-reserved/sso.amazonaws.com/", "Arn": "arn:aws:iam::043898046743:role/aws-reserved/sso.amazonaws.com/AWSReservedSSO_SupportG-AWS-GCSArchitecture_c0e3dbdd236b369a"}, {"Description": "role for Global ADMIN  IAM", "AssumeRolePolicyDocument": {"Version": "2012-10-17", "Statement": [{"Action": "sts:AssumeRoleWithSAML", "Effect": "Allow", "Condition": {"StringEquals": {"SAML:aud": "https://signin.aws.amazon.com/saml"}}, "Principal": {"Federated": "arn:aws:iam::043898046743:saml-provider/AWSSSO_797087d8c8bc3b56_DO_NOT_DELETE"}}]}, "MaxSessionDuration": 43200, "RoleId": "AROAQUOEHBELYTUJSYB5O", "CreateDate": "2020-03-10T11:43:09+00:00", "RoleName": "AWSReservedSSO_SupportG-AWS-GCSOps_d1dd51e9f7e82c83", "Path": "/aws-reserved/sso.amazonaws.com/", "Arn": "arn:aws:iam::043898046743:role/aws-reserved/sso.amazonaws.com/AWSReservedSSO_SupportG-AWS-GCSOps_d1dd51e9f7e82c83"}, {"Description": "VPC and other networking functions", "AssumeRolePolicyDocument": {"Version": "2012-10-17", "Statement": [{"Action": "sts:AssumeRoleWithSAML", "Effect": "Allow", "Condition": {"StringEquals": {"SAML:aud": "https://signin.aws.amazon.com/saml"}}, "Principal": {"Federated": "arn:aws:iam::043898046743:saml-provider/AWSSSO_797087d8c8bc3b56_DO_NOT_DELETE"}}]}, "MaxSessionDuration": 43200, "RoleId": "AROAQUOEHBELT7UOUSRXY", "CreateDate": "2020-04-28T12:34:51+00:00", "RoleName": "AWSReservedSSO_SupportG-AWS-Network_bce7f0f5d6b9d10a", "Path": "/aws-reserved/sso.amazonaws.com/", "Arn": "arn:aws:iam::043898046743:role/aws-reserved/sso.amazonaws.com/AWSReservedSSO_SupportG-AWS-Network_bce7f0f5d6b9d10a"}, {"Description": "Permission set to allow Onica team access to AWS accounts.", "AssumeRolePolicyDocument": {"Version": "2012-10-17", "Statement": [{"Action": "sts:AssumeRoleWithSAML", "Effect": "Allow", "Condition": {"StringEquals": {"SAML:aud": "https://signin.aws.amazon.com/saml"}}, "Principal": {"Federated": "arn:aws:iam::043898046743:saml-provider/AWSSSO_797087d8c8bc3b56_DO_NOT_DELETE"}}]}, "MaxSessionDuration": 43200, "RoleId": "AROAQUOEHBEL5V5QPXXOG", "CreateDate": "2020-03-31T21:23:24+00:00", "RoleName": "AWSReservedSSO_SupportG-AWS-Onica_181d1fc7310ece41", "Path": "/aws-reserved/sso.amazonaws.com/", "Arn": "arn:aws:iam::043898046743:role/aws-reserved/sso.amazonaws.com/AWSReservedSSO_SupportG-AWS-Onica_181d1fc7310ece41"}, {"Description": "Permission set to allow AWS ProServe team to federate in as an Admin.", "AssumeRolePolicyDocument": {"Version": "2012-10-17", "Statement": [{"Action": "sts:AssumeRoleWithSAML", "Effect": "Allow", "Condition": {"StringEquals": {"SAML:aud": "https://signin.aws.amazon.com/saml"}}, "Principal": {"Federated": "arn:aws:iam::043898046743:saml-provider/AWSSSO_797087d8c8bc3b56_DO_NOT_DELETE"}}]}, "MaxSessionDuration": 43200, "RoleId": "AROAQUOEHBELUGBXHD2IJ", "CreateDate": "2020-03-10T17:01:53+00:00", "RoleName": "AWSReservedSSO_SupportG-AWS-ProServe_b02fc3c5dc4e9dc7", "Path": "/aws-reserved/sso.amazonaws.com/", "Arn": "arn:aws:iam::043898046743:role/aws-reserved/sso.amazonaws.com/AWSReservedSSO_SupportG-AWS-ProServe_b02fc3c5dc4e9dc7"}, {"Description": "role for Read Only access", "AssumeRolePolicyDocument": {"Version": "2012-10-17", "Statement": [{"Action": "sts:AssumeRoleWithSAML", "Effect": "Allow", "Condition": {"StringEquals": {"SAML:aud": "https://signin.aws.amazon.com/saml"}}, "Principal": {"Federated": "arn:aws:iam::043898046743:saml-provider/AWSSSO_797087d8c8bc3b56_DO_NOT_DELETE"}}]}, "MaxSessionDuration": 43200, "RoleId": "AROAQUOEHBELTCOHHTHY4", "CreateDate": "2020-04-02T00:46:10+00:00", "RoleName": "AWSReservedSSO_SupportG-AWS-ReadOnly_38c414369f49391f", "Path": "/aws-reserved/sso.amazonaws.com/", "Arn": "arn:aws:iam::043898046743:role/aws-reserved/sso.amazonaws.com/AWSReservedSSO_SupportG-AWS-ReadOnly_38c414369f49391f"}, {"Description": "A service-linked role required for Amazon GuardDuty to access your resources. ", "AssumeRolePolicyDocument": {"Version": "2012-10-17", "Statement": [{"Action": "sts:AssumeRole", "Effect": "Allow", "Principal": {"Service": "guardduty.amazonaws.com"}}]}, "MaxSessionDuration": 3600, "RoleId": "AROAQUOEHBELQBUUAXZ5W", "CreateDate": "2020-01-25T19:00:52+00:00", "RoleName": "AWSServiceRoleForAmazonGuardDuty", "Path": "/aws-service-role/guardduty.amazonaws.com/", "Arn": "arn:aws:iam::043898046743:role/aws-service-role/guardduty.amazonaws.com/AWSServiceRoleForAmazonGuardDuty"}, {"Description": "Provides access to AWS Resources managed or used by Amazon SSM.", "AssumeRolePolicyDocument": {"Version": "2012-10-17", "Statement": [{"Action": "sts:AssumeRole", "Effect": "Allow", "Principal": {"Service": "ssm.amazonaws.com"}}]}, "MaxSessionDuration": 3600, "RoleId": "AROAQUOEHBELY7YQLLIJG", "CreateDate": "2020-03-11T16:24:24+00:00", "RoleName": "AWSServiceRoleForAmazonSSM", "Path": "/aws-service-role/ssm.amazonaws.com/", "Arn": "arn:aws:iam::043898046743:role/aws-service-role/ssm.amazonaws.com/AWSServiceRoleForAmazonSSM"}, {"Description": "Default Service-Linked Role enables access to AWS Services and Resources used or managed by Auto Scaling", "AssumeRolePolicyDocument": {"Version": "2012-10-17", "Statement": [{"Action": "sts:AssumeRole", "Effect": "Allow", "Principal": {"Service": "autoscaling.amazonaws.com"}}]}, "MaxSessionDuration": 3600, "RoleId": "AROAQUOEHBELS4IRBVOCA", "CreateDate": "2020-01-30T01:41:35+00:00", "RoleName": "AWSServiceRoleForAutoScaling", "Path": "/aws-service-role/autoscaling.amazonaws.com/", "Arn": "arn:aws:iam::043898046743:role/aws-service-role/autoscaling.amazonaws.com/AWSServiceRoleForAutoScaling"}, {"Description": "Service linked role for CloudFormation StackSets (Organization Member)", "AssumeRolePolicyDocument": {"Version": "2012-10-17", "Statement": [{"Action": "sts:AssumeRole", "Effect": "Allow", "Principal": {"Service": "member.org.stacksets.cloudformation.amazonaws.com"}}]}, "MaxSessionDuration": 3600, "RoleId": "AROAQUOEHBELVCW22UNXQ", "CreateDate": "2020-02-25T19:27:12+00:00", "RoleName": "AWSServiceRoleForCloudFormationStackSetsOrgMember", "Path": "/aws-service-role/member.org.stacksets.cloudformation.amazonaws.com/", "Arn": "arn:aws:iam::043898046743:role/aws-service-role/member.org.stacksets.cloudformation.amazonaws.com/AWSServiceRoleForCloudFormationStackSetsOrgMember"}, {"AssumeRolePolicyDocument": {"Version": "2012-10-17", "Statement": [{"Action": "sts:AssumeRole", "Effect": "Allow", "Principal": {"Service": "cloudtrail.amazonaws.com"}}]}, "MaxSessionDuration": 3600, "RoleId": "AROAQUOEHBEL3DI7U2MQM", "CreateDate": "2020-03-03T14:06:50+00:00", "RoleName": "AWSServiceRoleForCloudTrail", "Path": "/aws-service-role/cloudtrail.amazonaws.com/", "Arn": "arn:aws:iam::043898046743:role/aws-service-role/cloudtrail.amazonaws.com/AWSServiceRoleForCloudTrail"}, {"Description": "A service-linked role required for AWS Config", "AssumeRolePolicyDocument": {"Version": "2012-10-17", "Statement": [{"Action": "sts:AssumeRole", "Effect": "Allow", "Principal": {"Service": "config.amazonaws.com"}}]}, "MaxSessionDuration": 3600, "RoleId": "AROAQUOEHBEL7TXPKVCCD", "CreateDate": "2020-02-19T15:20:36+00:00", "RoleName": "AWSServiceRoleForConfig", "Path": "/aws-service-role/config.amazonaws.com/", "Arn": "arn:aws:iam::043898046743:role/aws-service-role/config.amazonaws.com/AWSServiceRoleForConfig"}, {"Description": "Role to enable Amazon ECS to manage your cluster.", "AssumeRolePolicyDocument": {"Version": "2012-10-17", "Statement": [{"Action": "sts:AssumeRole", "Effect": "Allow", "Principal": {"Service": "ecs.amazonaws.com"}}]}, "MaxSessionDuration": 3600, "RoleId": "AROAQUOEHBELR2HZEUU4P", "CreateDate": "2020-03-17T21:13:52+00:00", "RoleName": "AWSServiceRoleForECS", "Path": "/aws-service-role/ecs.amazonaws.com/", "Arn": "arn:aws:iam::043898046743:role/aws-service-role/ecs.amazonaws.com/AWSServiceRoleForECS"}, {"Description": "Allows ELB to call AWS services on your behalf.", "AssumeRolePolicyDocument": {"Version": "2012-10-17", "Statement": [{"Action": "sts:AssumeRole", "Effect": "Allow", "Principal": {"Service": "elasticloadbalancing.amazonaws.com"}}]}, "MaxSessionDuration": 3600, "RoleId": "AROAQUOEHBEL36SLZ562Q", "CreateDate": "2020-01-29T22:13:08+00:00", "RoleName": "AWSServiceRoleForElasticLoadBalancing", "Path": "/aws-service-role/elasticloadbalancing.amazonaws.com/", "Arn": "arn:aws:iam::043898046743:role/aws-service-role/elasticloadbalancing.amazonaws.com/AWSServiceRoleForElasticLoadBalancing"}, {"AssumeRolePolicyDocument": {"Version": "2012-10-17", "Statement": [{"Action": "sts:AssumeRole", "Effect": "Allow", "Principal": {"Service": "imagebuilder.amazonaws.com"}}]}, "MaxSessionDuration": 3600, "RoleId": "AROAQUOEHBELWUOGNSQVC", "CreateDate": "2020-05-15T14:04:04+00:00", "RoleName": "AWSServiceRoleForImageBuilder", "Path": "/aws-service-role/imagebuilder.amazonaws.com/", "Arn": "arn:aws:iam::043898046743:role/aws-service-role/imagebuilder.amazonaws.com/AWSServiceRoleForImageBuilder"}, {"Description": "Service-linked role used by AWS Organizations to enable integration of other AWS services with Organizations.", "AssumeRolePolicyDocument": {"Version": "2012-10-17", "Statement": [{"Action": "sts:AssumeRole", "Effect": "Allow", "Principal": {"Service": "organizations.amazonaws.com"}}]}, "MaxSessionDuration": 3600, "RoleId": "AROAQUOEHBEL6RXEWHBXH", "CreateDate": "2020-01-25T18:44:21+00:00", "RoleName": "AWSServiceRoleForOrganizations", "Path": "/aws-service-role/organizations.amazonaws.com/", "Arn": "arn:aws:iam::043898046743:role/aws-service-role/organizations.amazonaws.com/AWSServiceRoleForOrganizations"}, {"Description": "Allows Amazon RDS to manage AWS resources on your behalf", "AssumeRolePolicyDocument": {"Version": "2012-10-17", "Statement": [{"Action": "sts:AssumeRole", "Effect": "Allow", "Principal": {"Service": "rds.amazonaws.com"}}]}, "MaxSessionDuration": 3600, "RoleId": "AROAQUOEHBEL2DDPLHOX2", "CreateDate": "2020-01-30T01:21:05+00:00", "RoleName": "AWSServiceRoleForRDS", "Path": "/aws-service-role/rds.amazonaws.com/", "Arn": "arn:aws:iam::043898046743:role/aws-service-role/rds.amazonaws.com/AWSServiceRoleForRDS"}, {"Description": "A service-linked role required for AWS Security Hub to access your resources.", "AssumeRolePolicyDocument": {"Version": "2012-10-17", "Statement": [{"Action": "sts:AssumeRole", "Effect": "Allow", "Principal": {"Service": "securityhub.amazonaws.com"}}]}, "MaxSessionDuration": 3600, "RoleId": "AROAQUOEHBELQMTE5HRU4", "CreateDate": "2020-02-18T18:37:16+00:00", "RoleName": "AWSServiceRoleForSecurityHub", "Path": "/aws-service-role/securityhub.amazonaws.com/", "Arn": "arn:aws:iam::043898046743:role/aws-service-role/securityhub.amazonaws.com/AWSServiceRoleForSecurityHub"}, {"Description": "Service-linked role used by AWS SSO to manage AWS resources, including IAM roles, policies and SAML IdP on your behalf.", "AssumeRolePolicyDocument": {"Version": "2012-10-17", "Statement": [{"Action": "sts:AssumeRole", "Effect": "Allow", "Principal": {"Service": "sso.amazonaws.com"}}]}, "MaxSessionDuration": 3600, "RoleId": "AROAQUOEHBELR2TXJY7GM", "CreateDate": "2020-01-28T22:58:22+00:00", "RoleName": "AWSServiceRoleForSSO", "Path": "/aws-service-role/sso.amazonaws.com/", "Arn": "arn:aws:iam::043898046743:role/aws-service-role/sso.amazonaws.com/AWSServiceRoleForSSO"}, {"Description": "Enables resource access for AWS to provide billing, administrative and support services", "AssumeRolePolicyDocument": {"Version": "2012-10-17", "Statement": [{"Action": "sts:AssumeRole", "Effect": "Allow", "Principal": {"Service": "support.amazonaws.com"}}]}, "MaxSessionDuration": 3600, "RoleId": "AROAQUOEHBELUJQDL2JYN", "CreateDate": "2020-01-25T18:44:20+00:00", "RoleName": "AWSServiceRoleForSupport", "Path": "/aws-service-role/support.amazonaws.com/", "Arn": "arn:aws:iam::043898046743:role/aws-service-role/support.amazonaws.com/AWSServiceRoleForSupport"}, {"Description": "Access for the AWS Trusted Advisor Service to help reduce cost, increase performance, and improve security of your AWS environment.", "AssumeRolePolicyDocument": {"Version": "2012-10-17", "Statement": [{"Action": "sts:AssumeRole", "Effect": "Allow", "Principal": {"Service": "trustedadvisor.amazonaws.com"}}]}, "MaxSessionDuration": 3600, "RoleId": "AROAQUOEHBELS4HDC6WT3", "CreateDate": "2020-01-25T18:44:20+00:00", "RoleName": "AWSServiceRoleForTrustedAdvisor", "Path": "/aws-service-role/trustedadvisor.amazonaws.com/", "Arn": "arn:aws:iam::043898046743:role/aws-service-role/trustedadvisor.amazonaws.com/AWSServiceRoleForTrustedAdvisor"}, {"AssumeRolePolicyDocument": {"Version": "2012-10-17", "Statement": [{"Action": "sts:AssumeRole", "Effect": "Allow", "Principal": {"Service": "transitgateway.amazonaws.com"}}]}, "MaxSessionDuration": 3600, "RoleId": "AROAQUOEHBEL5X2CW5XRV", "CreateDate": "2020-01-28T00:02:12+00:00", "RoleName": "AWSServiceRoleForVPCTransitGateway", "Path": "/aws-service-role/transitgateway.amazonaws.com/", "Arn": "arn:aws:iam::043898046743:role/aws-service-role/transitgateway.amazonaws.com/AWSServiceRoleForVPCTransitGateway"}, {"Description": "", "AssumeRolePolicyDocument": {"Version": "2012-10-17", "Statement": [{"Action": "sts:AssumeRole", "Effect": "Allow", "Principal": {"AWS": "arn:aws:iam::043898046743:role/LambdaCreateEncryptedAmiCopyRole"}}]}, "MaxSessionDuration": 3600, "RoleId": "AROAQUOEHBEL3AZZNBCPH", "CreateDate": "2020-04-06T17:18:51+00:00", "RoleName": "ChildAccountCreateEncryptedAmiCopyRole", "Path": "/", "Arn": "arn:aws:iam::043898046743:role/ChildAccountCreateEncryptedAmiCopyRole"}, {"Description": "", "AssumeRolePolicyDocument": {"Version": "2012-10-17", "Statement": [{"Action": "sts:AssumeRole", "Effect": "Allow", "Principal": {"Service": "lambda.amazonaws.com"}}]}, "MaxSessionDuration": 3600, "RoleId": "AROAQUOEHBELWK2PMEIKL", "CreateDate": "2020-04-16T16:30:19+00:00", "RoleName": "csf-prod-security-custom-co-LambdaExecutionRoleWAF-1X8YC3SJ96XGL", "Path": "/", "Arn": "arn:aws:iam::043898046743:role/csf-prod-security-custom-co-LambdaExecutionRoleWAF-1X8YC3SJ96XGL"}, {"Description": "", "AssumeRolePolicyDocument": {"Version": "2012-10-17", "Statement": [{"Action": "sts:AssumeRole", "Effect": "Allow", "Principal": {"Service": "lambda.amazonaws.com"}}]}, "MaxSessionDuration": 3600, "RoleId": "AROAQUOEHBEL2W5TQX37V", "CreateDate": "2020-04-16T16:20:32+00:00", "RoleName": "csf-prod-security-custom-co-LambdaExecutionRoleWAF-GRL4QJTB9T80", "Path": "/", "Arn": "arn:aws:iam::043898046743:role/csf-prod-security-custom-co-LambdaExecutionRoleWAF-GRL4QJTB9T80"}, {"Description": "", "AssumeRolePolicyDocument": {"Version": "2012-10-17", "Statement": [{"Action": "sts:AssumeRole", "Effect": "Allow", "Principal": {"Service": "lambda.amazonaws.com"}}]}, "MaxSessionDuration": 3600, "RoleId": "AROAQUOEHBELWN7FSXBCP", "CreateDate": "2020-04-16T16:13:42+00:00", "RoleName": "csf-prod-security-custom-co-LambdaExecutionRoleWAF-J95CT262NZZR", "Path": "/", "Arn": "arn:aws:iam::043898046743:role/csf-prod-security-custom-co-LambdaExecutionRoleWAF-J95CT262NZZR"}, {"Description": "", "AssumeRolePolicyDocument": {"Version": "2012-10-17", "Statement": [{"Action": "sts:AssumeRole", "Effect": "Allow", "Principal": {"Service": "lambda.amazonaws.com"}}]}, "MaxSessionDuration": 3600, "RoleId": "AROAQUOEHBEL2VDF46FJ4", "CreateDate": "2020-04-16T16:17:11+00:00", "RoleName": "csf-prod-security-custom-co-LambdaExecutionRoleWAF-KYDEPXWSTY08", "Path": "/", "Arn": "arn:aws:iam::043898046743:role/csf-prod-security-custom-co-LambdaExecutionRoleWAF-KYDEPXWSTY08"}, {"Description": "", "AssumeRolePolicyDocument": {"Version": "2012-10-17", "Statement": [{"Action": "sts:AssumeRole", "Effect": "Allow", "Principal": {"Service": "lambda.amazonaws.com"}}]}, "MaxSessionDuration": 3600, "RoleId": "AROAQUOEHBELUXYS2WHAF", "CreateDate": "2020-04-16T16:23:51+00:00", "RoleName": "csf-prod-security-custom-co-LambdaExecutionRoleWAF-OG8RFTUPYPMO", "Path": "/", "Arn": "arn:aws:iam::043898046743:role/csf-prod-security-custom-co-LambdaExecutionRoleWAF-OG8RFTUPYPMO"}, {"Description": "", "AssumeRolePolicyDocument": {"Version": "2012-10-17", "Statement": [{"Action": "sts:AssumeRole", "Effect": "Allow", "Principal": {"Service": "lambda.amazonaws.com"}}]}, "MaxSessionDuration": 3600, "RoleId": "AROAQUOEHBEL7LN5ODXLA", "CreateDate": "2020-04-16T16:27:08+00:00", "RoleName": "csf-prod-security-custom-co-LambdaExecutionRoleWAF-ZX370QQ2WYAH", "Path": "/", "Arn": "arn:aws:iam::043898046743:role/csf-prod-security-custom-co-LambdaExecutionRoleWAF-ZX370QQ2WYAH"}, {"Description": "", "AssumeRolePolicyDocument": {"Version": "2012-10-17", "Statement": [{"Action": "sts:AssumeRole", "Effect": "Allow", "Principal": {"Service": "lambda.amazonaws.com"}}]}, "MaxSessionDuration": 3600, "RoleId": "AROAQUOEHBELYATFQBDNS", "CreateDate": "2020-04-16T16:30:19+00:00", "RoleName": "csf-prod-security-custom-LambdaExecutionRoleSuppo-158MXTIAI0EB", "Path": "/", "Arn": "arn:aws:iam::043898046743:role/csf-prod-security-custom-LambdaExecutionRoleSuppo-158MXTIAI0EB"}, {"Description": "", "AssumeRolePolicyDocument": {"Version": "2012-10-17", "Statement": [{"Action": "sts:AssumeRole", "Effect": "Allow", "Principal": {"Service": "lambda.amazonaws.com"}}]}, "MaxSessionDuration": 3600, "RoleId": "AROAQUOEHBELZGW6HETZI", "CreateDate": "2020-04-16T16:17:11+00:00", "RoleName": "csf-prod-security-custom-LambdaExecutionRoleSuppo-15B7AHJEB0EQN", "Path": "/", "Arn": "arn:aws:iam::043898046743:role/csf-prod-security-custom-LambdaExecutionRoleSuppo-15B7AHJEB0EQN"}, {"Description": "", "AssumeRolePolicyDocument": {"Version": "2012-10-17", "Statement": [{"Action": "sts:AssumeRole", "Effect": "Allow", "Principal": {"Service": "lambda.amazonaws.com"}}]}, "MaxSessionDuration": 3600, "RoleId": "AROAQUOEHBEL7NS75WSOW", "CreateDate": "2020-04-16T16:20:33+00:00", "RoleName": "csf-prod-security-custom-LambdaExecutionRoleSuppo-17029UW2YT7XA", "Path": "/", "Arn": "arn:aws:iam::043898046743:role/csf-prod-security-custom-LambdaExecutionRoleSuppo-17029UW2YT7XA"}, {"Description": "", "AssumeRolePolicyDocument": {"Version": "2012-10-17", "Statement": [{"Action": "sts:AssumeRole", "Effect": "Allow", "Principal": {"Service": "lambda.amazonaws.com"}}]}, "MaxSessionDuration": 3600, "RoleId": "AROAQUOEHBELUVWVNKXJB", "CreateDate": "2020-04-16T16:23:51+00:00", "RoleName": "csf-prod-security-custom-LambdaExecutionRoleSuppo-1OFX3UFDSDI5J", "Path": "/", "Arn": "arn:aws:iam::043898046743:role/csf-prod-security-custom-LambdaExecutionRoleSuppo-1OFX3UFDSDI5J"}, {"Description": "", "AssumeRolePolicyDocument": {"Version": "2012-10-17", "Statement": [{"Action": "sts:AssumeRole", "Effect": "Allow", "Principal": {"Service": "lambda.amazonaws.com"}}]}, "MaxSessionDuration": 3600, "RoleId": "AROAQUOEHBELR662SKORB", "CreateDate": "2020-04-16T16:27:08+00:00", "RoleName": "csf-prod-security-custom-LambdaExecutionRoleSuppo-IYGZQVY9KP5M", "Path": "/", "Arn": "arn:aws:iam::043898046743:role/csf-prod-security-custom-LambdaExecutionRoleSuppo-IYGZQVY9KP5M"}, {"Description": "", "AssumeRolePolicyDocument": {"Version": "2012-10-17", "Statement": [{"Action": "sts:AssumeRole", "Effect": "Allow", "Principal": {"Service": "lambda.amazonaws.com"}}]}, "MaxSessionDuration": 3600, "RoleId": "AROAQUOEHBEL5EA3UHNHF", "CreateDate": "2020-04-16T16:13:42+00:00", "RoleName": "csf-prod-security-custom-LambdaExecutionRoleSuppo-TL39BLRO4ZQS", "Path": "/", "Arn": "arn:aws:iam::043898046743:role/csf-prod-security-custom-LambdaExecutionRoleSuppo-TL39BLRO4ZQS"}, {"Description": "", "AssumeRolePolicyDocument": {"Version": "2012-10-17", "Statement": [{"Action": "sts:AssumeRole", "Effect": "Allow", "Principal": {"Service": "lambda.amazonaws.com"}}]}, "MaxSessionDuration": 3600, "RoleId": "AROAQUOEHBEL276GTDGL2", "CreateDate": "2020-04-16T16:28:15+00:00", "RoleName": "csf-prod-security-remedia-LambdaExecutionRoleCloud-14NYE1MXS41K1", "Path": "/", "Arn": "arn:aws:iam::043898046743:role/csf-prod-security-remedia-LambdaExecutionRoleCloud-14NYE1MXS41K1"}, {"Description": "", "AssumeRolePolicyDocument": {"Version": "2012-10-17", "Statement": [{"Action": "sts:AssumeRole", "Effect": "Allow", "Principal": {"Service": "lambda.amazonaws.com"}}]}, "MaxSessionDuration": 3600, "RoleId": "AROAQUOEHBELWFI2JOK3S", "CreateDate": "2020-04-16T16:25:00+00:00", "RoleName": "csf-prod-security-remedia-LambdaExecutionRoleCloud-1BFXNTGDLACGQ", "Path": "/", "Arn": "arn:aws:iam::043898046743:role/csf-prod-security-remedia-LambdaExecutionRoleCloud-1BFXNTGDLACGQ"}, {"Description": "", "AssumeRolePolicyDocument": {"Version": "2012-10-17", "Statement": [{"Action": "sts:AssumeRole", "Effect": "Allow", "Principal": {"Service": "lambda.amazonaws.com"}}]}, "MaxSessionDuration": 3600, "RoleId": "AROAQUOEHBELYT7ID26YF", "CreateDate": "2020-04-16T16:28:15+00:00", "RoleName": "csf-prod-security-remedia-LambdaExecutionRoleCloud-1BY80MJPINTQL", "Path": "/", "Arn": "arn:aws:iam::043898046743:role/csf-prod-security-remedia-LambdaExecutionRoleCloud-1BY80MJPINTQL"}, {"Description": "", "AssumeRolePolicyDocument": {"Version": "2012-10-17", "Statement": [{"Action": "sts:AssumeRole", "Effect": "Allow", "Principal": {"Service": "lambda.amazonaws.com"}}]}, "MaxSessionDuration": 3600, "RoleId": "AROAQUOEHBELZNRPGITBN", "CreateDate": "2020-04-16T16:21:42+00:00", "RoleName": "csf-prod-security-remedia-LambdaExecutionRoleCloud-1I7RS8RQQIIVB", "Path": "/", "Arn": "arn:aws:iam::043898046743:role/csf-prod-security-remedia-LambdaExecutionRoleCloud-1I7RS8RQQIIVB"}, {"Description": "", "AssumeRolePolicyDocument": {"Version": "2012-10-17", "Statement": [{"Action": "sts:AssumeRole", "Effect": "Allow", "Principal": {"Service": "lambda.amazonaws.com"}}]}, "MaxSessionDuration": 3600, "RoleId": "AROAQUOEHBELRS76FH2OD", "CreateDate": "2020-04-16T16:14:55+00:00", "RoleName": "csf-prod-security-remedia-LambdaExecutionRoleCloud-1M6T1C6UW25IC", "Path": "/", "Arn": "arn:aws:iam::043898046743:role/csf-prod-security-remedia-LambdaExecutionRoleCloud-1M6T1C6UW25IC"}, {"Description": "", "AssumeRolePolicyDocument": {"Version": "2012-10-17", "Statement": [{"Action": "sts:AssumeRole", "Effect": "Allow", "Principal": {"Service": "lambda.amazonaws.com"}}]}, "MaxSessionDuration": 3600, "RoleId": "AROAQUOEHBEL5G5CZ2WRY", "CreateDate": "2020-04-16T16:31:24+00:00", "RoleName": "csf-prod-security-remedia-LambdaExecutionRoleCloud-3GUQUF44EI4M", "Path": "/", "Arn": "arn:aws:iam::043898046743:role/csf-prod-security-remedia-LambdaExecutionRoleCloud-3GUQUF44EI4M"}, {"Description": "", "AssumeRolePolicyDocument": {"Version": "2012-10-17", "Statement": [{"Action": "sts:AssumeRole", "Effect": "Allow", "Principal": {"Service": "lambda.amazonaws.com"}}]}, "MaxSessionDuration": 3600, "RoleId": "AROAQUOEHBELTELPNWFZC", "CreateDate": "2020-04-16T16:31:24+00:00", "RoleName": "csf-prod-security-remedia-LambdaExecutionRoleCloud-AE2JDNNIAEHS", "Path": "/", "Arn": "arn:aws:iam::043898046743:role/csf-prod-security-remedia-LambdaExecutionRoleCloud-AE2JDNNIAEHS"}, {"Description": "", "AssumeRolePolicyDocument": {"Version": "2012-10-17", "Statement": [{"Action": "sts:AssumeRole", "Effect": "Allow", "Principal": {"Service": "lambda.amazonaws.com"}}]}, "MaxSessionDuration": 3600, "RoleId": "AROAQUOEHBEL2R7RH33RL", "CreateDate": "2020-04-16T16:18:24+00:00", "RoleName": "csf-prod-security-remedia-LambdaExecutionRoleCloud-DE6YXUX10DIP", "Path": "/", "Arn": "arn:aws:iam::043898046743:role/csf-prod-security-remedia-LambdaExecutionRoleCloud-DE6YXUX10DIP"}, {"Description": "", "AssumeRolePolicyDocument": {"Version": "2012-10-17", "Statement": [{"Action": "sts:AssumeRole", "Effect": "Allow", "Principal": {"Service": "lambda.amazonaws.com"}}]}, "MaxSessionDuration": 3600, "RoleId": "AROAQUOEHBEL2YNBIDSPT", "CreateDate": "2020-04-16T16:25:00+00:00", "RoleName": "csf-prod-security-remedia-LambdaExecutionRoleCloud-L6ZVJLBFDLQP", "Path": "/", "Arn": "arn:aws:iam::043898046743:role/csf-prod-security-remedia-LambdaExecutionRoleCloud-L6ZVJLBFDLQP"}, {"Description": "", "AssumeRolePolicyDocument": {"Version": "2012-10-17", "Statement": [{"Action": "sts:AssumeRole", "Effect": "Allow", "Principal": {"Service": "lambda.amazonaws.com"}}]}, "MaxSessionDuration": 3600, "RoleId": "AROAQUOEHBELYXII5SJE5", "CreateDate": "2020-04-16T16:14:56+00:00", "RoleName": "csf-prod-security-remedia-LambdaExecutionRoleCloud-VEMYMKNJT8FE", "Path": "/", "Arn": "arn:aws:iam::043898046743:role/csf-prod-security-remedia-LambdaExecutionRoleCloud-VEMYMKNJT8FE"}, {"Description": "", "AssumeRolePolicyDocument": {"Version": "2012-10-17", "Statement": [{"Action": "sts:AssumeRole", "Effect": "Allow", "Principal": {"Service": "lambda.amazonaws.com"}}]}, "MaxSessionDuration": 3600, "RoleId": "AROAQUOEHBEL4N36T43NB", "CreateDate": "2020-04-16T16:18:25+00:00", "RoleName": "csf-prod-security-remedia-LambdaExecutionRoleCloud-VT86DVNLKCGV", "Path": "/", "Arn": "arn:aws:iam::043898046743:role/csf-prod-security-remedia-LambdaExecutionRoleCloud-VT86DVNLKCGV"}, {"Description": "", "AssumeRolePolicyDocument": {"Version": "2012-10-17", "Statement": [{"Action": "sts:AssumeRole", "Effect": "Allow", "Principal": {"Service": "lambda.amazonaws.com"}}]}, "MaxSessionDuration": 3600, "RoleId": "AROAQUOEHBELX2VPW5ITU", "CreateDate": "2020-04-16T16:21:43+00:00", "RoleName": "csf-prod-security-remedia-LambdaExecutionRoleCloud-XMI993SAURG2", "Path": "/", "Arn": "arn:aws:iam::043898046743:role/csf-prod-security-remedia-LambdaExecutionRoleCloud-XMI993SAURG2"}, {"Description": "", "AssumeRolePolicyDocument": {"Version": "2012-10-17", "Statement": [{"Action": "sts:AssumeRole", "Effect": "Allow", "Principal": {"Service": "lambda.amazonaws.com"}}]}, "MaxSessionDuration": 3600, "RoleId": "AROAQUOEHBEL6MHK56TIQ", "CreateDate": "2020-04-16T16:35:24+00:00", "RoleName": "csf-prod-security-remedia-LambdaExecutionRoleConfi-14RNKX9VDFK17", "Path": "/", "Arn": "arn:aws:iam::043898046743:role/csf-prod-security-remedia-LambdaExecutionRoleConfi-14RNKX9VDFK17"}, {"Description": "", "AssumeRolePolicyDocument": {"Version": "2012-10-17", "Statement": [{"Action": "sts:AssumeRole", "Effect": "Allow", "Principal": {"Service": "lambda.amazonaws.com"}}]}, "MaxSessionDuration": 3600, "RoleId": "AROAQUOEHBELY753GU2D6", "CreateDate": "2020-04-16T16:21:42+00:00", "RoleName": "csf-prod-security-remedia-LambdaExecutionRoleDisab-15UBG11D8GL6Z", "Path": "/", "Arn": "arn:aws:iam::043898046743:role/csf-prod-security-remedia-LambdaExecutionRoleDisab-15UBG11D8GL6Z"}, {"Description": "", "AssumeRolePolicyDocument": {"Version": "2012-10-17", "Statement": [{"Action": "sts:AssumeRole", "Effect": "Allow", "Principal": {"Service": "lambda.amazonaws.com"}}]}, "MaxSessionDuration": 3600, "RoleId": "AROAQUOEHBELYMLQZAXV3", "CreateDate": "2020-04-16T16:18:25+00:00", "RoleName": "csf-prod-security-remedia-LambdaExecutionRoleDisab-1CUICI7IRI32B", "Path": "/", "Arn": "arn:aws:iam::043898046743:role/csf-prod-security-remedia-LambdaExecutionRoleDisab-1CUICI7IRI32B"}, {"Description": "", "AssumeRolePolicyDocument": {"Version": "2012-10-17", "Statement": [{"Action": "sts:AssumeRole", "Effect": "Allow", "Principal": {"Service": "lambda.amazonaws.com"}}]}, "MaxSessionDuration": 3600, "RoleId": "AROAQUOEHBEL2J33J6BVH", "CreateDate": "2020-04-16T16:28:15+00:00", "RoleName": "csf-prod-security-remedia-LambdaExecutionRoleDisab-1HRGRMZJH2UJR", "Path": "/", "Arn": "arn:aws:iam::043898046743:role/csf-prod-security-remedia-LambdaExecutionRoleDisab-1HRGRMZJH2UJR"}, {"Description": "", "AssumeRolePolicyDocument": {"Version": "2012-10-17", "Statement": [{"Action": "sts:AssumeRole", "Effect": "Allow", "Principal": {"Service": "lambda.amazonaws.com"}}]}, "MaxSessionDuration": 3600, "RoleId": "AROAQUOEHBELXJK6FPFBO", "CreateDate": "2020-04-16T16:14:56+00:00", "RoleName": "csf-prod-security-remedia-LambdaExecutionRoleDisab-CELLIXE8UAXA", "Path": "/", "Arn": "arn:aws:iam::043898046743:role/csf-prod-security-remedia-LambdaExecutionRoleDisab-CELLIXE8UAXA"}, {"Description": "", "AssumeRolePolicyDocument": {"Version": "2012-10-17", "Statement": [{"Action": "sts:AssumeRole", "Effect": "Allow", "Principal": {"Service": "lambda.amazonaws.com"}}]}, "MaxSessionDuration": 3600, "RoleId": "AROAQUOEHBELR3RLJW5KG", "CreateDate": "2020-04-16T16:31:25+00:00", "RoleName": "csf-prod-security-remedia-LambdaExecutionRoleDisab-MC1Q1MUMAQSP", "Path": "/", "Arn": "arn:aws:iam::043898046743:role/csf-prod-security-remedia-LambdaExecutionRoleDisab-MC1Q1MUMAQSP"}, {"Description": "", "AssumeRolePolicyDocument": {"Version": "2012-10-17", "Statement": [{"Action": "sts:AssumeRole", "Effect": "Allow", "Principal": {"Service": "lambda.amazonaws.com"}}]}, "MaxSessionDuration": 3600, "RoleId": "AROAQUOEHBEL5TYLFYLYF", "CreateDate": "2020-04-16T16:25:02+00:00", "RoleName": "csf-prod-security-remedia-LambdaExecutionRoleDisab-Z8Q35MPAJJ34", "Path": "/", "Arn": "arn:aws:iam::043898046743:role/csf-prod-security-remedia-LambdaExecutionRoleDisab-Z8Q35MPAJJ34"}, {"Description": "", "AssumeRolePolicyDocument": {"Version": "2012-10-17", "Statement": [{"Action": "sts:AssumeRole", "Effect": "Allow", "Principal": {"Service": "lambda.amazonaws.com"}}]}, "MaxSessionDuration": 3600, "RoleId": "AROAQUOEHBELRYLUKK46S", "CreateDate": "2020-04-16T16:28:15+00:00", "RoleName": "csf-prod-security-remedia-LambdaExecutionRoleIAMAd-19ZXA1H4VCX3F", "Path": "/", "Arn": "arn:aws:iam::043898046743:role/csf-prod-security-remedia-LambdaExecutionRoleIAMAd-19ZXA1H4VCX3F"}, {"Description": "", "AssumeRolePolicyDocument": {"Version": "2012-10-17", "Statement": [{"Action": "sts:AssumeRole", "Effect": "Allow", "Principal": {"Service": "lambda.amazonaws.com"}}]}, "MaxSessionDuration": 3600, "RoleId": "AROAQUOEHBELVX2ACEQTC", "CreateDate": "2020-04-16T16:21:42+00:00", "RoleName": "csf-prod-security-remedia-LambdaExecutionRoleIAMAd-1DYA1PXWRBNE", "Path": "/", "Arn": "arn:aws:iam::043898046743:role/csf-prod-security-remedia-LambdaExecutionRoleIAMAd-1DYA1PXWRBNE"}, {"Description": "", "AssumeRolePolicyDocument": {"Version": "2012-10-17", "Statement": [{"Action": "sts:AssumeRole", "Effect": "Allow", "Principal": {"Service": "lambda.amazonaws.com"}}]}, "MaxSessionDuration": 3600, "RoleId": "AROAQUOEHBEL4YVMODECE", "CreateDate": "2020-04-16T16:14:56+00:00", "RoleName": "csf-prod-security-remedia-LambdaExecutionRoleIAMAd-1HU128ZGUD6WG", "Path": "/", "Arn": "arn:aws:iam::043898046743:role/csf-prod-security-remedia-LambdaExecutionRoleIAMAd-1HU128ZGUD6WG"}, {"Description": "", "AssumeRolePolicyDocument": {"Version": "2012-10-17", "Statement": [{"Action": "sts:AssumeRole", "Effect": "Allow", "Principal": {"Service": "lambda.amazonaws.com"}}]}, "MaxSessionDuration": 3600, "RoleId": "AROAQUOEHBELYDG7LAPOP", "CreateDate": "2020-04-16T16:18:24+00:00", "RoleName": "csf-prod-security-remedia-LambdaExecutionRoleIAMAd-1OG0APOR39ZC3", "Path": "/", "Arn": "arn:aws:iam::043898046743:role/csf-prod-security-remedia-LambdaExecutionRoleIAMAd-1OG0APOR39ZC3"}, {"Description": "", "AssumeRolePolicyDocument": {"Version": "2012-10-17", "Statement": [{"Action": "sts:AssumeRole", "Effect": "Allow", "Principal": {"Service": "lambda.amazonaws.com"}}]}, "MaxSessionDuration": 3600, "RoleId": "AROAQUOEHBELXF4XT7AMX", "CreateDate": "2020-04-16T16:25:01+00:00", "RoleName": "csf-prod-security-remedia-LambdaExecutionRoleIAMAd-ELV96VSPMG4W", "Path": "/", "Arn": "arn:aws:iam::043898046743:role/csf-prod-security-remedia-LambdaExecutionRoleIAMAd-ELV96VSPMG4W"}, {"Description": "", "AssumeRolePolicyDocument": {"Version": "2012-10-17", "Statement": [{"Action": "sts:AssumeRole", "Effect": "Allow", "Principal": {"Service": "lambda.amazonaws.com"}}]}, "MaxSessionDuration": 3600, "RoleId": "AROAQUOEHBELV37CVHL3P", "CreateDate": "2020-04-16T16:31:25+00:00", "RoleName": "csf-prod-security-remedia-LambdaExecutionRoleIAMAd-T47Q5GNF9CFN", "Path": "/", "Arn": "arn:aws:iam::043898046743:role/csf-prod-security-remedia-LambdaExecutionRoleIAMAd-T47Q5GNF9CFN"}, {"Description": "", "AssumeRolePolicyDocument": {"Version": "2012-10-17", "Statement": [{"Action": "sts:AssumeRole", "Effect": "Allow", "Principal": {"Service": "lambda.amazonaws.com"}}]}, "MaxSessionDuration": 3600, "RoleId": "AROAQUOEHBELVSUAPOTB5", "CreateDate": "2020-04-16T16:28:15+00:00", "RoleName": "csf-prod-security-remedia-LambdaExecutionRoleIAMKe-10G2W24GM1VYK", "Path": "/", "Arn": "arn:aws:iam::043898046743:role/csf-prod-security-remedia-LambdaExecutionRoleIAMKe-10G2W24GM1VYK"}, {"Description": "", "AssumeRolePolicyDocument": {"Version": "2012-10-17", "Statement": [{"Action": "sts:AssumeRole", "Effect": "Allow", "Principal": {"Service": "lambda.amazonaws.com"}}]}, "MaxSessionDuration": 3600, "RoleId": "AROAQUOEHBEL6WJ3MTOQV", "CreateDate": "2020-04-16T16:31:25+00:00", "RoleName": "csf-prod-security-remedia-LambdaExecutionRoleIAMKe-185X0BL0FHQDB", "Path": "/", "Arn": "arn:aws:iam::043898046743:role/csf-prod-security-remedia-LambdaExecutionRoleIAMKe-185X0BL0FHQDB"}, {"Description": "", "AssumeRolePolicyDocument": {"Version": "2012-10-17", "Statement": [{"Action": "sts:AssumeRole", "Effect": "Allow", "Principal": {"Service": "lambda.amazonaws.com"}}]}, "MaxSessionDuration": 3600, "RoleId": "AROAQUOEHBELU22MSBQ6E", "CreateDate": "2020-04-16T16:18:24+00:00", "RoleName": "csf-prod-security-remedia-LambdaExecutionRoleIAMKe-1KKVRWMC3N0FQ", "Path": "/", "Arn": "arn:aws:iam::043898046743:role/csf-prod-security-remedia-LambdaExecutionRoleIAMKe-1KKVRWMC3N0FQ"}, {"Description": "", "AssumeRolePolicyDocument": {"Version": "2012-10-17", "Statement": [{"Action": "sts:AssumeRole", "Effect": "Allow", "Principal": {"Service": "lambda.amazonaws.com"}}]}, "MaxSessionDuration": 3600, "RoleId": "AROAQUOEHBELTTBCCUUIV", "CreateDate": "2020-04-16T16:14:56+00:00", "RoleName": "csf-prod-security-remedia-LambdaExecutionRoleIAMKe-B6YJ4N2XC2S3", "Path": "/", "Arn": "arn:aws:iam::043898046743:role/csf-prod-security-remedia-LambdaExecutionRoleIAMKe-B6YJ4N2XC2S3"}, {"Description": "", "AssumeRolePolicyDocument": {"Version": "2012-10-17", "Statement": [{"Action": "sts:AssumeRole", "Effect": "Allow", "Principal": {"Service": "lambda.amazonaws.com"}}]}, "MaxSessionDuration": 3600, "RoleId": "AROAQUOEHBEL3JRXXDTVP", "CreateDate": "2020-04-16T16:21:42+00:00", "RoleName": "csf-prod-security-remedia-LambdaExecutionRoleIAMKe-FCX7GI8WNUTH", "Path": "/", "Arn": "arn:aws:iam::043898046743:role/csf-prod-security-remedia-LambdaExecutionRoleIAMKe-FCX7GI8WNUTH"}, {"Description": "", "AssumeRolePolicyDocument": {"Version": "2012-10-17", "Statement": [{"Action": "sts:AssumeRole", "Effect": "Allow", "Principal": {"Service": "lambda.amazonaws.com"}}]}, "MaxSessionDuration": 3600, "RoleId": "AROAQUOEHBEL56W7AZLCL", "CreateDate": "2020-04-16T16:25:01+00:00", "RoleName": "csf-prod-security-remedia-LambdaExecutionRoleIAMKe-LHN9WBMB4LKJ", "Path": "/", "Arn": "arn:aws:iam::043898046743:role/csf-prod-security-remedia-LambdaExecutionRoleIAMKe-LHN9WBMB4LKJ"}, {"Description": "", "AssumeRolePolicyDocument": {"Version": "2012-10-17", "Statement": [{"Action": "sts:AssumeRole", "Effect": "Allow", "Principal": {"Service": "lambda.amazonaws.com"}}]}, "MaxSessionDuration": 3600, "RoleId": "AROAQUOEHBEL676BKJPEC", "CreateDate": "2020-04-16T16:18:24+00:00", "RoleName": "csf-prod-security-remedia-LambdaExecutionRoleIAMUs-177AW1IG96WD9", "Path": "/", "Arn": "arn:aws:iam::043898046743:role/csf-prod-security-remedia-LambdaExecutionRoleIAMUs-177AW1IG96WD9"}, {"Description": "", "AssumeRolePolicyDocument": {"Version": "2012-10-17", "Statement": [{"Action": "sts:AssumeRole", "Effect": "Allow", "Principal": {"Service": "lambda.amazonaws.com"}}]}, "MaxSessionDuration": 3600, "RoleId": "AROAQUOEHBELWPORSU24D", "CreateDate": "2020-04-16T16:28:15+00:00", "RoleName": "csf-prod-security-remedia-LambdaExecutionRoleIAMUs-1FSP8AZ1C4YGK", "Path": "/", "Arn": "arn:aws:iam::043898046743:role/csf-prod-security-remedia-LambdaExecutionRoleIAMUs-1FSP8AZ1C4YGK"}, {"Description": "", "AssumeRolePolicyDocument": {"Version": "2012-10-17", "Statement": [{"Action": "sts:AssumeRole", "Effect": "Allow", "Principal": {"Service": "lambda.amazonaws.com"}}]}, "MaxSessionDuration": 3600, "RoleId": "AROAQUOEHBEL5VA4TYPGE", "CreateDate": "2020-04-16T16:31:25+00:00", "RoleName": "csf-prod-security-remedia-LambdaExecutionRoleIAMUs-1I81VHDM681EC", "Path": "/", "Arn": "arn:aws:iam::043898046743:role/csf-prod-security-remedia-LambdaExecutionRoleIAMUs-1I81VHDM681EC"}, {"Description": "", "AssumeRolePolicyDocument": {"Version": "2012-10-17", "Statement": [{"Action": "sts:AssumeRole", "Effect": "Allow", "Principal": {"Service": "lambda.amazonaws.com"}}]}, "MaxSessionDuration": 3600, "RoleId": "AROAQUOEHBEL7VK2TGQMI", "CreateDate": "2020-04-16T16:21:42+00:00", "RoleName": "csf-prod-security-remedia-LambdaExecutionRoleIAMUs-1L75A7XWNTO9G", "Path": "/", "Arn": "arn:aws:iam::043898046743:role/csf-prod-security-remedia-LambdaExecutionRoleIAMUs-1L75A7XWNTO9G"}, {"Description": "", "AssumeRolePolicyDocument": {"Version": "2012-10-17", "Statement": [{"Action": "sts:AssumeRole", "Effect": "Allow", "Principal": {"Service": "lambda.amazonaws.com"}}]}, "MaxSessionDuration": 3600, "RoleId": "AROAQUOEHBELU3B2TLUVD", "CreateDate": "2020-04-16T16:14:55+00:00", "RoleName": "csf-prod-security-remedia-LambdaExecutionRoleIAMUs-1NW0XRZCEISFU", "Path": "/", "Arn": "arn:aws:iam::043898046743:role/csf-prod-security-remedia-LambdaExecutionRoleIAMUs-1NW0XRZCEISFU"}, {"Description": "", "AssumeRolePolicyDocument": {"Version": "2012-10-17", "Statement": [{"Action": "sts:AssumeRole", "Effect": "Allow", "Principal": {"Service": "lambda.amazonaws.com"}}]}, "MaxSessionDuration": 3600, "RoleId": "AROAQUOEHBELZJ56LU2TR", "CreateDate": "2020-04-16T16:25:01+00:00", "RoleName": "csf-prod-security-remedia-LambdaExecutionRoleIAMUs-NGKHSMV39GNP", "Path": "/", "Arn": "arn:aws:iam::043898046743:role/csf-prod-security-remedia-LambdaExecutionRoleIAMUs-NGKHSMV39GNP"}, {"Description": "", "AssumeRolePolicyDocument": {"Version": "2012-10-17", "Statement": [{"Action": "sts:AssumeRole", "Effect": "Allow", "Principal": {"Service": "lambda.amazonaws.com"}}]}, "MaxSessionDuration": 3600, "RoleId": "AROAQUOEHBELRT7KWQAEA", "CreateDate": "2020-04-16T16:18:25+00:00", "RoleName": "csf-prod-security-remedia-LambdaExecutionRoleIngre-123O601PSJ85P", "Path": "/", "Arn": "arn:aws:iam::043898046743:role/csf-prod-security-remedia-LambdaExecutionRoleIngre-123O601PSJ85P"}, {"Description": "", "AssumeRolePolicyDocument": {"Version": "2012-10-17", "Statement": [{"Action": "sts:AssumeRole", "Effect": "Allow", "Principal": {"Service": "lambda.amazonaws.com"}}]}, "MaxSessionDuration": 3600, "RoleId": "AROAQUOEHBEL2QEMGPYZH", "CreateDate": "2020-04-16T16:28:14+00:00", "RoleName": "csf-prod-security-remedia-LambdaExecutionRoleIngre-18E3MEAXZP7X2", "Path": "/", "Arn": "arn:aws:iam::043898046743:role/csf-prod-security-remedia-LambdaExecutionRoleIngre-18E3MEAXZP7X2"}, {"Description": "", "AssumeRolePolicyDocument": {"Version": "2012-10-17", "Statement": [{"Action": "sts:AssumeRole", "Effect": "Allow", "Principal": {"Service": "lambda.amazonaws.com"}}]}, "MaxSessionDuration": 3600, "RoleId": "AROAQUOEHBEL3KTGSM4KO", "CreateDate": "2020-04-16T16:18:25+00:00", "RoleName": "csf-prod-security-remedia-LambdaExecutionRoleIngre-1CBJTQZB06BR1", "Path": "/", "Arn": "arn:aws:iam::043898046743:role/csf-prod-security-remedia-LambdaExecutionRoleIngre-1CBJTQZB06BR1"}, {"Description": "", "AssumeRolePolicyDocument": {"Version": "2012-10-17", "Statement": [{"Action": "sts:AssumeRole", "Effect": "Allow", "Principal": {"Service": "lambda.amazonaws.com"}}]}, "MaxSessionDuration": 3600, "RoleId": "AROAQUOEHBELXKOLWKHPQ", "CreateDate": "2020-04-16T16:14:56+00:00", "RoleName": "csf-prod-security-remedia-LambdaExecutionRoleIngre-1DN0K7YA63EG3", "Path": "/", "Arn": "arn:aws:iam::043898046743:role/csf-prod-security-remedia-LambdaExecutionRoleIngre-1DN0K7YA63EG3"}, {"Description": "", "AssumeRolePolicyDocument": {"Version": "2012-10-17", "Statement": [{"Action": "sts:AssumeRole", "Effect": "Allow", "Principal": {"Service": "lambda.amazonaws.com"}}]}, "MaxSessionDuration": 3600, "RoleId": "AROAQUOEHBELQBPMLVTNM", "CreateDate": "2020-04-16T16:25:01+00:00", "RoleName": "csf-prod-security-remedia-LambdaExecutionRoleIngre-1EA7NVSHMJ3C3", "Path": "/", "Arn": "arn:aws:iam::043898046743:role/csf-prod-security-remedia-LambdaExecutionRoleIngre-1EA7NVSHMJ3C3"}, {"Description": "", "AssumeRolePolicyDocument": {"Version": "2012-10-17", "Statement": [{"Action": "sts:AssumeRole", "Effect": "Allow", "Principal": {"Service": "lambda.amazonaws.com"}}]}, "MaxSessionDuration": 3600, "RoleId": "AROAQUOEHBELVOAZEHBWV", "CreateDate": "2020-04-16T16:31:25+00:00", "RoleName": "csf-prod-security-remedia-LambdaExecutionRoleIngre-1KG71QKS0W8EE", "Path": "/", "Arn": "arn:aws:iam::043898046743:role/csf-prod-security-remedia-LambdaExecutionRoleIngre-1KG71QKS0W8EE"}, {"Description": "", "AssumeRolePolicyDocument": {"Version": "2012-10-17", "Statement": [{"Action": "sts:AssumeRole", "Effect": "Allow", "Principal": {"Service": "lambda.amazonaws.com"}}]}, "MaxSessionDuration": 3600, "RoleId": "AROAQUOEHBEL77UZR76VL", "CreateDate": "2020-04-16T16:25:01+00:00", "RoleName": "csf-prod-security-remedia-LambdaExecutionRoleIngre-1YRPL4BEAUPP", "Path": "/", "Arn": "arn:aws:iam::043898046743:role/csf-prod-security-remedia-LambdaExecutionRoleIngre-1YRPL4BEAUPP"}, {"Description": "", "AssumeRolePolicyDocument": {"Version": "2012-10-17", "Statement": [{"Action": "sts:AssumeRole", "Effect": "Allow", "Principal": {"Service": "lambda.amazonaws.com"}}]}, "MaxSessionDuration": 3600, "RoleId": "AROAQUOEHBELRMGMCWAX4", "CreateDate": "2020-04-16T16:21:43+00:00", "RoleName": "csf-prod-security-remedia-LambdaExecutionRoleIngre-BS86Q5CWLOYX", "Path": "/", "Arn": "arn:aws:iam::043898046743:role/csf-prod-security-remedia-LambdaExecutionRoleIngre-BS86Q5CWLOYX"}, {"Description": "", "AssumeRolePolicyDocument": {"Version": "2012-10-17", "Statement": [{"Action": "sts:AssumeRole", "Effect": "Allow", "Principal": {"Service": "lambda.amazonaws.com"}}]}, "MaxSessionDuration": 3600, "RoleId": "AROAQUOEHBEL2X2EH5MVI", "CreateDate": "2020-04-16T16:14:55+00:00", "RoleName": "csf-prod-security-remedia-LambdaExecutionRoleIngre-FBIHIIWCZF1H", "Path": "/", "Arn": "arn:aws:iam::043898046743:role/csf-prod-security-remedia-LambdaExecutionRoleIngre-FBIHIIWCZF1H"}, {"Description": "", "AssumeRolePolicyDocument": {"Version": "2012-10-17", "Statement": [{"Action": "sts:AssumeRole", "Effect": "Allow", "Principal": {"Service": "lambda.amazonaws.com"}}]}, "MaxSessionDuration": 3600, "RoleId": "AROAQUOEHBELUFKIFGLD2", "CreateDate": "2020-04-16T16:28:15+00:00", "RoleName": "csf-prod-security-remedia-LambdaExecutionRoleIngre-K9S1WN00871M", "Path": "/", "Arn": "arn:aws:iam::043898046743:role/csf-prod-security-remedia-LambdaExecutionRoleIngre-K9S1WN00871M"}, {"Description": "", "AssumeRolePolicyDocument": {"Version": "2012-10-17", "Statement": [{"Action": "sts:AssumeRole", "Effect": "Allow", "Principal": {"Service": "lambda.amazonaws.com"}}]}, "MaxSessionDuration": 3600, "RoleId": "AROAQUOEHBELSTHGNRUUF", "CreateDate": "2020-04-16T16:31:25+00:00", "RoleName": "csf-prod-security-remedia-LambdaExecutionRoleIngre-KVJYKCZU0MJ3", "Path": "/", "Arn": "arn:aws:iam::043898046743:role/csf-prod-security-remedia-LambdaExecutionRoleIngre-KVJYKCZU0MJ3"}, {"Description": "", "AssumeRolePolicyDocument": {"Version": "2012-10-17", "Statement": [{"Action": "sts:AssumeRole", "Effect": "Allow", "Principal": {"Service": "lambda.amazonaws.com"}}]}, "MaxSessionDuration": 3600, "RoleId": "AROAQUOEHBEL23RDM2467", "CreateDate": "2020-04-16T16:21:43+00:00", "RoleName": "csf-prod-security-remedia-LambdaExecutionRoleIngre-NGJ204YLHPYW", "Path": "/", "Arn": "arn:aws:iam::043898046743:role/csf-prod-security-remedia-LambdaExecutionRoleIngre-NGJ204YLHPYW"}, {"Description": "", "AssumeRolePolicyDocument": {"Version": "2012-10-17", "Statement": [{"Action": "sts:AssumeRole", "Effect": "Allow", "Principal": {"Service": "lambda.amazonaws.com"}}]}, "MaxSessionDuration": 3600, "RoleId": "AROAQUOEHBEL6HSCJASWI", "CreateDate": "2020-04-16T16:18:24+00:00", "RoleName": "csf-prod-security-remedia-LambdaExecutionRoleKMSKe-1ADM5UBB7Q4RS", "Path": "/", "Arn": "arn:aws:iam::043898046743:role/csf-prod-security-remedia-LambdaExecutionRoleKMSKe-1ADM5UBB7Q4RS"}, {"Description": "", "AssumeRolePolicyDocument": {"Version": "2012-10-17", "Statement": [{"Action": "sts:AssumeRole", "Effect": "Allow", "Principal": {"Service": "lambda.amazonaws.com"}}]}, "MaxSessionDuration": 3600, "RoleId": "AROAQUOEHBELYCQMINACU", "CreateDate": "2020-04-16T16:31:25+00:00", "RoleName": "csf-prod-security-remedia-LambdaExecutionRoleKMSKe-1O5P7YO2BMAGT", "Path": "/", "Arn": "arn:aws:iam::043898046743:role/csf-prod-security-remedia-LambdaExecutionRoleKMSKe-1O5P7YO2BMAGT"}, {"Description": "", "AssumeRolePolicyDocument": {"Version": "2012-10-17", "Statement": [{"Action": "sts:AssumeRole", "Effect": "Allow", "Principal": {"Service": "lambda.amazonaws.com"}}]}, "MaxSessionDuration": 3600, "RoleId": "AROAQUOEHBEL7OISRUTTX", "CreateDate": "2020-04-16T16:21:42+00:00", "RoleName": "csf-prod-security-remedia-LambdaExecutionRoleKMSKe-F7N4E9SVFASP", "Path": "/", "Arn": "arn:aws:iam::043898046743:role/csf-prod-security-remedia-LambdaExecutionRoleKMSKe-F7N4E9SVFASP"}], "ResponseMetadata": {"RetryAttempts": 0, "HTTPStatusCode": 200, "RequestId": "4b66a6c2-595f-4479-a85f-6ba84c5afecb", "HTTPHeaders": {"x-amzn-requestid": "4b66a6c2-595f-4479-a85f-6ba84c5afecb", "content-type": "text/xml", "content-length": "75600", "vary": "accept-encoding", "date": "Tue, 19 May 2020 15:18:45 GMT"}}}}