{"region": "us-west-1", "operation": "ListFindings", "service": "inspector", "response": {"nextToken": "AAIAAaun7cf19x-DXSlaDazjuWiGQ4usTbQ5yankpvm57YcD2UapGdpHzNJmZOasqiAC2NYW74xzuBIU6u-Nqh6bmTX7RtINppE90bqQjg==", "findingArns": [], "ResponseMetadata": {"RetryAttempts": 0, "HTTPStatusCode": 200, "RequestId": "0e2ca719-fcf5-46cd-b36b-22a5d771eaa0", "HTTPHeaders": {"x-amzn-requestid": "0e2ca719-fcf5-46cd-b36b-22a5d771eaa0", "date": "Tue, 19 May 2020 15:19:46 GMT", "content-length": "141", "content-type": "application/x-amz-json-1.1"}}}}