{"region": "eu-west-2", "operation": "ListFindings", "service": "inspector", "response": {"nextToken": "AAIAAYTulasbc-xCAnyMlkdP7vAUM75Pfgz91Ba3dI8CO3CuqJ1kGBsJBhiGZfdk-vwGt7742nW67TZGiDByaHU3JYtMphBu-rSdA-4t4A==", "findingArns": [], "ResponseMetadata": {"RetryAttempts": 0, "HTTPStatusCode": 200, "RequestId": "bee0a049-82ed-46f4-bbc7-1fc77d86cf66", "HTTPHeaders": {"x-amzn-requestid": "bee0a049-82ed-46f4-bbc7-1fc77d86cf66", "date": "Tue, 19 May 2020 15:17:57 GMT", "content-length": "141", "content-type": "application/x-amz-json-1.1"}}}}