{"region": "eu-north-1", "operation": "ListFindings", "service": "inspector", "response": {"nextToken": "AAIAAXUSqPLLoSpOD-oc4HaOgBLcstxHldVn5VELk_117oYQQtjdzn-En91LFRHWCO4oPT6hw-NCWrir08BwtzfyS-SgMElcdyhVvdNsZQ==", "findingArns": [], "ResponseMetadata": {"RetryAttempts": 0, "HTTPStatusCode": 200, "RequestId": "d4d8a423-3287-4dd5-a993-e2568acaadbc", "HTTPHeaders": {"x-amzn-requestid": "d4d8a423-3287-4dd5-a993-e2568acaadbc", "date": "Tue, 19 May 2020 15:19:29 GMT", "content-length": "141", "content-type": "application/x-amz-json-1.1"}}}}