{"region": "ap-south-1", "operation": "ListFindings", "service": "inspector", "response": {"nextToken": "AAIAASVifgC8r2R05OpbkSOw9bwBZ_kKjS7E0l4Cj6IK7cryz77p_C1YpQT7yVBgO_VR4i22a8Rx-_lMqs-VB_rybeeTTTUsHyBrTbx8Og==", "findingArns": [], "ResponseMetadata": {"RetryAttempts": 0, "HTTPStatusCode": 200, "RequestId": "e6ba0765-1e88-4cd6-9188-8d44b32122ed", "HTTPHeaders": {"x-amzn-requestid": "e6ba0765-1e88-4cd6-9188-8d44b32122ed", "date": "Tue, 19 May 2020 15:18:44 GMT", "content-length": "141", "content-type": "application/x-amz-json-1.1"}}}}