{"region": "us-west-2", "operation": "ListFindings", "service": "inspector", "response": {"nextToken": "AAIAAddiRZ2fTJZmVieT9Sq5jgFFoqwcNEgDMLaJwfOEctwKvUdVMM2oE6yz6YFTc3D44eQSgVCbDyRRgXH3cnsMv3TADaqrpGHBLVwK-A==", "findingArns": [], "ResponseMetadata": {"RetryAttempts": 0, "HTTPStatusCode": 200, "RequestId": "74aa891d-abdf-4496-8def-966a4ca36b85", "HTTPHeaders": {"x-amzn-requestid": "74aa891d-abdf-4496-8def-966a4ca36b85", "date": "Tue, 19 May 2020 15:18:26 GMT", "content-length": "141", "content-type": "application/x-amz-json-1.1"}}}}