{"region": "eu-west-1", "operation": "ListFindings", "service": "inspector", "response": {"nextToken": "AAIAAcbyjGvryhhM3B8l1SX-Fhlnm7T2Ok5vfdjmAVrI-5JX-yKCvClcIs_Eiz0rs-BhGaGlMVXdCU4lKoNmG4KJv_MJOGMflKhbP72MwA==", "findingArns": [], "ResponseMetadata": {"RetryAttempts": 0, "HTTPStatusCode": 200, "RequestId": "e23834e1-1bcd-4cb2-9e33-4424d1fb4077", "HTTPHeaders": {"x-amzn-requestid": "e23834e1-1bcd-4cb2-9e33-4424d1fb4077", "date": "Tue, 19 May 2020 15:18:48 GMT", "content-length": "141", "content-type": "application/x-amz-json-1.1"}}}}