{"region": "ap-northeast-2", "operation": "ListFindings", "service": "inspector", "response": {"nextToken": "AAIAAb8NsoRDuFQYdul9VYwCIRQ29OLvFeYRCbBkl2VPDNHqBeSYROGMUqta2CI3JsJz3hGWIEH3_NwD-b7d1l5KXXsfd0YdjVd9yM29Hg==", "findingArns": [], "ResponseMetadata": {"RetryAttempts": 0, "HTTPStatusCode": 200, "RequestId": "b76654c4-d700-4db9-aba2-9d1f50d9bd14", "HTTPHeaders": {"x-amzn-requestid": "b76654c4-d700-4db9-aba2-9d1f50d9bd14", "date": "Tue, 19 May 2020 15:18:11 GMT", "content-length": "141", "content-type": "application/x-amz-json-1.1"}}}}