{"region": "us-east-1", "operation": "ListFindings", "service": "inspector", "response": {"nextToken": "AAIAAXAwLOntRY0MnvbrDROPxPj0ap15aSeNMxPXDdavHMI-yGPBcC0N2iUsOt_Q5BkjDWCrUOGwO9VE9xS0GP_nPfgAKsZaS0YOLfF7Lw==", "findingArns": [], "ResponseMetadata": {"RetryAttempts": 0, "HTTPStatusCode": 200, "RequestId": "311d2c9a-c199-49fa-8097-3fa1099b3097", "HTTPHeaders": {"x-amzn-requestid": "311d2c9a-c199-49fa-8097-3fa1099b3097", "date": "Tue, 19 May 2020 15:19:08 GMT", "content-length": "141", "content-type": "application/x-amz-json-1.1"}}}}