{"region": "ap-northeast-1", "operation": "ListFindings", "service": "inspector", "response": {"nextToken": "AAIAAYTwJOfbbYHSbflUwrhajJA5kqTF5yR5Q8v9uTFBz4TAOpEGv0Wp7p6s7ekNj4lqs5Di-1yUrv-0igBhx0nSSowz_ltfdDb75qyu5Q==", "findingArns": [], "ResponseMetadata": {"RetryAttempts": 0, "HTTPStatusCode": 200, "RequestId": "45131033-9007-4c55-a262-3e9783cb151d", "HTTPHeaders": {"x-amzn-requestid": "45131033-9007-4c55-a262-3e9783cb151d", "date": "Tue, 19 May 2020 15:19:56 GMT", "content-length": "141", "content-type": "application/x-amz-json-1.1"}}}}