{"region": "eu-central-1", "operation": "ListFindings", "service": "inspector", "response": {"nextToken": "AAIAAZGy5qNXlUIL1O5f0a9DtLZ5DRHks-bZ5ANI4cm6OP_UfDAQ4hjAz6BqnnW_VULBdQGqZ8RciwgDlza20iAp7SCXDgF2YzXi7YEAkQ==", "findingArns": [], "ResponseMetadata": {"RetryAttempts": 0, "HTTPStatusCode": 200, "RequestId": "4ed103c7-3262-4260-b9dd-6b2f56f89823", "HTTPHeaders": {"x-amzn-requestid": "4ed103c7-3262-4260-b9dd-6b2f56f89823", "date": "Tue, 19 May 2020 15:20:15 GMT", "content-length": "141", "content-type": "application/x-amz-json-1.1"}}}}