{"region": "ap-southeast-2", "operation": "ListFindings", "service": "inspector", "response": {"nextToken": "AAIAAT5xKPV7IcNnMgpIrzb2ktEOOZuo2QRYKubPtY5h4KA4Hp7ugNXoiv2fPLGFHKV_T0nK5EA_JY8WcVEhRqqK2_pRDN2xLbtuo-RZsg==", "findingArns": [], "ResponseMetadata": {"RetryAttempts": 0, "HTTPStatusCode": 200, "RequestId": "dd526fea-edd8-4445-b44a-5734498b12bc", "HTTPHeaders": {"x-amzn-requestid": "dd526fea-edd8-4445-b44a-5734498b12bc", "date": "Tue, 19 May 2020 15:18:28 GMT", "content-length": "141", "content-type": "application/x-amz-json-1.1"}}}}