{"region": "us-east-2", "operation": "ListFindings", "service": "inspector", "response": {"nextToken": "AAIAAfcJwzWu7CLNCO4HWTbry7bswNGHtFmQVmP1GWz9l8uclKO1COz8YIwctLPibjrqjlyTuQ7YLoauCDbUPhDrivhfuAW65_z8ako_LQ==", "findingArns": [], "ResponseMetadata": {"RetryAttempts": 0, "HTTPStatusCode": 200, "RequestId": "599b5337-027b-4990-808b-32b8867c263e", "HTTPHeaders": {"x-amzn-requestid": "599b5337-027b-4990-808b-32b8867c263e", "date": "Tue, 19 May 2020 15:18:35 GMT", "content-length": "141", "content-type": "application/x-amz-json-1.1"}}}}