{"region": "us-east-1", "operation": "ListDomainConfigurations", "service": "iot", "response": {"domainConfigurations": [{"domainConfigurationName": "iot:Jobs", "serviceType": "JOBS", "domainConfigurationArn": "arn:aws:iot:us-east-1:043898046743:domainconfiguration/iot:Jobs"}, {"domainConfigurationName": "iot:Data-ATS", "serviceType": "DATA", "domainConfigurationArn": "arn:aws:iot:us-east-1:043898046743:domainconfiguration/iot:Data-ATS"}, {"domainConfigurationName": "iot:CredentialProvider", "serviceType": "CREDENTIAL_PROVIDER", "domainConfigurationArn": "arn:aws:iot:us-east-1:043898046743:domainconfiguration/iot:CredentialProvider"}], "ResponseMetadata": {"RetryAttempts": 0, "HTTPStatusCode": 200, "RequestId": "6d6c580c-329a-4a37-bdf9-00ddb647f40f", "HTTPHeaders": {"x-amzn-requestid": "6d6c580c-329a-4a37-bdf9-00ddb647f40f", "content-length": "549", "x-amz-apigw-id": "MyPR7EVNoAMF5wg=", "x-amzn-trace-id": "Root=1-5ec3f8d9-2df368766cee5d2493168504", "connection": "keep-alive", "date": "Tue, 19 May 2020 15:18:49 GMT", "access-control-allow-origin": "*", "content-type": "application/json"}}}}