{"region": "eu-central-1", "operation": "ListKafkaVersions", "service": "kafka", "response": {"KafkaVersions": [{"Status": "ACTIVE", "Version": "1.1.1"}, {"Status": "DEPRECATED", "Version": "2.1.0"}, {"Status": "ACTIVE", "Version": "2.2.1"}, {"Status": "ACTIVE", "Version": "2.3.1"}, {"Status": "ACTIVE", "Version": "2.4.1"}], "ResponseMetadata": {"RetryAttempts": 0, "HTTPStatusCode": 200, "RequestId": "2fb5a28a-96f9-4972-9745-28e08baaf171", "HTTPHeaders": {"x-amzn-requestid": "2fb5a28a-96f9-4972-9745-28e08baaf171", "x-amz-cf-pop": "IAD89-C3", "content-length": "213", "via": "1.1 c35f767218cbd1125d801b52fa785c8d.cloudfront.net (CloudFront)", "x-cache": "Miss from cloudfront", "x-amz-apigw-id": "MyPcgH0tliAFpwQ=", "x-amzn-trace-id": "Root=1-5ec3f91c-51664b284f78c5c09a197ba0;Sampled=0", "connection": "keep-alive", "x-amz-cf-id": "ND1RomICJnN2wXYx8M_DQavVNOH1S7MfmAJKCTwVmWAJmxxYCZjmcA==", "date": "Tue, 19 May 2020 15:19:56 GMT", "content-type": "application/json"}}}}