{"region": "eu-north-1", "operation": "ListKafkaVersions", "service": "kafka", "response": {"KafkaVersions": [{"Status": "ACTIVE", "Version": "1.1.1"}, {"Status": "DEPRECATED", "Version": "2.1.0"}, {"Status": "ACTIVE", "Version": "2.2.1"}, {"Status": "ACTIVE", "Version": "2.3.1"}, {"Status": "ACTIVE", "Version": "2.4.1"}], "ResponseMetadata": {"RetryAttempts": 0, "HTTPStatusCode": 200, "RequestId": "272a1d30-88a4-4732-983b-e910f3412c29", "HTTPHeaders": {"x-amzn-requestid": "272a1d30-88a4-4732-983b-e910f3412c29", "x-amz-cf-pop": "IAD89-C2", "content-length": "213", "via": "1.1 09e7a54b3c0e42cf23f1deb97f4f6b95.cloudfront.net (CloudFront)", "x-cache": "Miss from cloudfront", "x-amz-apigw-id": "MyPXGG3mAi0F3RQ=", "x-amzn-trace-id": "Root=1-5ec3f8fa-ec800b6001473e385cb46948;Sampled=0", "connection": "keep-alive", "x-amz-cf-id": "4lVR4AYUxjGTVwKf90Re7HhPleOPTU6fQzHu8AZsNzyMTrZIemJa4w==", "date": "Tue, 19 May 2020 15:19:22 GMT", "content-type": "application/json"}}}}