{"region": "eu-west-3", "operation": "ListKafkaVersions", "service": "kafka", "response": {"KafkaVersions": [{"Status": "ACTIVE", "Version": "1.1.1"}, {"Status": "DEPRECATED", "Version": "2.1.0"}, {"Status": "ACTIVE", "Version": "2.2.1"}, {"Status": "ACTIVE", "Version": "2.3.1"}, {"Status": "ACTIVE", "Version": "2.4.1"}], "ResponseMetadata": {"RetryAttempts": 0, "HTTPStatusCode": 200, "RequestId": "3723d54d-44da-491c-bd7f-c63ed546bf6f", "HTTPHeaders": {"x-amzn-requestid": "3723d54d-44da-491c-bd7f-c63ed546bf6f", "x-amz-cf-pop": "IAD89-C3", "content-length": "213", "via": "1.1 23c9ec01b6f4151f654547c0190aeebf.cloudfront.net (CloudFront)", "x-cache": "Miss from cloudfront", "x-amz-apigw-id": "MyPXLGsKCGYFgYg=", "x-amzn-trace-id": "Root=1-5ec3f8fa-71299c569344c53db5e07cbc;Sampled=0", "connection": "keep-alive", "x-amz-cf-id": "jDUeuvNMisfdnEOH6eSoBUNZDb8HUj2qq7kUk6H-fnGy8YBdgvCr_w==", "date": "Tue, 19 May 2020 15:19:22 GMT", "content-type": "application/json"}}}}