{"region": "ap-southeast-2", "operation": "ListKafkaVersions", "service": "kafka", "response": {"KafkaVersions": [{"Status": "ACTIVE", "Version": "1.1.1"}, {"Status": "DEPRECATED", "Version": "2.1.0"}, {"Status": "ACTIVE", "Version": "2.2.1"}, {"Status": "ACTIVE", "Version": "2.3.1"}, {"Status": "ACTIVE", "Version": "2.4.1"}], "ResponseMetadata": {"RetryAttempts": 0, "HTTPStatusCode": 200, "RequestId": "504346f5-a259-486c-b8a8-83f736aa0117", "HTTPHeaders": {"x-amzn-requestid": "504346f5-a259-486c-b8a8-83f736aa0117", "x-amz-cf-pop": "IAD89-C3", "content-length": "213", "via": "1.1 7eefe38d76087dfad8e2f0b7702246ef.cloudfront.net (CloudFront)", "x-cache": "Miss from cloudfront", "x-amz-apigw-id": "MyPRWFcNywMFc_A=", "x-amzn-trace-id": "Root=1-5ec3f8d5-ded9099030172998603fce30;Sampled=0", "connection": "keep-alive", "x-amz-cf-id": "RgNwd9ZsyeppUQU3a2QcFc2MoR1xOXRqFdiGiArGW9yu1Fr3nul0Hg==", "date": "Tue, 19 May 2020 15:18:45 GMT", "content-type": "application/json"}}}}