{"region": "eu-west-1", "operation": "ListKafkaVersions", "service": "kafka", "response": {"KafkaVersions": [{"Status": "ACTIVE", "Version": "1.1.1"}, {"Status": "DEPRECATED", "Version": "2.1.0"}, {"Status": "ACTIVE", "Version": "2.2.1"}, {"Status": "ACTIVE", "Version": "2.3.1"}, {"Status": "ACTIVE", "Version": "2.4.1"}], "ResponseMetadata": {"RetryAttempts": 0, "HTTPStatusCode": 200, "RequestId": "89700ebc-89b9-4d05-991b-89d3bf0b8e05", "HTTPHeaders": {"x-amzn-requestid": "89700ebc-89b9-4d05-991b-89d3bf0b8e05", "x-amz-cf-pop": "IAD89-C1", "content-length": "213", "via": "1.1 7f7e359e1c06a914d3d305785359b84d.cloudfront.net (CloudFront)", "x-cache": "Miss from cloudfront", "x-amz-apigw-id": "MyPeOEjvjoEF7qA=", "x-amzn-trace-id": "Root=1-5ec3f927-aa1f68435438ae421c85fca7;Sampled=0", "connection": "keep-alive", "x-amz-cf-id": "Ln2eiDkcTJeh1GpSf56TdhK5Q8dU3GGFP82RCgdDwqiksVDnF7S99w==", "date": "Tue, 19 May 2020 15:20:07 GMT", "content-type": "application/json"}}}}