{"region": "us-east-2", "operation": "ListKafkaVersions", "service": "kafka", "response": {"KafkaVersions": [{"Status": "ACTIVE", "Version": "1.1.1"}, {"Status": "DEPRECATED", "Version": "2.1.0"}, {"Status": "ACTIVE", "Version": "2.2.1"}, {"Status": "ACTIVE", "Version": "2.3.1"}, {"Status": "ACTIVE", "Version": "2.4.1"}], "ResponseMetadata": {"RetryAttempts": 0, "HTTPStatusCode": 200, "RequestId": "f9c43fff-81fe-418b-8cb4-9e65c0a0d4e2", "HTTPHeaders": {"x-amzn-requestid": "f9c43fff-81fe-418b-8cb4-9e65c0a0d4e2", "x-amz-cf-pop": "IAD89-C1", "content-length": "213", "via": "1.1 841dfa6074cf4b3b0718988f088a4ac2.cloudfront.net (CloudFront)", "x-cache": "Miss from cloudfront", "x-amz-apigw-id": "MyPYNEEOiYcFqqA=", "x-amzn-trace-id": "Root=1-5ec3f901-b5c0fbe6917df10ce8458230;Sampled=0", "connection": "keep-alive", "x-amz-cf-id": "HOe2kvgR2s_6Crld857EqlF4KJo2wI_y9_UaFeIDY4-Csj4lPIjFjA==", "date": "Tue, 19 May 2020 15:19:29 GMT", "content-type": "application/json"}}}}