{"region": "ap-southeast-1", "operation": "ListKafkaVersions", "service": "kafka", "response": {"KafkaVersions": [{"Status": "ACTIVE", "Version": "1.1.1"}, {"Status": "DEPRECATED", "Version": "2.1.0"}, {"Status": "ACTIVE", "Version": "2.2.1"}, {"Status": "ACTIVE", "Version": "2.3.1"}, {"Status": "ACTIVE", "Version": "2.4.1"}], "ResponseMetadata": {"RetryAttempts": 0, "HTTPStatusCode": 200, "RequestId": "894c9bdb-68ad-4ba7-b742-2423cd8d8bb4", "HTTPHeaders": {"x-amzn-requestid": "894c9bdb-68ad-4ba7-b742-2423cd8d8bb4", "x-amz-cf-pop": "IAD89-C1", "content-length": "213", "via": "1.1 814e6200dbb5865e94b7b0c1ba6129fe.cloudfront.net (CloudFront)", "x-cache": "Miss from cloudfront", "x-amz-apigw-id": "MyPSfH_eSQ0Fq6Q=", "x-amzn-trace-id": "Root=1-5ec3f8dc-5a7201bb6c4d7cc14a172e7b", "connection": "keep-alive", "x-amz-cf-id": "HAeBXg-kTPlWdl2J8tX6kGZGqHgJ26j1JMyKOukRdXCgKNDQrO-uog==", "date": "Tue, 19 May 2020 15:18:52 GMT", "content-type": "application/json"}}}}