{"region": "eu-west-2", "operation": "ListKafkaVersions", "service": "kafka", "response": {"KafkaVersions": [{"Status": "ACTIVE", "Version": "1.1.1"}, {"Status": "DEPRECATED", "Version": "2.1.0"}, {"Status": "ACTIVE", "Version": "2.2.1"}, {"Status": "ACTIVE", "Version": "2.3.1"}, {"Status": "ACTIVE", "Version": "2.4.1"}], "ResponseMetadata": {"RetryAttempts": 0, "HTTPStatusCode": 200, "RequestId": "4c199c11-3458-4c34-8acf-46777136ff83", "HTTPHeaders": {"x-amzn-requestid": "4c199c11-3458-4c34-8acf-46777136ff83", "x-amz-cf-pop": "IAD89-C3", "content-length": "213", "via": "1.1 a075746ea1824aa1c02a5e26a9e968e5.cloudfront.net (CloudFront)", "x-cache": "Miss from cloudfront", "x-amz-apigw-id": "MyPe7FBNrPEFU0w=", "x-amzn-trace-id": "Root=1-5ec3f92c-44bb56a68051d68f60264390;Sampled=0", "connection": "keep-alive", "x-amz-cf-id": "9ubtv3K1GE-W-PzFmmkxrGU8L_YYiu7iMII37OWvprpRApLCOD4tvQ==", "date": "Tue, 19 May 2020 15:20:12 GMT", "content-type": "application/json"}}}}