{"region": "ap-south-1", "operation": "ListKafkaVersions", "service": "kafka", "response": {"KafkaVersions": [{"Status": "ACTIVE", "Version": "1.1.1"}, {"Status": "DEPRECATED", "Version": "2.1.0"}, {"Status": "ACTIVE", "Version": "2.2.1"}, {"Status": "ACTIVE", "Version": "2.3.1"}, {"Status": "ACTIVE", "Version": "2.4.1"}], "ResponseMetadata": {"RetryAttempts": 0, "HTTPStatusCode": 200, "RequestId": "efb3bc25-a9e4-46e2-9266-5e6c863b3ae5", "HTTPHeaders": {"x-amzn-requestid": "efb3bc25-a9e4-46e2-9266-5e6c863b3ae5", "x-amz-cf-pop": "IAD89-C1", "content-length": "213", "via": "1.1 f2c051917a765f1d1a1cd2ce1622adb9.cloudfront.net (CloudFront)", "x-cache": "Miss from cloudfront", "x-amz-apigw-id": "MyPXCEf_BcwFjwA=", "x-amzn-trace-id": "Root=1-5ec3f8f9-2a3506567ae1f6bdaa797f4f;Sampled=0", "connection": "keep-alive", "x-amz-cf-id": "F13cy5E2efJBiQlshgU6XOo5Kiu41EWG2G3KpeOCVsv0CMzoDBemHw==", "date": "Tue, 19 May 2020 15:19:21 GMT", "content-type": "application/json"}}}}