{"region": "ap-northeast-1", "operation": "ListKafkaVersions", "service": "kafka", "response": {"KafkaVersions": [{"Status": "ACTIVE", "Version": "1.1.1"}, {"Status": "DEPRECATED", "Version": "2.1.0"}, {"Status": "ACTIVE", "Version": "2.2.1"}, {"Status": "ACTIVE", "Version": "2.3.1"}, {"Status": "ACTIVE", "Version": "2.4.1"}], "ResponseMetadata": {"RetryAttempts": 0, "HTTPStatusCode": 200, "RequestId": "627e824b-fdfe-45bb-8255-2cf9ac117052", "HTTPHeaders": {"x-amzn-requestid": "627e824b-fdfe-45bb-8255-2cf9ac117052", "x-amz-cf-pop": "IAD89-C1", "content-length": "213", "via": "1.1 530b01c2c88db2b27d295e2504b501cb.cloudfront.net (CloudFront)", "x-cache": "Miss from cloudfront", "x-amz-apigw-id": "MyPQrGsNNjMFfOw=", "x-amzn-trace-id": "Root=1-5ec3f8d1-caf55a8e433d9b55c7936dcc;Sampled=0", "connection": "keep-alive", "x-amz-cf-id": "tXx6yr0KwigYxfnG1bu3Vjjgn7cJutuMR6W8d1gnlu166G4IoNN9BQ==", "date": "Tue, 19 May 2020 15:18:41 GMT", "content-type": "application/json"}}}}