{"region": "us-east-1", "operation": "ListKafkaVersions", "service": "kafka", "response": {"KafkaVersions": [{"Status": "ACTIVE", "Version": "1.1.1"}, {"Status": "DEPRECATED", "Version": "2.1.0"}, {"Status": "ACTIVE", "Version": "2.2.1"}, {"Status": "ACTIVE", "Version": "2.3.1"}, {"Status": "ACTIVE", "Version": "2.4.1"}], "ResponseMetadata": {"RetryAttempts": 0, "HTTPStatusCode": 200, "RequestId": "dea40b3b-9a6e-4e47-bca1-9fac3862a0cb", "HTTPHeaders": {"x-amzn-requestid": "dea40b3b-9a6e-4e47-bca1-9fac3862a0cb", "x-amz-cf-pop": "IAD89-C2", "content-length": "213", "via": "1.1 40adc3dc2f5b304254d63ab3859fedd2.cloudfront.net (CloudFront)", "x-cache": "Miss from cloudfront", "x-amz-apigw-id": "MyPUVEwhoAMF7Uw=", "x-amzn-trace-id": "Root=1-5ec3f8e8-eb36e66055f5add0dfa6a130", "connection": "keep-alive", "x-amz-cf-id": "-zIaWLblBxGzdST8DfEt64EjGSFZooU_0Uca1Hqx9ia_jTF-J1xj4w==", "date": "Tue, 19 May 2020 15:19:04 GMT", "content-type": "application/json"}}}}