{"region": "ap-northeast-2", "operation": "ListKafkaVersions", "service": "kafka", "response": {"KafkaVersions": [{"Status": "ACTIVE", "Version": "1.1.1"}, {"Status": "DEPRECATED", "Version": "2.1.0"}, {"Status": "ACTIVE", "Version": "2.2.1"}, {"Status": "ACTIVE", "Version": "2.3.1"}, {"Status": "ACTIVE", "Version": "2.4.1"}], "ResponseMetadata": {"RetryAttempts": 0, "HTTPStatusCode": 200, "RequestId": "640a4714-3904-4631-a11c-3318c9775181", "HTTPHeaders": {"x-amzn-requestid": "640a4714-3904-4631-a11c-3318c9775181", "x-amz-cf-pop": "IAD89-C3", "content-length": "213", "via": "1.1 de2ed3c94563fee614f35f9bc3f52d1c.cloudfront.net (CloudFront)", "x-cache": "Miss from cloudfront", "x-amz-apigw-id": "MyPUAFnFoE0Fdxg=", "x-amzn-trace-id": "Root=1-5ec3f8e6-99b636e555fb9cd72259418d;Sampled=0", "connection": "keep-alive", "x-amz-cf-id": "yV2NawT02oX5VHFka2NlypZFs7i-0EgoLrLcJphiDoyS4xJkzqtbgQ==", "date": "Tue, 19 May 2020 15:19:02 GMT", "content-type": "application/json"}}}}