{"region": "us-west-2", "operation": "ListKafkaVersions", "service": "kafka", "response": {"KafkaVersions": [{"Status": "ACTIVE", "Version": "1.1.1"}, {"Status": "DEPRECATED", "Version": "2.1.0"}, {"Status": "ACTIVE", "Version": "2.2.1"}, {"Status": "ACTIVE", "Version": "2.3.1"}, {"Status": "ACTIVE", "Version": "2.4.1"}], "ResponseMetadata": {"RetryAttempts": 0, "HTTPStatusCode": 200, "RequestId": "f30e5eb2-e126-4079-bedc-8cfbfc346cb1", "HTTPHeaders": {"x-amzn-requestid": "f30e5eb2-e126-4079-bedc-8cfbfc346cb1", "x-amz-cf-pop": "IAD89-C2", "content-length": "213", "via": "1.1 6c2e384f59feb64a0c739aee7f890066.cloudfront.net (CloudFront)", "x-cache": "Miss from cloudfront", "x-amz-apigw-id": "MyPQKEy0PHcFpXQ=", "x-amzn-trace-id": "Root=1-5ec3f8cd-95aa3279f56ce2a15217d0cf;Sampled=0", "connection": "keep-alive", "x-amz-cf-id": "WlOV2xHeRiMwnBAIm1PVgR31u-LOPrt2ea158O_Y8bx67MqA6bH1_A==", "date": "Tue, 19 May 2020 15:18:37 GMT", "content-type": "application/json"}}}}