{"region": "ap-southeast-2", "operation": "ListFunctions", "service": "lambda", "response": {"Functions": [{"TracingConfig": {"Mode": "PassThrough"}, "Version": "$LATEST", "CodeSha256": "mIy90GR7aKJ4XM91kj/0Bg+lvJgRbMqzyNAo9p7ikuU=", "FunctionName": "CreateEncryptedAMICopy", "MemorySize": 128, "RevisionId": "c9776916-82a2-4019-8d6a-9d9af86d45c6", "CodeSize": 932, "FunctionArn": "arn:aws:lambda:ap-southeast-2:043898046743:function:CreateEncryptedAMICopy", "Environment": {"Variables": {"ASSUME_ROLE": "ChildAccountCreateEncryptedAmiCopyRole"}}, "Handler": "index.lambda_handler", "Role": "arn:aws:iam::043898046743:role/LambdaCreateEncryptedAmiCopyRole", "Timeout": 120, "LastModified": "2020-04-06T17:10:10.076+0000", "Runtime": "python3.7", "Description": "Creates an encrypted copy of a given AMI id using AWS EBS key"}, {"TracingConfig": {"Mode": "PassThrough"}, "Version": "$LATEST", "CodeSha256": "d2mBkpxWmH5M+u/UoNbfbmJE4K1vWXWhB9TKnSJEj0s=", "FunctionName": "REM-Unencrypted-Cloudtrail", "MemorySize": 128, "RevisionId": "66250247-0113-4443-8ce2-7ceac0ac342d", "CodeSize": 1223, "FunctionArn": "arn:aws:lambda:ap-southeast-2:043898046743:function:REM-Unencrypted-Cloudtrail", "Environment": {"Variables": {"KMS_KEY_ID": "arn:aws:kms:us-east-1:478999156681:key/2410f307-a77d-4573-8b4e-b12be88a3420", "EnableControl": "True", "SNS_TOPIC": "arn:aws:sns:ap-southeast-2:043898046743:AWS-Landing-Zone-Security-Notification"}}, "Handler": "lambda_function.lambda_handler", "Role": "arn:aws:iam::043898046743:role/csf-prod-security-remedia-LambdaExecutionRoleUnenc-FBNLOOFWBKYM", "Timeout": 30, "LastModified": "2020-04-16T16:18:52.067+0000", "Runtime": "python3.7", "Description": "Responsive control to fix Unencrypted Cloudtrail logfiles"}, {"TracingConfig": {"Mode": "PassThrough"}, "Version": "$LATEST", "CodeSha256": "kVhp5CYmwNnys3XFipTdv+B+pk/aepZZ1396XMECQUI=", "FunctionName": "REM-Cloudtrail-without-log-group", "MemorySize": 128, "RevisionId": "c9014686-83eb-45d8-b3b5-7eee8bd8185e", "CodeSize": 1275, "FunctionArn": "arn:aws:lambda:ap-southeast-2:043898046743:function:REM-Cloudtrail-without-log-group", "Environment": {"Variables": {"DefaultCloudwatchRoleArn": "arn:aws:iam::043898046743:role/StackSet-AWS-Landing-Zone-Baseli-TrailLogGroupRole-13OT9AXAK12VW", "DefaultCloudwatchLogGroupArn": "arn:aws:logs:us-east-1:043898046743:log-group:CloudTrail/Landing-Zone-Logs", "EnableControl": "True", "SNS_TOPIC": "arn:aws:sns:ap-southeast-2:043898046743:AWS-Landing-Zone-Security-Notification"}}, "Handler": "lambda_function.lambda_handler", "Role": "arn:aws:iam::043898046743:role/csf-prod-security-remedia-LambdaExecutionRoleCloud-DE6YXUX10DIP", "Timeout": 30, "LastModified": "2020-04-16T16:18:56.021+0000", "Runtime": "python3.7", "Description": "Responsive control to fix Cloudtrails not bound to a log group"}, {"TracingConfig": {"Mode": "PassThrough"}, "Version": "$LATEST", "CodeSha256": "1XJbgocMfVA6Rbd0kPVuqojjZhG3K3DnucTkbtLApLE=", "FunctionName": "REM-S3-Server-Side-Encryption", "MemorySize": 128, "RevisionId": "34882819-95f6-4311-908c-b6a20d2ce4f3", "CodeSize": 1218, "FunctionArn": "arn:aws:lambda:ap-southeast-2:043898046743:function:REM-S3-Server-Side-Encryption", "Environment": {"Variables": {"EnableControl": "True", "SNS_TOPIC": "arn:aws:sns:ap-southeast-2:043898046743:AWS-Landing-Zone-Security-Notification"}}, "Handler": "lambda_function.lambda_handler", "Role": "arn:aws:iam::043898046743:role/csf-prod-security-remedia-LambdaExecutionRoleS3SSE-T5TPAOGIMN1N", "Timeout": 30, "LastModified": "2020-04-16T16:18:58.333+0000", "Runtime": "python3.7", "Description": "Responsive control to ensure S3 Server Side Encryption is enabled"}, {"TracingConfig": {"Mode": "PassThrough"}, "Version": "$LATEST", "CodeSha256": "DJF/tkerphr7cYoTUviK9QMw9F96U/mm97YNH+7ahvM=", "FunctionName": "REM-Cloudtrail-without-organization", "MemorySize": 128, "RevisionId": "fe9de314-3202-4345-ad15-a5a3e8d1efd9", "CodeSize": 1267, "FunctionArn": "arn:aws:lambda:ap-southeast-2:043898046743:function:REM-Cloudtrail-without-organization", "Environment": {"Variables": {"EnableControl": "True", "DefaultCloudtrailName": "AWS-Landing-Zone-BaselineCloudTrail", "SNS_TOPIC": "arn:aws:sns:ap-southeast-2:043898046743:AWS-Landing-Zone-Security-Notification"}}, "Handler": "lambda_function.lambda_handler", "Role": "arn:aws:iam::043898046743:role/csf-prod-security-remedia-LambdaExecutionRoleCloud-VT86DVNLKCGV", "Timeout": 30, "LastModified": "2020-04-16T16:18:54.091+0000", "Runtime": "python3.7", "Description": "Responsive control to fix Cloudtrails not bound to the organization"}, {"TracingConfig": {"Mode": "PassThrough"}, "Version": "$LATEST", "CodeSha256": "GDm8AWhFUopnf92riFSj+5OU0h6HOsM/vg5oQ+gZkVs=", "FunctionName": "REM-S3-Bucket-Access-Logs-Enabled", "MemorySize": 128, "RevisionId": "5f33fbf1-d447-4225-abce-4f1abf0bf50c", "CodeSize": 1241, "FunctionArn": "arn:aws:lambda:ap-southeast-2:043898046743:function:REM-S3-Bucket-Access-Logs-Enabled", "Environment": {"Variables": {"ACCESS_LOG_S3_BUCKET": "TBD", "EnableControl": "True", "SNS_TOPIC": "arn:aws:sns:ap-southeast-2:043898046743:AWS-Landing-Zone-Security-Notification"}}, "Handler": "lambda_function.lambda_handler", "Role": "arn:aws:iam::043898046743:role/csf-prod-security-remedia-LambdaExecutionRoleS3Acc-13P8H68T9981Q", "Timeout": 30, "LastModified": "2020-04-16T16:18:53.678+0000", "Runtime": "python3.7", "Description": "Responsive control to ensure S3 Bucket Access Logs are enabled"}, {"TracingConfig": {"Mode": "PassThrough"}, "Version": "$LATEST", "CodeSha256": "sCU2lDQIg+dYhImQgCovSRqyloycWCJM8pxnVICLksY=", "FunctionName": "REM-S3-SSL-Only-Requests", "MemorySize": 128, "RevisionId": "d6b47757-71a9-457c-b648-1ccb7e48d99b", "CodeSize": 1482, "FunctionArn": "arn:aws:lambda:ap-southeast-2:043898046743:function:REM-S3-SSL-Only-Requests", "Environment": {"Variables": {"EnableControl": "True", "SNS_TOPIC": "arn:aws:sns:ap-southeast-2:043898046743:AWS-Landing-Zone-Security-Notification"}}, "Handler": "lambda_function.lambda_handler", "Role": "arn:aws:iam::043898046743:role/csf-prod-security-remedia-LambdaExecutionRoleS3SSL-B7GNS7JIYWR7", "Timeout": 30, "LastModified": "2020-04-16T16:18:58.218+0000", "Runtime": "python3.7", "Description": "Responsive control to ensure S3 only accepts SSL connections"}, {"TracingConfig": {"Mode": "PassThrough"}, "Version": "$LATEST", "CodeSha256": "AJ3rqSKUncOQjRNaatGy7MJ+FLMs8HNngVv2DecyaHY=", "FunctionName": "LandingZoneLocalSNSNotificationForwarder", "MemorySize": 128, "RevisionId": "a34d042f-7c77-4e6d-8898-9fedac574ea7", "CodeSize": 473, "FunctionArn": "arn:aws:lambda:ap-southeast-2:043898046743:function:LandingZoneLocalSNSNotificationForwarder", "Environment": {"Variables": {"sns_arn": "arn:aws:sns:ap-southeast-2:478999156681:AWS-Landing-Zone-Aggregate-Security-Notifications"}}, "Handler": "index.lambda_handler", "Role": "arn:aws:iam::043898046743:role/StackSet-AWS-Landing-Zone-ForwardSnsNotificationLa-1D4HQGDM33X1Z", "Timeout": 60, "LastModified": "2020-01-25T19:08:44.354+0000", "Runtime": "python3.6", "Description": "AWS Landing Zone SNS message forwarding function for aggregating account notifications."}, {"TracingConfig": {"Mode": "PassThrough"}, "Version": "$LATEST", "CodeSha256": "xvrTdN3a7JL3yldmE69ylUp8u+U6CWA9Z5bkytOx3qs=", "FunctionName": "REM-VPC-Default-Security-Group", "MemorySize": 128, "RevisionId": "6574ea48-0792-435e-81af-63408be5fd9b", "CodeSize": 1291, "FunctionArn": "arn:aws:lambda:ap-southeast-2:043898046743:function:REM-VPC-Default-Security-Group", "Environment": {"Variables": {"EnableControl": "True", "SNS_TOPIC": "arn:aws:sns:ap-southeast-2:043898046743:AWS-Landing-Zone-Security-Notification"}}, "Handler": "lambda_function.lambda_handler", "Role": "arn:aws:iam::043898046743:role/csf-prod-security-remedia-LambdaExecutionRoleVPCDe-ZXZETVPU0ZQ8", "Timeout": 30, "LastModified": "2020-04-16T16:18:56.709+0000", "Runtime": "python3.7", "Description": "Responsive control to ensure VPC Default SG has no open ports"}, {"TracingConfig": {"Mode": "PassThrough"}, "Version": "$LATEST", "CodeSha256": "tUAyUw0jDBvzqgljUMc9mYrN+4im9uw71JfbH189t/A=", "FunctionName": "REM-Unused-IAM-Credentials", "MemorySize": 128, "RevisionId": "1bbddfe4-4745-4744-b4d1-8992ba1fe572", "CodeSize": 1492, "FunctionArn": "arn:aws:lambda:ap-southeast-2:043898046743:function:REM-Unused-IAM-Credentials", "Environment": {"Variables": {"EnableControl": "True", "SNS_TOPIC": "arn:aws:sns:ap-southeast-2:043898046743:AWS-Landing-Zone-Security-Notification"}}, "Handler": "lambda_function.lambda_handler", "Role": "arn:aws:iam::043898046743:role/csf-prod-security-remedia-LambdaExecutionRoleUnuse-1F8H0PQY0SE34", "Timeout": 30, "LastModified": "2020-04-16T16:18:56.449+0000", "Runtime": "python3.7", "Description": "Responsive control to ensure unused IAM Credentials are disabled"}, {"TracingConfig": {"Mode": "PassThrough"}, "Version": "$LATEST", "CodeSha256": "4tTMok41LBH7RtP9zn1HdRwnS1Q0aRX+Q6NdgcM2FAg=", "FunctionName": "REM-S3-Bucket-Public-Read-Write", "MemorySize": 128, "RevisionId": "b03e0242-1095-4c0b-a339-bd049839198f", "CodeSize": 1369, "FunctionArn": "arn:aws:lambda:ap-southeast-2:043898046743:function:REM-S3-Bucket-Public-Read-Write", "Environment": {"Variables": {"EnableControl": "True", "SNS_TOPIC": "arn:aws:sns:ap-southeast-2:043898046743:AWS-Landing-Zone-Security-Notification"}}, "Handler": "lambda_function.lambda_handler", "Role": "arn:aws:iam::043898046743:role/csf-prod-security-remedia-LambdaExecutionRoleS3Pub-BYHYMOE0SAMZ", "Timeout": 30, "LastModified": "2020-04-16T16:18:55.731+0000", "Runtime": "python3.7", "Description": "Responsive control to ensure S3 Bucket Public Read and Write is not enabled"}, {"TracingConfig": {"Mode": "PassThrough"}, "Version": "$LATEST", "CodeSha256": "nOIl0rKWGHdECcDAZgJZwH8enpRtqyR7ErQ9DFr/APk=", "FunctionName": "REM-Unvalidated-Cloudtrail-Logfiles", "MemorySize": 128, "RevisionId": "b6300f4b-0f3c-4cee-98cb-a0d832f58c5c", "CodeSize": 1371, "FunctionArn": "arn:aws:lambda:ap-southeast-2:043898046743:function:REM-Unvalidated-Cloudtrail-Logfiles", "Environment": {"Variables": {"EnableControl": "True", "SNS_TOPIC": "arn:aws:sns:ap-southeast-2:043898046743:AWS-Landing-Zone-Security-Notification"}}, "Handler": "lambda_function.lambda_handler", "Role": "arn:aws:iam::043898046743:role/csf-prod-security-remedia-LambdaExecutionRoleUnval-16WI89UL4F0X0", "Timeout": 30, "LastModified": "2020-04-16T16:18:55.169+0000", "Runtime": "python3.7", "Description": "Responsive control to fix unvalidated Cloudtrail logfiles"}, {"TracingConfig": {"Mode": "PassThrough"}, "Version": "$LATEST", "CodeSha256": "AwjZQWg+ccWBSl8GoLhCK4deMU/vr2jC7mlsnIMvtGg=", "FunctionName": "REM-VPC-Flow-Log-Enable", "MemorySize": 128, "RevisionId": "b3a2c8be-5cb3-4a96-8ec5-912dad8b035a", "CodeSize": 1236, "FunctionArn": "arn:aws:lambda:ap-southeast-2:043898046743:function:REM-VPC-Flow-Log-Enable", "Environment": {"Variables": {"EnableControl": "True", "SNS_TOPIC": "arn:aws:sns:ap-southeast-2:043898046743:AWS-Landing-Zone-Security-Notification"}}, "Handler": "lambda_function.lambda_handler", "Role": "arn:aws:iam::043898046743:role/csf-prod-security-remedia-LambdaExecutionRoleVPCFl-1PSFHL6M83X8C", "Timeout": 30, "LastModified": "2020-04-16T16:18:54.865+0000", "Runtime": "python3.7", "Description": "Responsive control to ensure VPC Flow Log is enabled"}, {"TracingConfig": {"Mode": "PassThrough"}, "Version": "$LATEST", "CodeSha256": "3ORWHLIMC7M5euqkze7zUA/d17SkmH7oRyJdsGQj6No=", "FunctionName": "REM-Disabled-Cloudtrail", "MemorySize": 128, "RevisionId": "70b26ea6-42bb-4d1c-8ec3-8b607caf8cb3", "CodeSize": 1552, "FunctionArn": "arn:aws:lambda:ap-southeast-2:043898046743:function:REM-Disabled-Cloudtrail", "Environment": {"Variables": {"DefaultCloudtrailName": "AWS-Landing-Zone-BaselineCloudTrail", "SNS_TOPIC": "arn:aws:sns:ap-southeast-2:043898046743:AWS-Landing-Zone-Security-Notification", "DefaultCloudwatchRoleArn": "arn:aws:iam::043898046743:role/StackSet-AWS-Landing-Zone-Baseli-TrailLogGroupRole-13OT9AXAK12VW", "DefaultCloudwatchLogGroupArn": "arn:aws:logs:us-east-1:043898046743:log-group:CloudTrail/Landing-Zone-Logs", "EnableCloudtrailLogfileValidation": "True", "EnableControl": "True", "EnforceDefaultMultiRegionTrail": "True", "EnforceGlobalServiceEventLogging": "True", "DefaultCloudtrailKMSKeyId": "arn:aws:kms:us-east-1:478999156681:key/2410f307-a77d-4573-8b4e-b12be88a3420", "DefaultCloudtrailS3BucketName": "aws-landing-zone-logs-031247562193-us-east-1", "EnforceDefaultTrailBindingToOrg": "True", "DefaultCloudtrailS3KeyPrefix": "o-8baopjpjb4"}}, "Handler": "lambda_function.lambda_handler", "Role": "arn:aws:iam::043898046743:role/csf-prod-security-remedia-LambdaExecutionRoleDisab-1CUICI7IRI32B", "Timeout": 30, "LastModified": "2020-04-16T16:18:58.934+0000", "Runtime": "python3.7", "Description": "Responsive control to ensure at least one cloudtrail exists on the account"}, {"TracingConfig": {"Mode": "PassThrough"}, "Version": "$LATEST", "CodeSha256": "poOpPhDm9+YwAmj9WyXeH0XiHYf0gmmSZLb6Ct8b7Pc=", "FunctionName": "Config-WAF-central-logging", "MemorySize": 128, "RevisionId": "5bcc6e41-3b05-4131-a399-843932b384c6", "CodeSize": 1560, "FunctionArn": "arn:aws:lambda:ap-southeast-2:043898046743:function:Config-WAF-central-logging", "Handler": "lambda_function.lambda_handler", "Role": "arn:aws:iam::043898046743:role/csf-prod-security-custom-co-LambdaExecutionRoleWAF-KYDEPXWSTY08", "Timeout": 30, "LastModified": "2020-04-16T16:17:39.316+0000", "Runtime": "python3.7", "Description": "Monitor WAF's to ensure central logging is setup"}, {"TracingConfig": {"Mode": "PassThrough"}, "Version": "$LATEST", "CodeSha256": "kQzKB0DGG0yC2FxWwZJHguPX4+JuYSJAiYJkzpvpwOw=", "FunctionName": "REM-Security-Group-Ingress-RDP", "MemorySize": 128, "RevisionId": "6fef9b57-7feb-4164-8c55-67c35b08abc1", "CodeSize": 1453, "FunctionArn": "arn:aws:lambda:ap-southeast-2:043898046743:function:REM-Security-Group-Ingress-RDP", "Environment": {"Variables": {"EnableControl": "True", "SNS_TOPIC": "arn:aws:sns:ap-southeast-2:043898046743:AWS-Landing-Zone-Security-Notification"}}, "Handler": "lambda_function.lambda_handler", "Role": "arn:aws:iam::043898046743:role/csf-prod-security-remedia-LambdaExecutionRoleIngre-1CBJTQZB06BR1", "Timeout": 30, "LastModified": "2020-04-16T16:18:53.568+0000", "Runtime": "python3.7", "Description": "Responsive control to ensure ingress RDP is blocked"}, {"TracingConfig": {"Mode": "PassThrough"}, "Version": "$LATEST", "CodeSha256": "II0TEmNh099NxPgdW3Jaq+AwnLZSL18S5wtCRX50NbA=", "FunctionName": "REM-KMS-Key-Rotation", "MemorySize": 128, "RevisionId": "3412d57b-d988-4fd3-b2e0-a754af4354a0", "CodeSize": 1153, "FunctionArn": "arn:aws:lambda:ap-southeast-2:043898046743:function:REM-KMS-Key-Rotation", "Environment": {"Variables": {"EnableControl": "True", "SNS_TOPIC": "arn:aws:sns:ap-southeast-2:043898046743:AWS-Landing-Zone-Security-Notification"}}, "Handler": "lambda_function.lambda_handler", "Role": "arn:aws:iam::043898046743:role/csf-prod-security-remedia-LambdaExecutionRoleKMSKe-1ADM5UBB7Q4RS", "Timeout": 30, "LastModified": "2020-04-16T16:18:56.340+0000", "Runtime": "python3.7", "Description": "Responsive control to ensure KMS Key Rotation is not disabled"}, {"TracingConfig": {"Mode": "PassThrough"}, "Version": "$LATEST", "CodeSha256": "sipGAOWW6AKnJVy2qwfpd7oVWw8lLLQI1A+TzBQReZc=", "FunctionName": "REM-User-Attached-Managed-Policies", "MemorySize": 128, "RevisionId": "eff05b0a-e220-4f66-9794-f544826b96d8", "CodeSize": 1279, "FunctionArn": "arn:aws:lambda:ap-southeast-2:043898046743:function:REM-User-Attached-Managed-Policies", "Environment": {"Variables": {"EnableControl": "True", "SNS_TOPIC": "arn:aws:sns:ap-southeast-2:043898046743:AWS-Landing-Zone-Security-Notification"}}, "Handler": "lambda_function.lambda_handler", "Role": "arn:aws:iam::043898046743:role/csf-prod-security-remedia-LambdaExecutionRoleUserA-1X0DJ3E1L75HR", "Timeout": 30, "LastModified": "2020-04-16T16:18:57.928+0000", "Runtime": "python3.7", "Description": "Responsive control to ensure IAM Managed Policies are not attached to Users"}, {"TracingConfig": {"Mode": "PassThrough"}, "Version": "$LATEST", "CodeSha256": "g0eOa876igJMWmysiw9fMa4WsxoIwK9DlMTqYlNQ5Cg=", "FunctionName": "REM-IAM-Key-Rotation", "MemorySize": 128, "RevisionId": "45535188-a46c-4f37-b205-f6a985b1850d", "CodeSize": 1587, "FunctionArn": "arn:aws:lambda:ap-southeast-2:043898046743:function:REM-IAM-Key-Rotation", "Environment": {"Variables": {"EnableControl": "True", "MAX_DAYS_ACCESS_KEY_AGE": "90", "SNS_TOPIC": "arn:aws:sns:ap-southeast-2:043898046743:AWS-Landing-Zone-Security-Notification"}}, "Handler": "lambda_function.lambda_handler", "Role": "arn:aws:iam::043898046743:role/csf-prod-security-remedia-LambdaExecutionRoleIAMKe-1KKVRWMC3N0FQ", "Timeout": 30, "LastModified": "2020-04-16T16:18:54.381+0000", "Runtime": "python3.7", "Description": "Responsive control to ensure IAM Keys are rotated"}, {"TracingConfig": {"Mode": "PassThrough"}, "Version": "$LATEST", "CodeSha256": "NkZ4BwE15oSShejkOXQTQSik4Fpo0M+n4UJrwfEJQso=", "FunctionName": "REM-Security-Group-Ingress-SSH", "MemorySize": 128, "RevisionId": "94cc729a-5843-42e7-b802-489393f2bb77", "CodeSize": 1449, "FunctionArn": "arn:aws:lambda:ap-southeast-2:043898046743:function:REM-Security-Group-Ingress-SSH", "Environment": {"Variables": {"EnableControl": "True", "SNS_TOPIC": "arn:aws:sns:ap-southeast-2:043898046743:AWS-Landing-Zone-Security-Notification"}}, "Handler": "lambda_function.lambda_handler", "Role": "arn:aws:iam::043898046743:role/csf-prod-security-remedia-LambdaExecutionRoleIngre-123O601PSJ85P", "Timeout": 30, "LastModified": "2020-04-16T16:18:56.598+0000", "Runtime": "python3.7", "Description": "Responsive control to ensure ingress SSH is blocked"}, {"TracingConfig": {"Mode": "PassThrough"}, "Version": "$LATEST", "CodeSha256": "txqoutATNkuFEhRWWszctPjlcpqRYhtYjlHHHt6OhLI=", "FunctionName": "REM-IAM-User-Console-No-MFA", "MemorySize": 128, "RevisionId": "58bbd62c-6e6b-4049-b90d-2029ef586d74", "CodeSize": 1208, "FunctionArn": "arn:aws:lambda:ap-southeast-2:043898046743:function:REM-IAM-User-Console-No-MFA", "Environment": {"Variables": {"EnableControl": "True", "SNS_TOPIC": "arn:aws:sns:ap-southeast-2:043898046743:AWS-Landing-Zone-Security-Notification"}}, "Handler": "lambda_function.lambda_handler", "Role": "arn:aws:iam::043898046743:role/csf-prod-security-remedia-LambdaExecutionRoleIAMUs-177AW1IG96WD9", "Timeout": 30, "LastModified": "2020-04-16T16:18:52.559+0000", "Runtime": "python3.7", "Description": "Responsive control to ensure IAM Users with Console access have MFA enabled"}, {"TracingConfig": {"Mode": "PassThrough"}, "Version": "$LATEST", "CodeSha256": "ZSuwhYFhDjkFfVXGj+pPv/qvjxSH+CvkaTAalraXb/0=", "FunctionName": "REM-RDS-public-instance-shutdown", "MemorySize": 128, "RevisionId": "e345b6eb-eebd-4df0-89b6-79f0fb2e433c", "CodeSize": 1635, "FunctionArn": "arn:aws:lambda:ap-southeast-2:043898046743:function:REM-RDS-public-instance-shutdown", "Environment": {"Variables": {"EnableControl": "True", "SNS_TOPIC": "arn:aws:sns:ap-southeast-2:043898046743:AWS-Landing-Zone-Security-Notification"}}, "Handler": "lambda_function.lambda_handler", "Role": "arn:aws:iam::043898046743:role/csf-prod-security-remedia-LambdaExecutionRoleRDSPu-1HHMJASX7XQII", "Timeout": 30, "LastModified": "2020-04-16T16:18:55.783+0000", "Runtime": "python3.7", "Description": "Responsive control to ensure public RDS instances are shut down."}, {"TracingConfig": {"Mode": "PassThrough"}, "Version": "$LATEST", "CodeSha256": "VyaFYudY753y6sFAEmaWNLFVJ/sIeIgoPT8R2R/z8xw=", "FunctionName": "REM-Password-Policy", "MemorySize": 128, "RevisionId": "89bfaedb-d3e5-4c8c-b26c-1331bc7d3926", "CodeSize": 1446, "FunctionArn": "arn:aws:lambda:ap-southeast-2:043898046743:function:REM-Password-Policy", "Environment": {"Variables": {"EnableControl": "True", "SNS_TOPIC": "arn:aws:sns:ap-southeast-2:043898046743:AWS-Landing-Zone-Security-Notification"}}, "Handler": "lambda_function.lambda_handler", "Role": "arn:aws:iam::043898046743:role/csf-prod-security-remedia-LambdaExecutionRolePassw-KEL581P8255C", "Timeout": 30, "LastModified": "2020-04-16T16:18:56.374+0000", "Runtime": "python3.7", "Description": "Responsive control to ensure account Password Policy is set"}, {"TracingConfig": {"Mode": "PassThrough"}, "Version": "$LATEST", "CodeSha256": "jHB2kdd+VL7np+8IU9qeUffUjn7/dfIplma/PMmcPw4=", "FunctionName": "Config-Support-Role", "MemorySize": 128, "RevisionId": "4cdc9720-24be-4c4a-be98-d3fcd58934ac", "CodeSize": 1175, "FunctionArn": "arn:aws:lambda:ap-southeast-2:043898046743:function:Config-Support-Role", "Handler": "lambda_function.lambda_handler", "Role": "arn:aws:iam::043898046743:role/csf-prod-security-custom-LambdaExecutionRoleSuppo-15B7AHJEB0EQN", "Timeout": 30, "LastModified": "2020-04-16T16:17:38.734+0000", "Runtime": "python3.7", "Description": "Monitor that a Support Role is setup"}, {"TracingConfig": {"Mode": "PassThrough"}, "Version": "$LATEST", "CodeSha256": "6hSYR8H+V2wmlMnMz0iHKLbEi9Rw8S3ZUdNUuEjOITg=", "FunctionName": "REM-IAM-Admin-Policy", "MemorySize": 128, "RevisionId": "4182f216-4ef4-4efd-b043-5f96a6bc8f52", "CodeSize": 1530, "FunctionArn": "arn:aws:lambda:ap-southeast-2:043898046743:function:REM-IAM-Admin-Policy", "Environment": {"Variables": {"EnableControl": "True", "SNS_TOPIC": "arn:aws:sns:ap-southeast-2:043898046743:AWS-Landing-Zone-Security-Notification"}}, "Handler": "lambda_function.lambda_handler", "Role": "arn:aws:iam::043898046743:role/csf-prod-security-remedia-LambdaExecutionRoleIAMAd-1OG0APOR39ZC3", "Timeout": 30, "LastModified": "2020-04-16T16:18:54.182+0000", "Runtime": "python3.7", "Description": "Responsive control to ensure now IAM Admin Policies are deleted"}], "ResponseMetadata": {"RetryAttempts": 0, "HTTPStatusCode": 200, "RequestId": "6c7130f0-7f1e-4c86-a712-2b24366b6bcf", "HTTPHeaders": {"date": "Tue, 19 May 2020 15:19:30 GMT", "x-amzn-requestid": "6c7130f0-7f1e-4c86-a712-2b24366b6bcf", "content-length": "26911", "content-type": "application/json", "connection": "keep-alive"}}}}