{"region": "us-east-2", "operation": "ListFunctions", "service": "lambda", "response": {"Functions": [{"TracingConfig": {"Mode": "PassThrough"}, "Version": "$LATEST", "CodeSha256": "6hSYR8H+V2wmlMnMz0iHKLbEi9Rw8S3ZUdNUuEjOITg=", "FunctionName": "REM-IAM-Admin-Policy", "MemorySize": 128, "RevisionId": "48a25d04-98a0-4d6c-a4ee-ba608059bf3d", "CodeSize": 1530, "FunctionArn": "arn:aws:lambda:us-east-2:043898046743:function:REM-IAM-Admin-Policy", "Environment": {"Variables": {"EnableControl": "True", "SNS_TOPIC": "arn:aws:sns:us-east-2:043898046743:AWS-Landing-Zone-Security-Notification"}}, "Handler": "lambda_function.lambda_handler", "Role": "arn:aws:iam::043898046743:role/csf-prod-security-remedia-LambdaExecutionRoleIAMAd-T47Q5GNF9CFN", "Timeout": 30, "LastModified": "2020-04-16T16:31:48.482+0000", "Runtime": "python3.7", "Description": "Responsive control to ensure now IAM Admin Policies are deleted"}, {"TracingConfig": {"Mode": "PassThrough"}, "Version": "$LATEST", "CodeSha256": "txqoutATNkuFEhRWWszctPjlcpqRYhtYjlHHHt6OhLI=", "FunctionName": "REM-IAM-User-Console-No-MFA", "MemorySize": 128, "RevisionId": "b8ce0880-c60c-4ca0-9056-586a786bb512", "CodeSize": 1208, "FunctionArn": "arn:aws:lambda:us-east-2:043898046743:function:REM-IAM-User-Console-No-MFA", "Environment": {"Variables": {"EnableControl": "True", "SNS_TOPIC": "arn:aws:sns:us-east-2:043898046743:AWS-Landing-Zone-Security-Notification"}}, "Handler": "lambda_function.lambda_handler", "Role": "arn:aws:iam::043898046743:role/csf-prod-security-remedia-LambdaExecutionRoleIAMUs-1I81VHDM681EC", "Timeout": 30, "LastModified": "2020-04-16T16:31:44.979+0000", "Runtime": "python3.7", "Description": "Responsive control to ensure IAM Users with Console access have MFA enabled"}, {"TracingConfig": {"Mode": "PassThrough"}, "Version": "$LATEST", "CodeSha256": "4tTMok41LBH7RtP9zn1HdRwnS1Q0aRX+Q6NdgcM2FAg=", "FunctionName": "REM-S3-Bucket-Public-Read-Write", "MemorySize": 128, "RevisionId": "74d4ae78-da35-488a-8913-2a8a9f4918c0", "CodeSize": 1369, "FunctionArn": "arn:aws:lambda:us-east-2:043898046743:function:REM-S3-Bucket-Public-Read-Write", "Environment": {"Variables": {"EnableControl": "True", "SNS_TOPIC": "arn:aws:sns:us-east-2:043898046743:AWS-Landing-Zone-Security-Notification"}}, "Handler": "lambda_function.lambda_handler", "Role": "arn:aws:iam::043898046743:role/csf-prod-security-remedia-LambdaExecutionRoleS3Pub-ZOQAYGZ2H0XE", "Timeout": 30, "LastModified": "2020-04-16T16:31:45.480+0000", "Runtime": "python3.7", "Description": "Responsive control to ensure S3 Bucket Public Read and Write is not enabled"}, {"TracingConfig": {"Mode": "PassThrough"}, "Version": "$LATEST", "CodeSha256": "vHa4UW56UQ9NvnCXLhVGm9ZE1Co8q3vAEGqoSIcsQJs=", "FunctionName": "CreateEncryptedAMICopy", "MemorySize": 128, "RevisionId": "01ba2cfd-7bf3-4280-b8a7-547f68d3c0ab", "CodeSize": 932, "FunctionArn": "arn:aws:lambda:us-east-2:043898046743:function:CreateEncryptedAMICopy", "Environment": {"Variables": {"ASSUME_ROLE": "ChildAccountCreateEncryptedAmiCopyRole"}}, "Handler": "index.lambda_handler", "Role": "arn:aws:iam::043898046743:role/LambdaCreateEncryptedAmiCopyRole", "Timeout": 120, "LastModified": "2020-04-06T17:08:51.420+0000", "Runtime": "python3.7", "Description": "Creates an encrypted copy of a given AMI id using AWS EBS key"}, {"TracingConfig": {"Mode": "PassThrough"}, "Version": "$LATEST", "CodeSha256": "sipGAOWW6AKnJVy2qwfpd7oVWw8lLLQI1A+TzBQReZc=", "FunctionName": "REM-User-Attached-Managed-Policies", "MemorySize": 128, "RevisionId": "b8aecb53-9982-40b1-a148-0a798ffa2a55", "CodeSize": 1279, "FunctionArn": "arn:aws:lambda:us-east-2:043898046743:function:REM-User-Attached-Managed-Policies", "Environment": {"Variables": {"EnableControl": "True", "SNS_TOPIC": "arn:aws:sns:us-east-2:043898046743:AWS-Landing-Zone-Security-Notification"}}, "Handler": "lambda_function.lambda_handler", "Role": "arn:aws:iam::043898046743:role/csf-prod-security-remedia-LambdaExecutionRoleUserA-1CEAWE22UYOV2", "Timeout": 30, "LastModified": "2020-04-16T16:31:44.583+0000", "Runtime": "python3.7", "Description": "Responsive control to ensure IAM Managed Policies are not attached to Users"}, {"TracingConfig": {"Mode": "PassThrough"}, "Version": "$LATEST", "CodeSha256": "kQzKB0DGG0yC2FxWwZJHguPX4+JuYSJAiYJkzpvpwOw=", "FunctionName": "REM-Security-Group-Ingress-RDP", "MemorySize": 128, "RevisionId": "501ec3fd-20ab-4fd2-9a99-4c969a72f69c", "CodeSize": 1453, "FunctionArn": "arn:aws:lambda:us-east-2:043898046743:function:REM-Security-Group-Ingress-RDP", "Environment": {"Variables": {"EnableControl": "True", "SNS_TOPIC": "arn:aws:sns:us-east-2:043898046743:AWS-Landing-Zone-Security-Notification"}}, "Handler": "lambda_function.lambda_handler", "Role": "arn:aws:iam::043898046743:role/csf-prod-security-remedia-LambdaExecutionRoleIngre-1KG71QKS0W8EE", "Timeout": 30, "LastModified": "2020-04-16T16:31:45.240+0000", "Runtime": "python3.7", "Description": "Responsive control to ensure ingress RDP is blocked"}, {"TracingConfig": {"Mode": "PassThrough"}, "Version": "$LATEST", "CodeSha256": "kVhp5CYmwNnys3XFipTdv+B+pk/aepZZ1396XMECQUI=", "FunctionName": "REM-Cloudtrail-without-log-group", "MemorySize": 128, "RevisionId": "3dde1120-46d9-4f20-bc13-d293b3f0da1d", "CodeSize": 1275, "FunctionArn": "arn:aws:lambda:us-east-2:043898046743:function:REM-Cloudtrail-without-log-group", "Environment": {"Variables": {"DefaultCloudwatchRoleArn": "arn:aws:iam::043898046743:role/StackSet-AWS-Landing-Zone-Baseli-TrailLogGroupRole-13OT9AXAK12VW", "DefaultCloudwatchLogGroupArn": "arn:aws:logs:us-east-1:043898046743:log-group:CloudTrail/Landing-Zone-Logs", "EnableControl": "True", "SNS_TOPIC": "arn:aws:sns:us-east-2:043898046743:AWS-Landing-Zone-Security-Notification"}}, "Handler": "lambda_function.lambda_handler", "Role": "arn:aws:iam::043898046743:role/csf-prod-security-remedia-LambdaExecutionRoleCloud-AE2JDNNIAEHS", "Timeout": 30, "LastModified": "2020-04-16T16:31:44.380+0000", "Runtime": "python3.7", "Description": "Responsive control to fix Cloudtrails not bound to a log group"}, {"TracingConfig": {"Mode": "PassThrough"}, "Version": "$LATEST", "CodeSha256": "sCU2lDQIg+dYhImQgCovSRqyloycWCJM8pxnVICLksY=", "FunctionName": "REM-S3-SSL-Only-Requests", "MemorySize": 128, "RevisionId": "cdb844ce-822a-440a-82c2-2224df81356d", "CodeSize": 1482, "FunctionArn": "arn:aws:lambda:us-east-2:043898046743:function:REM-S3-SSL-Only-Requests", "Environment": {"Variables": {"EnableControl": "True", "SNS_TOPIC": "arn:aws:sns:us-east-2:043898046743:AWS-Landing-Zone-Security-Notification"}}, "Handler": "lambda_function.lambda_handler", "Role": "arn:aws:iam::043898046743:role/csf-prod-security-remedia-LambdaExecutionRoleS3SSL-881U8PPMV4V5", "Timeout": 30, "LastModified": "2020-04-16T16:32:32.350+0000", "Runtime": "python3.7", "Description": "Responsive control to ensure S3 only accepts SSL connections"}, {"TracingConfig": {"Mode": "PassThrough"}, "Version": "$LATEST", "CodeSha256": "xvrTdN3a7JL3yldmE69ylUp8u+U6CWA9Z5bkytOx3qs=", "FunctionName": "REM-VPC-Default-Security-Group", "MemorySize": 128, "RevisionId": "dfaa7031-7d8b-4079-bccb-d1b6f148003c", "CodeSize": 1291, "FunctionArn": "arn:aws:lambda:us-east-2:043898046743:function:REM-VPC-Default-Security-Group", "Environment": {"Variables": {"EnableControl": "True", "SNS_TOPIC": "arn:aws:sns:us-east-2:043898046743:AWS-Landing-Zone-Security-Notification"}}, "Handler": "lambda_function.lambda_handler", "Role": "arn:aws:iam::043898046743:role/csf-prod-security-remedia-LambdaExecutionRoleVPCDe-1A0KVO6LALSFG", "Timeout": 30, "LastModified": "2020-04-16T16:31:44.633+0000", "Runtime": "python3.7", "Description": "Responsive control to ensure VPC Default SG has no open ports"}, {"TracingConfig": {"Mode": "PassThrough"}, "Version": "$LATEST", "CodeSha256": "d2mBkpxWmH5M+u/UoNbfbmJE4K1vWXWhB9TKnSJEj0s=", "FunctionName": "REM-Unencrypted-Cloudtrail", "MemorySize": 128, "RevisionId": "f3e0b126-9746-4577-a806-beb57547faaa", "CodeSize": 1223, "FunctionArn": "arn:aws:lambda:us-east-2:043898046743:function:REM-Unencrypted-Cloudtrail", "Environment": {"Variables": {"KMS_KEY_ID": "arn:aws:kms:us-east-1:478999156681:key/2410f307-a77d-4573-8b4e-b12be88a3420", "EnableControl": "True", "SNS_TOPIC": "arn:aws:sns:us-east-2:043898046743:AWS-Landing-Zone-Security-Notification"}}, "Handler": "lambda_function.lambda_handler", "Role": "arn:aws:iam::043898046743:role/csf-prod-security-remedia-LambdaExecutionRoleUnenc-1106E5PE75RTF", "Timeout": 30, "LastModified": "2020-04-16T16:31:47.572+0000", "Runtime": "python3.7", "Description": "Responsive control to fix Unencrypted Cloudtrail logfiles"}, {"TracingConfig": {"Mode": "PassThrough"}, "Version": "$LATEST", "CodeSha256": "DJF/tkerphr7cYoTUviK9QMw9F96U/mm97YNH+7ahvM=", "FunctionName": "REM-Cloudtrail-without-organization", "MemorySize": 128, "RevisionId": "9f4aebe7-9f3e-4fe9-a9f9-ced15f1776f2", "CodeSize": 1267, "FunctionArn": "arn:aws:lambda:us-east-2:043898046743:function:REM-Cloudtrail-without-organization", "Environment": {"Variables": {"EnableControl": "True", "DefaultCloudtrailName": "AWS-Landing-Zone-BaselineCloudTrail", "SNS_TOPIC": "arn:aws:sns:us-east-2:043898046743:AWS-Landing-Zone-Security-Notification"}}, "Handler": "lambda_function.lambda_handler", "Role": "arn:aws:iam::043898046743:role/csf-prod-security-remedia-LambdaExecutionRoleCloud-3GUQUF44EI4M", "Timeout": 30, "LastModified": "2020-04-16T16:31:43.948+0000", "Runtime": "python3.7", "Description": "Responsive control to fix Cloudtrails not bound to the organization"}, {"TracingConfig": {"Mode": "PassThrough"}, "Version": "$LATEST", "CodeSha256": "ZSuwhYFhDjkFfVXGj+pPv/qvjxSH+CvkaTAalraXb/0=", "FunctionName": "REM-RDS-public-instance-shutdown", "MemorySize": 128, "RevisionId": "6b179a70-e8f5-4fa7-b418-64754aeea812", "CodeSize": 1635, "FunctionArn": "arn:aws:lambda:us-east-2:043898046743:function:REM-RDS-public-instance-shutdown", "Environment": {"Variables": {"EnableControl": "True", "SNS_TOPIC": "arn:aws:sns:us-east-2:043898046743:AWS-Landing-Zone-Security-Notification"}}, "Handler": "lambda_function.lambda_handler", "Role": "arn:aws:iam::043898046743:role/csf-prod-security-remedia-LambdaExecutionRoleRDSPu-1HWAJ7T34FIV8", "Timeout": 30, "LastModified": "2020-04-16T16:31:48.105+0000", "Runtime": "python3.7", "Description": "Responsive control to ensure public RDS instances are shut down."}, {"TracingConfig": {"Mode": "PassThrough"}, "Version": "$LATEST", "CodeSha256": "NkZ4BwE15oSShejkOXQTQSik4Fpo0M+n4UJrwfEJQso=", "FunctionName": "REM-Security-Group-Ingress-SSH", "MemorySize": 128, "RevisionId": "23f74e00-0501-4d75-bbb8-c8ff26fc7ac0", "CodeSize": 1449, "FunctionArn": "arn:aws:lambda:us-east-2:043898046743:function:REM-Security-Group-Ingress-SSH", "Environment": {"Variables": {"EnableControl": "True", "SNS_TOPIC": "arn:aws:sns:us-east-2:043898046743:AWS-Landing-Zone-Security-Notification"}}, "Handler": "lambda_function.lambda_handler", "Role": "arn:aws:iam::043898046743:role/csf-prod-security-remedia-LambdaExecutionRoleIngre-KVJYKCZU0MJ3", "Timeout": 30, "LastModified": "2020-04-16T16:31:44.548+0000", "Runtime": "python3.7", "Description": "Responsive control to ensure ingress SSH is blocked"}, {"TracingConfig": {"Mode": "PassThrough"}, "Version": "$LATEST", "CodeSha256": "g0eOa876igJMWmysiw9fMa4WsxoIwK9DlMTqYlNQ5Cg=", "FunctionName": "REM-IAM-Key-Rotation", "MemorySize": 128, "RevisionId": "093538af-b78e-4695-bf3d-8068bbc44a7a", "CodeSize": 1587, "FunctionArn": "arn:aws:lambda:us-east-2:043898046743:function:REM-IAM-Key-Rotation", "Environment": {"Variables": {"EnableControl": "True", "MAX_DAYS_ACCESS_KEY_AGE": "90", "SNS_TOPIC": "arn:aws:sns:us-east-2:043898046743:AWS-Landing-Zone-Security-Notification"}}, "Handler": "lambda_function.lambda_handler", "Role": "arn:aws:iam::043898046743:role/csf-prod-security-remedia-LambdaExecutionRoleIAMKe-185X0BL0FHQDB", "Timeout": 30, "LastModified": "2020-04-16T16:31:44.917+0000", "Runtime": "python3.7", "Description": "Responsive control to ensure IAM Keys are rotated"}, {"TracingConfig": {"Mode": "PassThrough"}, "Version": "$LATEST", "CodeSha256": "poOpPhDm9+YwAmj9WyXeH0XiHYf0gmmSZLb6Ct8b7Pc=", "FunctionName": "Config-WAF-central-logging", "MemorySize": 128, "RevisionId": "37c0601e-3036-4f7f-936f-fac3808f0000", "CodeSize": 1560, "FunctionArn": "arn:aws:lambda:us-east-2:043898046743:function:Config-WAF-central-logging", "Handler": "lambda_function.lambda_handler", "Role": "arn:aws:iam::043898046743:role/csf-prod-security-custom-co-LambdaExecutionRoleWAF-1X8YC3SJ96XGL", "Timeout": 30, "LastModified": "2020-04-16T16:30:38.618+0000", "Runtime": "python3.7", "Description": "Monitor WAF's to ensure central logging is setup"}, {"TracingConfig": {"Mode": "PassThrough"}, "Version": "$LATEST", "CodeSha256": "nOIl0rKWGHdECcDAZgJZwH8enpRtqyR7ErQ9DFr/APk=", "FunctionName": "REM-Unvalidated-Cloudtrail-Logfiles", "MemorySize": 128, "RevisionId": "f818bff0-51be-4538-bed9-e04095bb4bff", "CodeSize": 1371, "FunctionArn": "arn:aws:lambda:us-east-2:043898046743:function:REM-Unvalidated-Cloudtrail-Logfiles", "Environment": {"Variables": {"EnableControl": "True", "SNS_TOPIC": "arn:aws:sns:us-east-2:043898046743:AWS-Landing-Zone-Security-Notification"}}, "Handler": "lambda_function.lambda_handler", "Role": "arn:aws:iam::043898046743:role/csf-prod-security-remedia-LambdaExecutionRoleUnval-5P9V7AKI7CMT", "Timeout": 30, "LastModified": "2020-04-16T16:31:45.560+0000", "Runtime": "python3.7", "Description": "Responsive control to fix unvalidated Cloudtrail logfiles"}, {"TracingConfig": {"Mode": "PassThrough"}, "Version": "$LATEST", "CodeSha256": "3ORWHLIMC7M5euqkze7zUA/d17SkmH7oRyJdsGQj6No=", "FunctionName": "REM-Disabled-Cloudtrail", "MemorySize": 128, "RevisionId": "31ab391a-3a48-481c-bdad-06eece6f7c5c", "CodeSize": 1552, "FunctionArn": "arn:aws:lambda:us-east-2:043898046743:function:REM-Disabled-Cloudtrail", "Environment": {"Variables": {"DefaultCloudtrailName": "AWS-Landing-Zone-BaselineCloudTrail", "SNS_TOPIC": "arn:aws:sns:us-east-2:043898046743:AWS-Landing-Zone-Security-Notification", "DefaultCloudwatchRoleArn": "arn:aws:iam::043898046743:role/StackSet-AWS-Landing-Zone-Baseli-TrailLogGroupRole-13OT9AXAK12VW", "DefaultCloudwatchLogGroupArn": "arn:aws:logs:us-east-1:043898046743:log-group:CloudTrail/Landing-Zone-Logs", "EnableCloudtrailLogfileValidation": "True", "EnableControl": "True", "EnforceDefaultMultiRegionTrail": "True", "EnforceGlobalServiceEventLogging": "True", "DefaultCloudtrailKMSKeyId": "arn:aws:kms:us-east-1:478999156681:key/2410f307-a77d-4573-8b4e-b12be88a3420", "DefaultCloudtrailS3BucketName": "aws-landing-zone-logs-031247562193-us-east-1", "EnforceDefaultTrailBindingToOrg": "True", "DefaultCloudtrailS3KeyPrefix": "o-8baopjpjb4"}}, "Handler": "lambda_function.lambda_handler", "Role": "arn:aws:iam::043898046743:role/csf-prod-security-remedia-LambdaExecutionRoleDisab-MC1Q1MUMAQSP", "Timeout": 30, "LastModified": "2020-04-16T16:31:45.761+0000", "Runtime": "python3.7", "Description": "Responsive control to ensure at least one cloudtrail exists on the account"}, {"TracingConfig": {"Mode": "PassThrough"}, "Version": "$LATEST", "CodeSha256": "II0TEmNh099NxPgdW3Jaq+AwnLZSL18S5wtCRX50NbA=", "FunctionName": "REM-KMS-Key-Rotation", "MemorySize": 128, "RevisionId": "207e4dd3-eaed-4751-966c-de59e3be2ce6", "CodeSize": 1153, "FunctionArn": "arn:aws:lambda:us-east-2:043898046743:function:REM-KMS-Key-Rotation", "Environment": {"Variables": {"EnableControl": "True", "SNS_TOPIC": "arn:aws:sns:us-east-2:043898046743:AWS-Landing-Zone-Security-Notification"}}, "Handler": "lambda_function.lambda_handler", "Role": "arn:aws:iam::043898046743:role/csf-prod-security-remedia-LambdaExecutionRoleKMSKe-1O5P7YO2BMAGT", "Timeout": 30, "LastModified": "2020-04-16T16:31:45.142+0000", "Runtime": "python3.7", "Description": "Responsive control to ensure KMS Key Rotation is not disabled"}, {"TracingConfig": {"Mode": "PassThrough"}, "Version": "$LATEST", "CodeSha256": "jHB2kdd+VL7np+8IU9qeUffUjn7/dfIplma/PMmcPw4=", "FunctionName": "Config-Support-Role", "MemorySize": 128, "RevisionId": "f71a29f8-bf8c-4fdc-a374-764e5746c6a0", "CodeSize": 1175, "FunctionArn": "arn:aws:lambda:us-east-2:043898046743:function:Config-Support-Role", "Handler": "lambda_function.lambda_handler", "Role": "arn:aws:iam::043898046743:role/csf-prod-security-custom-LambdaExecutionRoleSuppo-158MXTIAI0EB", "Timeout": 30, "LastModified": "2020-04-16T16:30:38.433+0000", "Runtime": "python3.7", "Description": "Monitor that a Support Role is setup"}, {"TracingConfig": {"Mode": "PassThrough"}, "Version": "$LATEST", "CodeSha256": "VyaFYudY753y6sFAEmaWNLFVJ/sIeIgoPT8R2R/z8xw=", "FunctionName": "REM-Password-Policy", "MemorySize": 128, "RevisionId": "60429abd-65ae-4642-aad3-58e351e31ded", "CodeSize": 1446, "FunctionArn": "arn:aws:lambda:us-east-2:043898046743:function:REM-Password-Policy", "Environment": {"Variables": {"EnableControl": "True", "SNS_TOPIC": "arn:aws:sns:us-east-2:043898046743:AWS-Landing-Zone-Security-Notification"}}, "Handler": "lambda_function.lambda_handler", "Role": "arn:aws:iam::043898046743:role/csf-prod-security-remedia-LambdaExecutionRolePassw-YUO2LITTN28H", "Timeout": 30, "LastModified": "2020-04-16T16:31:45.615+0000", "Runtime": "python3.7", "Description": "Responsive control to ensure account Password Policy is set"}, {"TracingConfig": {"Mode": "PassThrough"}, "Version": "$LATEST", "CodeSha256": "1XJbgocMfVA6Rbd0kPVuqojjZhG3K3DnucTkbtLApLE=", "FunctionName": "REM-S3-Server-Side-Encryption", "MemorySize": 128, "RevisionId": "93e5448e-e6fd-4ea3-8c1e-a23d5ace7715", "CodeSize": 1218, "FunctionArn": "arn:aws:lambda:us-east-2:043898046743:function:REM-S3-Server-Side-Encryption", "Environment": {"Variables": {"EnableControl": "True", "SNS_TOPIC": "arn:aws:sns:us-east-2:043898046743:AWS-Landing-Zone-Security-Notification"}}, "Handler": "lambda_function.lambda_handler", "Role": "arn:aws:iam::043898046743:role/csf-prod-security-remedia-LambdaExecutionRoleS3SSE-182CPQU46ZQQ1", "Timeout": 30, "LastModified": "2020-04-16T16:31:44.851+0000", "Runtime": "python3.7", "Description": "Responsive control to ensure S3 Server Side Encryption is enabled"}, {"TracingConfig": {"Mode": "PassThrough"}, "Version": "$LATEST", "CodeSha256": "AwjZQWg+ccWBSl8GoLhCK4deMU/vr2jC7mlsnIMvtGg=", "FunctionName": "REM-VPC-Flow-Log-Enable", "MemorySize": 128, "RevisionId": "c6e0cc0b-db3f-4145-a014-31fc96af2eed", "CodeSize": 1236, "FunctionArn": "arn:aws:lambda:us-east-2:043898046743:function:REM-VPC-Flow-Log-Enable", "Environment": {"Variables": {"EnableControl": "True", "SNS_TOPIC": "arn:aws:sns:us-east-2:043898046743:AWS-Landing-Zone-Security-Notification"}}, "Handler": "lambda_function.lambda_handler", "Role": "arn:aws:iam::043898046743:role/csf-prod-security-remedia-LambdaExecutionRoleVPCFl-2F5JYQNM8WM", "Timeout": 30, "LastModified": "2020-04-16T16:31:44.797+0000", "Runtime": "python3.7", "Description": "Responsive control to ensure VPC Flow Log is enabled"}, {"TracingConfig": {"Mode": "PassThrough"}, "Version": "$LATEST", "CodeSha256": "tUAyUw0jDBvzqgljUMc9mYrN+4im9uw71JfbH189t/A=", "FunctionName": "REM-Unused-IAM-Credentials", "MemorySize": 128, "RevisionId": "f8860ca2-bf0c-4e0a-b64b-aa3d1f4ea1ea", "CodeSize": 1492, "FunctionArn": "arn:aws:lambda:us-east-2:043898046743:function:REM-Unused-IAM-Credentials", "Environment": {"Variables": {"EnableControl": "True", "SNS_TOPIC": "arn:aws:sns:us-east-2:043898046743:AWS-Landing-Zone-Security-Notification"}}, "Handler": "lambda_function.lambda_handler", "Role": "arn:aws:iam::043898046743:role/csf-prod-security-remedia-LambdaExecutionRoleUnuse-1HL0CHIEA29TU", "Timeout": 30, "LastModified": "2020-04-16T16:31:52.259+0000", "Runtime": "python3.7", "Description": "Responsive control to ensure unused IAM Credentials are disabled"}, {"TracingConfig": {"Mode": "PassThrough"}, "Version": "$LATEST", "CodeSha256": "P5rVpUypnKMpRY4v3/2KEzxJV7e6FB/LWdRrnpjV6TQ=", "FunctionName": "LandingZoneLocalSNSNotificationForwarder", "MemorySize": 128, "RevisionId": "9860d414-860e-4ba6-95ec-a5d52bbc0322", "CodeSize": 473, "FunctionArn": "arn:aws:lambda:us-east-2:043898046743:function:LandingZoneLocalSNSNotificationForwarder", "Environment": {"Variables": {"sns_arn": "arn:aws:sns:us-east-2:478999156681:AWS-Landing-Zone-Aggregate-Security-Notifications"}}, "Handler": "index.lambda_handler", "Role": "arn:aws:iam::043898046743:role/StackSet-AWS-Landing-Zone-ForwardSnsNotificationLa-7CBLGNO3CKHD", "Timeout": 60, "LastModified": "2020-01-25T19:20:59.014+0000", "Runtime": "python3.6", "Description": "AWS Landing Zone SNS message forwarding function for aggregating account notifications."}, {"TracingConfig": {"Mode": "PassThrough"}, "Version": "$LATEST", "CodeSha256": "GDm8AWhFUopnf92riFSj+5OU0h6HOsM/vg5oQ+gZkVs=", "FunctionName": "REM-S3-Bucket-Access-Logs-Enabled", "MemorySize": 128, "RevisionId": "564b95bf-41f8-4348-b936-5ed6bd45f51b", "CodeSize": 1241, "FunctionArn": "arn:aws:lambda:us-east-2:043898046743:function:REM-S3-Bucket-Access-Logs-Enabled", "Environment": {"Variables": {"ACCESS_LOG_S3_BUCKET": "TBD", "EnableControl": "True", "SNS_TOPIC": "arn:aws:sns:us-east-2:043898046743:AWS-Landing-Zone-Security-Notification"}}, "Handler": "lambda_function.lambda_handler", "Role": "arn:aws:iam::043898046743:role/csf-prod-security-remedia-LambdaExecutionRoleS3Acc-1T6OBWEIIZON1", "Timeout": 30, "LastModified": "2020-04-16T16:31:52.494+0000", "Runtime": "python3.7", "Description": "Responsive control to ensure S3 Bucket Access Logs are enabled"}], "ResponseMetadata": {"RetryAttempts": 0, "HTTPStatusCode": 200, "RequestId": "4df10406-a780-463e-8eb8-989dd2c994d2", "HTTPHeaders": {"date": "Tue, 19 May 2020 15:20:09 GMT", "x-amzn-requestid": "4df10406-a780-463e-8eb8-989dd2c994d2", "content-length": "26672", "content-type": "application/json", "connection": "keep-alive"}}}}