{"region": "ap-east-1", "operation": "ListFunctions", "service": "lambda", "response": {"Functions": [{"TracingConfig": {"Mode": "PassThrough"}, "Version": "$LATEST", "CodeSha256": "Ow2fNYJ+cvWGVjnsnPknJ4l1f93w6Rv/7uCiEKzRqFc=", "FunctionName": "Security-Baseline-Enable-EnableEBSEncryptionFunct-12VPW7NKLYEC1", "MemorySize": 128, "RevisionId": "361acfce-e050-4029-9571-20fe99868639", "CodeSize": 2637, "FunctionArn": "arn:aws:lambda:ap-east-1:043898046743:function:Security-Baseline-Enable-EnableEBSEncryptionFunct-12VPW7NKLYEC1", "Handler": "index.handler", "Role": "arn:aws:iam::043898046743:role/Security-Baseline-Enable-EnableEBSEncryptionLambd-191LBFC3L310B", "Timeout": 30, "LastModified": "2020-05-06T16:15:54.371+0000", "Runtime": "nodejs12.x", "Description": ""}], "ResponseMetadata": {"RetryAttempts": 0, "HTTPStatusCode": 200, "RequestId": "de608957-4a90-4831-a308-1f7591417e59", "HTTPHeaders": {"date": "Tue, 19 May 2020 15:18:25 GMT", "x-amzn-requestid": "de608957-4a90-4831-a308-1f7591417e59", "content-length": "927", "content-type": "application/json", "connection": "keep-alive"}}}}