{"region": "eu-west-1", "operation": "ListFunctions", "service": "lambda", "response": {"Functions": [{"TracingConfig": {"Mode": "PassThrough"}, "Version": "$LATEST", "CodeSha256": "1XJbgocMfVA6Rbd0kPVuqojjZhG3K3DnucTkbtLApLE=", "FunctionName": "REM-S3-Server-Side-Encryption", "MemorySize": 128, "RevisionId": "8d38987a-8c14-49dc-a467-ef53e6adb13e", "CodeSize": 1218, "FunctionArn": "arn:aws:lambda:eu-west-1:043898046743:function:REM-S3-Server-Side-Encryption", "Environment": {"Variables": {"EnableControl": "True", "SNS_TOPIC": "arn:aws:sns:eu-west-1:043898046743:AWS-Landing-Zone-Security-Notification"}}, "Handler": "lambda_function.lambda_handler", "Role": "arn:aws:iam::043898046743:role/csf-prod-security-remedia-LambdaExecutionRoleS3SSE-1ED7W3XPXUC39", "Timeout": 30, "LastModified": "2020-04-16T16:25:24.113+0000", "Runtime": "python3.7", "Description": "Responsive control to ensure S3 Server Side Encryption is enabled"}, {"TracingConfig": {"Mode": "PassThrough"}, "Version": "$LATEST", "CodeSha256": "g0eOa876igJMWmysiw9fMa4WsxoIwK9DlMTqYlNQ5Cg=", "FunctionName": "REM-IAM-Key-Rotation", "MemorySize": 128, "RevisionId": "11524061-17d2-4e49-8e69-eb36ad704429", "CodeSize": 1587, "FunctionArn": "arn:aws:lambda:eu-west-1:043898046743:function:REM-IAM-Key-Rotation", "Environment": {"Variables": {"EnableControl": "True", "MAX_DAYS_ACCESS_KEY_AGE": "90", "SNS_TOPIC": "arn:aws:sns:eu-west-1:043898046743:AWS-Landing-Zone-Security-Notification"}}, "Handler": "lambda_function.lambda_handler", "Role": "arn:aws:iam::043898046743:role/csf-prod-security-remedia-LambdaExecutionRoleIAMKe-LHN9WBMB4LKJ", "Timeout": 30, "LastModified": "2020-04-16T16:25:24.472+0000", "Runtime": "python3.7", "Description": "Responsive control to ensure IAM Keys are rotated"}, {"TracingConfig": {"Mode": "PassThrough"}, "Version": "$LATEST", "CodeSha256": "6hSYR8H+V2wmlMnMz0iHKLbEi9Rw8S3ZUdNUuEjOITg=", "FunctionName": "REM-IAM-Admin-Policy", "MemorySize": 128, "RevisionId": "5f23ccde-ddb5-432b-98f8-f8a6a8c9ed40", "CodeSize": 1530, "FunctionArn": "arn:aws:lambda:eu-west-1:043898046743:function:REM-IAM-Admin-Policy", "Environment": {"Variables": {"EnableControl": "True", "SNS_TOPIC": "arn:aws:sns:eu-west-1:043898046743:AWS-Landing-Zone-Security-Notification"}}, "Handler": "lambda_function.lambda_handler", "Role": "arn:aws:iam::043898046743:role/csf-prod-security-remedia-LambdaExecutionRoleIAMAd-ELV96VSPMG4W", "Timeout": 30, "LastModified": "2020-04-16T16:25:24.647+0000", "Runtime": "python3.7", "Description": "Responsive control to ensure now IAM Admin Policies are deleted"}, {"TracingConfig": {"Mode": "PassThrough"}, "Version": "$LATEST", "CodeSha256": "sCU2lDQIg+dYhImQgCovSRqyloycWCJM8pxnVICLksY=", "FunctionName": "REM-S3-SSL-Only-Requests", "MemorySize": 128, "RevisionId": "e613a8fe-24eb-4a3a-9fc5-fd6c073f856e", "CodeSize": 1482, "FunctionArn": "arn:aws:lambda:eu-west-1:043898046743:function:REM-S3-SSL-Only-Requests", "Environment": {"Variables": {"EnableControl": "True", "SNS_TOPIC": "arn:aws:sns:eu-west-1:043898046743:AWS-Landing-Zone-Security-Notification"}}, "Handler": "lambda_function.lambda_handler", "Role": "arn:aws:iam::043898046743:role/csf-prod-security-remedia-LambdaExecutionRoleS3SSL-1MSVEWWD1HS6V", "Timeout": 30, "LastModified": "2020-04-16T16:25:23.383+0000", "Runtime": "python3.7", "Description": "Responsive control to ensure S3 only accepts SSL connections"}, {"TracingConfig": {"Mode": "PassThrough"}, "Version": "$LATEST", "CodeSha256": "NkZ4BwE15oSShejkOXQTQSik4Fpo0M+n4UJrwfEJQso=", "FunctionName": "REM-Security-Group-Ingress-SSH", "MemorySize": 128, "RevisionId": "c3d71f6a-8db6-44d8-a8fb-ebc124eee545", "CodeSize": 1449, "FunctionArn": "arn:aws:lambda:eu-west-1:043898046743:function:REM-Security-Group-Ingress-SSH", "Environment": {"Variables": {"EnableControl": "True", "SNS_TOPIC": "arn:aws:sns:eu-west-1:043898046743:AWS-Landing-Zone-Security-Notification"}}, "Handler": "lambda_function.lambda_handler", "Role": "arn:aws:iam::043898046743:role/csf-prod-security-remedia-LambdaExecutionRoleIngre-1EA7NVSHMJ3C3", "Timeout": 30, "LastModified": "2020-04-16T16:25:24.379+0000", "Runtime": "python3.7", "Description": "Responsive control to ensure ingress SSH is blocked"}, {"TracingConfig": {"Mode": "PassThrough"}, "Version": "$LATEST", "CodeSha256": "4tTMok41LBH7RtP9zn1HdRwnS1Q0aRX+Q6NdgcM2FAg=", "FunctionName": "REM-S3-Bucket-Public-Read-Write", "MemorySize": 128, "RevisionId": "624fbc22-7895-447e-8703-0984941ba5b6", "CodeSize": 1369, "FunctionArn": "arn:aws:lambda:eu-west-1:043898046743:function:REM-S3-Bucket-Public-Read-Write", "Environment": {"Variables": {"EnableControl": "True", "SNS_TOPIC": "arn:aws:sns:eu-west-1:043898046743:AWS-Landing-Zone-Security-Notification"}}, "Handler": "lambda_function.lambda_handler", "Role": "arn:aws:iam::043898046743:role/csf-prod-security-remedia-LambdaExecutionRoleS3Pub-B0CYCYLCFA5N", "Timeout": 30, "LastModified": "2020-04-16T16:25:24.903+0000", "Runtime": "python3.7", "Description": "Responsive control to ensure S3 Bucket Public Read and Write is not enabled"}, {"TracingConfig": {"Mode": "PassThrough"}, "Version": "$LATEST", "CodeSha256": "VyaFYudY753y6sFAEmaWNLFVJ/sIeIgoPT8R2R/z8xw=", "FunctionName": "REM-Password-Policy", "MemorySize": 128, "RevisionId": "ddc488ab-2b48-4483-a489-5ad9b488d642", "CodeSize": 1446, "FunctionArn": "arn:aws:lambda:eu-west-1:043898046743:function:REM-Password-Policy", "Environment": {"Variables": {"EnableControl": "True", "SNS_TOPIC": "arn:aws:sns:eu-west-1:043898046743:AWS-Landing-Zone-Security-Notification"}}, "Handler": "lambda_function.lambda_handler", "Role": "arn:aws:iam::043898046743:role/csf-prod-security-remedia-LambdaExecutionRolePassw-STUKXX8JBQJL", "Timeout": 30, "LastModified": "2020-04-16T16:25:26.519+0000", "Runtime": "python3.7", "Description": "Responsive control to ensure account Password Policy is set"}, {"TracingConfig": {"Mode": "PassThrough"}, "Version": "$LATEST", "CodeSha256": "kVhp5CYmwNnys3XFipTdv+B+pk/aepZZ1396XMECQUI=", "FunctionName": "REM-Cloudtrail-without-log-group", "MemorySize": 128, "RevisionId": "900470f4-96a2-4c13-9518-58e6948e2568", "CodeSize": 1275, "FunctionArn": "arn:aws:lambda:eu-west-1:043898046743:function:REM-Cloudtrail-without-log-group", "Environment": {"Variables": {"DefaultCloudwatchRoleArn": "arn:aws:iam::043898046743:role/StackSet-AWS-Landing-Zone-Baseli-TrailLogGroupRole-13OT9AXAK12VW", "DefaultCloudwatchLogGroupArn": "arn:aws:logs:us-east-1:043898046743:log-group:CloudTrail/Landing-Zone-Logs", "EnableControl": "True", "SNS_TOPIC": "arn:aws:sns:eu-west-1:043898046743:AWS-Landing-Zone-Security-Notification"}}, "Handler": "lambda_function.lambda_handler", "Role": "arn:aws:iam::043898046743:role/csf-prod-security-remedia-LambdaExecutionRoleCloud-L6ZVJLBFDLQP", "Timeout": 30, "LastModified": "2020-04-16T16:25:23.559+0000", "Runtime": "python3.7", "Description": "Responsive control to fix Cloudtrails not bound to a log group"}, {"TracingConfig": {"Mode": "PassThrough"}, "Version": "$LATEST", "CodeSha256": "xvrTdN3a7JL3yldmE69ylUp8u+U6CWA9Z5bkytOx3qs=", "FunctionName": "REM-VPC-Default-Security-Group", "MemorySize": 128, "RevisionId": "81ff29cf-9acb-49e7-8e00-05aeb0bdae5e", "CodeSize": 1291, "FunctionArn": "arn:aws:lambda:eu-west-1:043898046743:function:REM-VPC-Default-Security-Group", "Environment": {"Variables": {"EnableControl": "True", "SNS_TOPIC": "arn:aws:sns:eu-west-1:043898046743:AWS-Landing-Zone-Security-Notification"}}, "Handler": "lambda_function.lambda_handler", "Role": "arn:aws:iam::043898046743:role/csf-prod-security-remedia-LambdaExecutionRoleVPCDe-U23K914V79PM", "Timeout": 30, "LastModified": "2020-04-16T16:25:24.748+0000", "Runtime": "python3.7", "Description": "Responsive control to ensure VPC Default SG has no open ports"}, {"TracingConfig": {"Mode": "PassThrough"}, "Version": "$LATEST", "CodeSha256": "tUAyUw0jDBvzqgljUMc9mYrN+4im9uw71JfbH189t/A=", "FunctionName": "REM-Unused-IAM-Credentials", "MemorySize": 128, "RevisionId": "61f8094a-d5ec-4fda-ab11-674aa750626f", "CodeSize": 1492, "FunctionArn": "arn:aws:lambda:eu-west-1:043898046743:function:REM-Unused-IAM-Credentials", "Environment": {"Variables": {"EnableControl": "True", "SNS_TOPIC": "arn:aws:sns:eu-west-1:043898046743:AWS-Landing-Zone-Security-Notification"}}, "Handler": "lambda_function.lambda_handler", "Role": "arn:aws:iam::043898046743:role/csf-prod-security-remedia-LambdaExecutionRoleUnuse-D11EIJADTB0Y", "Timeout": 30, "LastModified": "2020-04-16T16:25:23.372+0000", "Runtime": "python3.7", "Description": "Responsive control to ensure unused IAM Credentials are disabled"}, {"TracingConfig": {"Mode": "PassThrough"}, "Version": "$LATEST", "CodeSha256": "/bs3z9hEdxSnvuTX5ElVALC+g38dHakupJ+Qh+yl1VY=", "FunctionName": "CreateEncryptedAMICopy", "MemorySize": 128, "RevisionId": "fde5a041-8bd8-4142-a983-7a8ea7c1809e", "CodeSize": 932, "FunctionArn": "arn:aws:lambda:eu-west-1:043898046743:function:CreateEncryptedAMICopy", "Environment": {"Variables": {"ASSUME_ROLE": "ChildAccountCreateEncryptedAmiCopyRole"}}, "Handler": "index.lambda_handler", "Role": "arn:aws:iam::043898046743:role/LambdaCreateEncryptedAmiCopyRole", "Timeout": 120, "LastModified": "2020-04-06T17:06:09.200+0000", "Runtime": "python3.7", "Description": "Creates an encrypted copy of a given AMI id using AWS EBS key"}, {"TracingConfig": {"Mode": "PassThrough"}, "Version": "$LATEST", "CodeSha256": "jHB2kdd+VL7np+8IU9qeUffUjn7/dfIplma/PMmcPw4=", "FunctionName": "Config-Support-Role", "MemorySize": 128, "RevisionId": "eb3fc99d-3375-4733-ab29-df0788be8612", "CodeSize": 1175, "FunctionArn": "arn:aws:lambda:eu-west-1:043898046743:function:Config-Support-Role", "Handler": "lambda_function.lambda_handler", "Role": "arn:aws:iam::043898046743:role/csf-prod-security-custom-LambdaExecutionRoleSuppo-1OFX3UFDSDI5J", "Timeout": 30, "LastModified": "2020-04-16T16:24:14.029+0000", "Runtime": "python3.7", "Description": "Monitor that a Support Role is setup"}, {"TracingConfig": {"Mode": "PassThrough"}, "Version": "$LATEST", "CodeSha256": "txqoutATNkuFEhRWWszctPjlcpqRYhtYjlHHHt6OhLI=", "FunctionName": "REM-IAM-User-Console-No-MFA", "MemorySize": 128, "RevisionId": "83f7bc38-d63f-4fcf-9485-7b35c488e8f0", "CodeSize": 1208, "FunctionArn": "arn:aws:lambda:eu-west-1:043898046743:function:REM-IAM-User-Console-No-MFA", "Environment": {"Variables": {"EnableControl": "True", "SNS_TOPIC": "arn:aws:sns:eu-west-1:043898046743:AWS-Landing-Zone-Security-Notification"}}, "Handler": "lambda_function.lambda_handler", "Role": "arn:aws:iam::043898046743:role/csf-prod-security-remedia-LambdaExecutionRoleIAMUs-NGKHSMV39GNP", "Timeout": 30, "LastModified": "2020-04-16T16:25:30.665+0000", "Runtime": "python3.7", "Description": "Responsive control to ensure IAM Users with Console access have MFA enabled"}, {"TracingConfig": {"Mode": "PassThrough"}, "Version": "$LATEST", "CodeSha256": "kQzKB0DGG0yC2FxWwZJHguPX4+JuYSJAiYJkzpvpwOw=", "FunctionName": "REM-Security-Group-Ingress-RDP", "MemorySize": 128, "RevisionId": "ddc9aae1-2c88-4389-b422-162ad2b5c9cf", "CodeSize": 1453, "FunctionArn": "arn:aws:lambda:eu-west-1:043898046743:function:REM-Security-Group-Ingress-RDP", "Environment": {"Variables": {"EnableControl": "True", "SNS_TOPIC": "arn:aws:sns:eu-west-1:043898046743:AWS-Landing-Zone-Security-Notification"}}, "Handler": "lambda_function.lambda_handler", "Role": "arn:aws:iam::043898046743:role/csf-prod-security-remedia-LambdaExecutionRoleIngre-1YRPL4BEAUPP", "Timeout": 30, "LastModified": "2020-04-16T16:25:25.172+0000", "Runtime": "python3.7", "Description": "Responsive control to ensure ingress RDP is blocked"}, {"TracingConfig": {"Mode": "PassThrough"}, "Version": "$LATEST", "CodeSha256": "3ORWHLIMC7M5euqkze7zUA/d17SkmH7oRyJdsGQj6No=", "FunctionName": "REM-Disabled-Cloudtrail", "MemorySize": 128, "RevisionId": "832e6279-0298-4f37-920d-e2a842655fd5", "CodeSize": 1552, "FunctionArn": "arn:aws:lambda:eu-west-1:043898046743:function:REM-Disabled-Cloudtrail", "Environment": {"Variables": {"DefaultCloudtrailName": "AWS-Landing-Zone-BaselineCloudTrail", "SNS_TOPIC": "arn:aws:sns:eu-west-1:043898046743:AWS-Landing-Zone-Security-Notification", "DefaultCloudwatchRoleArn": "arn:aws:iam::043898046743:role/StackSet-AWS-Landing-Zone-Baseli-TrailLogGroupRole-13OT9AXAK12VW", "DefaultCloudwatchLogGroupArn": "arn:aws:logs:us-east-1:043898046743:log-group:CloudTrail/Landing-Zone-Logs", "EnableCloudtrailLogfileValidation": "True", "EnableControl": "True", "EnforceDefaultMultiRegionTrail": "True", "EnforceGlobalServiceEventLogging": "True", "DefaultCloudtrailKMSKeyId": "arn:aws:kms:us-east-1:478999156681:key/2410f307-a77d-4573-8b4e-b12be88a3420", "DefaultCloudtrailS3BucketName": "aws-landing-zone-logs-031247562193-us-east-1", "EnforceDefaultTrailBindingToOrg": "True", "DefaultCloudtrailS3KeyPrefix": "o-8baopjpjb4"}}, "Handler": "lambda_function.lambda_handler", "Role": "arn:aws:iam::043898046743:role/csf-prod-security-remedia-LambdaExecutionRoleDisab-Z8Q35MPAJJ34", "Timeout": 30, "LastModified": "2020-04-16T16:25:27.869+0000", "Runtime": "python3.7", "Description": "Responsive control to ensure at least one cloudtrail exists on the account"}, {"TracingConfig": {"Mode": "PassThrough"}, "Version": "$LATEST", "CodeSha256": "d2mBkpxWmH5M+u/UoNbfbmJE4K1vWXWhB9TKnSJEj0s=", "FunctionName": "REM-Unencrypted-Cloudtrail", "MemorySize": 128, "RevisionId": "c11d166b-1305-4085-af27-5ca264c6420d", "CodeSize": 1223, "FunctionArn": "arn:aws:lambda:eu-west-1:043898046743:function:REM-Unencrypted-Cloudtrail", "Environment": {"Variables": {"KMS_KEY_ID": "arn:aws:kms:us-east-1:478999156681:key/2410f307-a77d-4573-8b4e-b12be88a3420", "EnableControl": "True", "SNS_TOPIC": "arn:aws:sns:eu-west-1:043898046743:AWS-Landing-Zone-Security-Notification"}}, "Handler": "lambda_function.lambda_handler", "Role": "arn:aws:iam::043898046743:role/csf-prod-security-remedia-LambdaExecutionRoleUnenc-12OR2ITWBUQRJ", "Timeout": 30, "LastModified": "2020-04-16T16:25:24.342+0000", "Runtime": "python3.7", "Description": "Responsive control to fix Unencrypted Cloudtrail logfiles"}, {"TracingConfig": {"Mode": "PassThrough"}, "Version": "$LATEST", "CodeSha256": "AwjZQWg+ccWBSl8GoLhCK4deMU/vr2jC7mlsnIMvtGg=", "FunctionName": "REM-VPC-Flow-Log-Enable", "MemorySize": 128, "RevisionId": "ae128bbd-09bc-4d65-9a63-c4e028681106", "CodeSize": 1236, "FunctionArn": "arn:aws:lambda:eu-west-1:043898046743:function:REM-VPC-Flow-Log-Enable", "Environment": {"Variables": {"EnableControl": "True", "SNS_TOPIC": "arn:aws:sns:eu-west-1:043898046743:AWS-Landing-Zone-Security-Notification"}}, "Handler": "lambda_function.lambda_handler", "Role": "arn:aws:iam::043898046743:role/csf-prod-security-remedia-LambdaExecutionRoleVPCFl-AVV62IKWI6HU", "Timeout": 30, "LastModified": "2020-04-16T16:25:25.876+0000", "Runtime": "python3.7", "Description": "Responsive control to ensure VPC Flow Log is enabled"}, {"TracingConfig": {"Mode": "PassThrough"}, "Version": "$LATEST", "CodeSha256": "DJF/tkerphr7cYoTUviK9QMw9F96U/mm97YNH+7ahvM=", "FunctionName": "REM-Cloudtrail-without-organization", "MemorySize": 128, "RevisionId": "391e6c13-f701-4b7a-a68f-0c20c444b386", "CodeSize": 1267, "FunctionArn": "arn:aws:lambda:eu-west-1:043898046743:function:REM-Cloudtrail-without-organization", "Environment": {"Variables": {"EnableControl": "True", "DefaultCloudtrailName": "AWS-Landing-Zone-BaselineCloudTrail", "SNS_TOPIC": "arn:aws:sns:eu-west-1:043898046743:AWS-Landing-Zone-Security-Notification"}}, "Handler": "lambda_function.lambda_handler", "Role": "arn:aws:iam::043898046743:role/csf-prod-security-remedia-LambdaExecutionRoleCloud-1BFXNTGDLACGQ", "Timeout": 30, "LastModified": "2020-04-16T16:25:22.928+0000", "Runtime": "python3.7", "Description": "Responsive control to fix Cloudtrails not bound to the organization"}, {"TracingConfig": {"Mode": "PassThrough"}, "Version": "$LATEST", "CodeSha256": "sipGAOWW6AKnJVy2qwfpd7oVWw8lLLQI1A+TzBQReZc=", "FunctionName": "REM-User-Attached-Managed-Policies", "MemorySize": 128, "RevisionId": "47110a04-4043-4836-8678-a3defb6a3e6a", "CodeSize": 1279, "FunctionArn": "arn:aws:lambda:eu-west-1:043898046743:function:REM-User-Attached-Managed-Policies", "Environment": {"Variables": {"EnableControl": "True", "SNS_TOPIC": "arn:aws:sns:eu-west-1:043898046743:AWS-Landing-Zone-Security-Notification"}}, "Handler": "lambda_function.lambda_handler", "Role": "arn:aws:iam::043898046743:role/csf-prod-security-remedia-LambdaExecutionRoleUserA-LOOBCB6TQ4S9", "Timeout": 30, "LastModified": "2020-04-16T16:25:24.970+0000", "Runtime": "python3.7", "Description": "Responsive control to ensure IAM Managed Policies are not attached to Users"}, {"TracingConfig": {"Mode": "PassThrough"}, "Version": "$LATEST", "CodeSha256": "J79SDdRHdSV/tusiq1mUgOmvxeew1Lt4o08wJmiBIv0=", "FunctionName": "LandingZoneLocalSNSNotificationForwarder", "MemorySize": 128, "RevisionId": "55d4a751-2671-4426-b364-e38b0a0c807b", "CodeSize": 473, "FunctionArn": "arn:aws:lambda:eu-west-1:043898046743:function:LandingZoneLocalSNSNotificationForwarder", "Environment": {"Variables": {"sns_arn": "arn:aws:sns:eu-west-1:478999156681:AWS-Landing-Zone-Aggregate-Security-Notifications"}}, "Handler": "index.lambda_handler", "Role": "arn:aws:iam::043898046743:role/StackSet-AWS-Landing-Zone-ForwardSnsNotificationLa-K624B2Q98YLK", "Timeout": 60, "LastModified": "2020-01-25T19:13:11.966+0000", "Runtime": "python3.6", "Description": "AWS Landing Zone SNS message forwarding function for aggregating account notifications."}, {"TracingConfig": {"Mode": "PassThrough"}, "Version": "$LATEST", "CodeSha256": "ZSuwhYFhDjkFfVXGj+pPv/qvjxSH+CvkaTAalraXb/0=", "FunctionName": "REM-RDS-public-instance-shutdown", "MemorySize": 128, "RevisionId": "0646a6ea-4526-4f02-a399-be16641d4723", "CodeSize": 1635, "FunctionArn": "arn:aws:lambda:eu-west-1:043898046743:function:REM-RDS-public-instance-shutdown", "Environment": {"Variables": {"EnableControl": "True", "SNS_TOPIC": "arn:aws:sns:eu-west-1:043898046743:AWS-Landing-Zone-Security-Notification"}}, "Handler": "lambda_function.lambda_handler", "Role": "arn:aws:iam::043898046743:role/csf-prod-security-remedia-LambdaExecutionRoleRDSPu-189R6EL7QQ2UM", "Timeout": 30, "LastModified": "2020-04-16T16:25:24.966+0000", "Runtime": "python3.7", "Description": "Responsive control to ensure public RDS instances are shut down."}, {"TracingConfig": {"Mode": "PassThrough"}, "Version": "$LATEST", "CodeSha256": "GDm8AWhFUopnf92riFSj+5OU0h6HOsM/vg5oQ+gZkVs=", "FunctionName": "REM-S3-Bucket-Access-Logs-Enabled", "MemorySize": 128, "RevisionId": "892d57f3-bbab-49ff-a4b1-56d5e5d7e7bc", "CodeSize": 1241, "FunctionArn": "arn:aws:lambda:eu-west-1:043898046743:function:REM-S3-Bucket-Access-Logs-Enabled", "Environment": {"Variables": {"ACCESS_LOG_S3_BUCKET": "TBD", "EnableControl": "True", "SNS_TOPIC": "arn:aws:sns:eu-west-1:043898046743:AWS-Landing-Zone-Security-Notification"}}, "Handler": "lambda_function.lambda_handler", "Role": "arn:aws:iam::043898046743:role/csf-prod-security-remedia-LambdaExecutionRoleS3Acc-16TWDTM79RDES", "Timeout": 30, "LastModified": "2020-04-16T16:25:24.405+0000", "Runtime": "python3.7", "Description": "Responsive control to ensure S3 Bucket Access Logs are enabled"}, {"TracingConfig": {"Mode": "PassThrough"}, "Version": "$LATEST", "CodeSha256": "nOIl0rKWGHdECcDAZgJZwH8enpRtqyR7ErQ9DFr/APk=", "FunctionName": "REM-Unvalidated-Cloudtrail-Logfiles", "MemorySize": 128, "RevisionId": "23549e64-2dec-4eb1-8d88-42d8b6c1c9a4", "CodeSize": 1371, "FunctionArn": "arn:aws:lambda:eu-west-1:043898046743:function:REM-Unvalidated-Cloudtrail-Logfiles", "Environment": {"Variables": {"EnableControl": "True", "SNS_TOPIC": "arn:aws:sns:eu-west-1:043898046743:AWS-Landing-Zone-Security-Notification"}}, "Handler": "lambda_function.lambda_handler", "Role": "arn:aws:iam::043898046743:role/csf-prod-security-remedia-LambdaExecutionRoleUnval-1D499XC5FTZHU", "Timeout": 30, "LastModified": "2020-04-16T16:25:23.911+0000", "Runtime": "python3.7", "Description": "Responsive control to fix unvalidated Cloudtrail logfiles"}, {"TracingConfig": {"Mode": "PassThrough"}, "Version": "$LATEST", "CodeSha256": "poOpPhDm9+YwAmj9WyXeH0XiHYf0gmmSZLb6Ct8b7Pc=", "FunctionName": "Config-WAF-central-logging", "MemorySize": 128, "RevisionId": "b9bde408-5db9-4c28-82be-cb88e51810f1", "CodeSize": 1560, "FunctionArn": "arn:aws:lambda:eu-west-1:043898046743:function:Config-WAF-central-logging", "Handler": "lambda_function.lambda_handler", "Role": "arn:aws:iam::043898046743:role/csf-prod-security-custom-co-LambdaExecutionRoleWAF-OG8RFTUPYPMO", "Timeout": 30, "LastModified": "2020-04-16T16:24:13.562+0000", "Runtime": "python3.7", "Description": "Monitor WAF's to ensure central logging is setup"}, {"TracingConfig": {"Mode": "PassThrough"}, "Version": "$LATEST", "CodeSha256": "II0TEmNh099NxPgdW3Jaq+AwnLZSL18S5wtCRX50NbA=", "FunctionName": "REM-KMS-Key-Rotation", "MemorySize": 128, "RevisionId": "6401aff4-2f38-457f-a16a-3334d8910d1c", "CodeSize": 1153, "FunctionArn": "arn:aws:lambda:eu-west-1:043898046743:function:REM-KMS-Key-Rotation", "Environment": {"Variables": {"EnableControl": "True", "SNS_TOPIC": "arn:aws:sns:eu-west-1:043898046743:AWS-Landing-Zone-Security-Notification"}}, "Handler": "lambda_function.lambda_handler", "Role": "arn:aws:iam::043898046743:role/csf-prod-security-remedia-LambdaExecutionRoleKMSKe-XNORGEVW1SN8", "Timeout": 30, "LastModified": "2020-04-16T16:25:24.263+0000", "Runtime": "python3.7", "Description": "Responsive control to ensure KMS Key Rotation is not disabled"}], "ResponseMetadata": {"RetryAttempts": 0, "HTTPStatusCode": 200, "RequestId": "eac64bc7-d004-4cb1-aa1f-72d1f796ea8f", "HTTPHeaders": {"date": "Tue, 19 May 2020 15:19:46 GMT", "x-amzn-requestid": "eac64bc7-d004-4cb1-aa1f-72d1f796ea8f", "content-length": "26670", "content-type": "application/json", "connection": "keep-alive"}}}}