{"region": "us-east-1", "operation": "ListFunctions", "service": "lambda", "response": {"Functions": [{"TracingConfig": {"Mode": "PassThrough"}, "Version": "$LATEST", "CodeSha256": "dxMyCld4MfAt1s5kw3l0WcZ+dTmqD8xwz8gqf/rfQcs=", "FunctionName": "migration-factory-test-schema-server", "MemorySize": 128, "RevisionId": "5401d3e9-61d2-4da7-aab7-bbb188b14e11", "CodeSize": 5476, "FunctionArn": "arn:aws:lambda:us-east-1:043898046743:function:migration-factory-test-schema-server", "Environment": {"Variables": {"environment": "test", "application": "migration-factory"}}, "Handler": "lambda_schema_server.lambda_handler", "Role": "arn:aws:iam::043898046743:role/migration-factory-test-lambda-role", "Timeout": 120, "LastModified": "2020-03-17T21:14:19.134+0000", "Runtime": "python3.6", "Description": ""}, {"TracingConfig": {"Mode": "PassThrough"}, "Version": "$LATEST", "CodeSha256": "j/URioW2LcDa43+9V6drIiijeoZg1jnjcejkJz9CVmU=", "FunctionName": "CreateEncryptedAMICopy", "MemorySize": 128, "RevisionId": "ad2121ed-2f45-45cb-82e5-b23a697d2ee3", "CodeSize": 932, "FunctionArn": "arn:aws:lambda:us-east-1:043898046743:function:CreateEncryptedAMICopy", "Environment": {"Variables": {"ASSUME_ROLE": "ChildAccountCreateEncryptedAmiCopyRole"}}, "Handler": "index.lambda_handler", "Role": "arn:aws:iam::043898046743:role/LambdaCreateEncryptedAmiCopyRole", "Timeout": 120, "LastModified": "2020-04-06T17:04:47.910+0000", "Runtime": "python3.7", "Description": "Creates an encrypted copy of a given AMI id using AWS EBS key"}, {"TracingConfig": {"Mode": "PassThrough"}, "Version": "$LATEST", "CodeSha256": "OotvQo4s79HHCC5MaYBrKhSuSapEOhO4g7g0Dmwlu04=", "FunctionName": "migration-factory-test-updatecode", "MemorySize": 128, "RevisionId": "4e22dbda-617a-4321-9bec-54939ac45201", "CodeSize": 454, "FunctionArn": "arn:aws:lambda:us-east-1:043898046743:function:migration-factory-test-updatecode", "Environment": {"Variables": {"environment": "test", "application": "migration-factory"}}, "Handler": "index.lambda_handler", "Role": "arn:aws:iam::043898046743:role/migration-factory-test-lambda-role", "Timeout": 300, "LastModified": "2020-03-17T21:14:18.761+0000", "Runtime": "python2.7", "Description": ""}, {"TracingConfig": {"Mode": "PassThrough"}, "Version": "$LATEST", "CodeSha256": "tUAyUw0jDBvzqgljUMc9mYrN+4im9uw71JfbH189t/A=", "FunctionName": "REM-Unused-IAM-Credentials", "MemorySize": 128, "RevisionId": "9c022acb-b229-4eb4-81da-9dd593f7162b", "CodeSize": 1492, "FunctionArn": "arn:aws:lambda:us-east-1:043898046743:function:REM-Unused-IAM-Credentials", "Environment": {"Variables": {"EnableControl": "True", "SNS_TOPIC": "arn:aws:sns:us-east-1:043898046743:AWS-Landing-Zone-Security-Notification"}}, "Handler": "lambda_function.lambda_handler", "Role": "arn:aws:iam::043898046743:role/csf-prod-security-remedia-LambdaExecutionRoleUnuse-1CI06FN2U3DL4", "Timeout": 30, "LastModified": "2020-04-16T16:28:34.324+0000", "Runtime": "python3.7", "Description": "Responsive control to ensure unused IAM Credentials are disabled"}, {"TracingConfig": {"Mode": "PassThrough"}, "Version": "$LATEST", "CodeSha256": "aHsE8Hm5Uz+k8PlbfGcwMKh3bluqQQOWqn9AKVELubA=", "FunctionName": "migration-factory-test-cognitogroups", "MemorySize": 128, "RevisionId": "d4530392-2bea-456c-8277-3b027de9ecfb", "CodeSize": 457, "FunctionArn": "arn:aws:lambda:us-east-1:043898046743:function:migration-factory-test-cognitogroups", "Environment": {"Variables": {"environment": "test", "application": "migration-factory", "userpool_id": "us-east-1_PIosq0aHm"}}, "Handler": "lambda_cognitogroups.lambda_handler", "Role": "arn:aws:iam::043898046743:role/migration-factory-test-lambda-role", "Timeout": 300, "LastModified": "2020-03-17T21:14:17.844+0000", "Runtime": "python3.6", "Description": ""}, {"TracingConfig": {"Mode": "PassThrough"}, "Version": "$LATEST", "CodeSha256": "sipGAOWW6AKnJVy2qwfpd7oVWw8lLLQI1A+TzBQReZc=", "FunctionName": "REM-User-Attached-Managed-Policies", "MemorySize": 128, "RevisionId": "2bd050e8-de58-4cfa-b3be-8a5d7d1bd6d0", "CodeSize": 1279, "FunctionArn": "arn:aws:lambda:us-east-1:043898046743:function:REM-User-Attached-Managed-Policies", "Environment": {"Variables": {"EnableControl": "True", "SNS_TOPIC": "arn:aws:sns:us-east-1:043898046743:AWS-Landing-Zone-Security-Notification"}}, "Handler": "lambda_function.lambda_handler", "Role": "arn:aws:iam::043898046743:role/csf-prod-security-remedia-LambdaExecutionRoleUserA-45DC9J5WNF7T", "Timeout": 30, "LastModified": "2020-04-16T16:28:41.271+0000", "Runtime": "python3.7", "Description": "Responsive control to ensure IAM Managed Policies are not attached to Users"}, {"TracingConfig": {"Mode": "PassThrough"}, "Version": "$LATEST", "CodeSha256": "poOpPhDm9+YwAmj9WyXeH0XiHYf0gmmSZLb6Ct8b7Pc=", "FunctionName": "Config-WAF-central-logging", "MemorySize": 128, "RevisionId": "0fa0ffc0-d014-4fd6-b140-dfb5e2a26c10", "CodeSize": 1560, "FunctionArn": "arn:aws:lambda:us-east-1:043898046743:function:Config-WAF-central-logging", "Handler": "lambda_function.lambda_handler", "Role": "arn:aws:iam::043898046743:role/csf-prod-security-custom-co-LambdaExecutionRoleWAF-ZX370QQ2WYAH", "Timeout": 30, "LastModified": "2020-04-16T16:27:28.347+0000", "Runtime": "python3.7", "Description": "Monitor WAF's to ensure central logging is setup"}, {"TracingConfig": {"Mode": "PassThrough"}, "Version": "$LATEST", "CodeSha256": "kQzKB0DGG0yC2FxWwZJHguPX4+JuYSJAiYJkzpvpwOw=", "FunctionName": "REM-Security-Group-Ingress-RDP", "MemorySize": 128, "RevisionId": "f4da1b1e-c6c3-48e6-9d11-e9aff51b4e81", "CodeSize": 1453, "FunctionArn": "arn:aws:lambda:us-east-1:043898046743:function:REM-Security-Group-Ingress-RDP", "Environment": {"Variables": {"EnableControl": "True", "SNS_TOPIC": "arn:aws:sns:us-east-1:043898046743:AWS-Landing-Zone-Security-Notification"}}, "Handler": "lambda_function.lambda_handler", "Role": "arn:aws:iam::043898046743:role/csf-prod-security-remedia-LambdaExecutionRoleIngre-18E3MEAXZP7X2", "Timeout": 30, "LastModified": "2020-04-16T16:28:34.976+0000", "Runtime": "python3.7", "Description": "Responsive control to ensure ingress RDP is blocked"}, {"TracingConfig": {"Mode": "PassThrough"}, "Version": "$LATEST", "CodeSha256": "AwjZQWg+ccWBSl8GoLhCK4deMU/vr2jC7mlsnIMvtGg=", "FunctionName": "REM-VPC-Flow-Log-Enable", "MemorySize": 128, "RevisionId": "36526959-edc2-4001-94f5-c92e3d9b678e", "CodeSize": 1236, "FunctionArn": "arn:aws:lambda:us-east-1:043898046743:function:REM-VPC-Flow-Log-Enable", "Environment": {"Variables": {"EnableControl": "True", "SNS_TOPIC": "arn:aws:sns:us-east-1:043898046743:AWS-Landing-Zone-Security-Notification"}}, "Handler": "lambda_function.lambda_handler", "Role": "arn:aws:iam::043898046743:role/csf-prod-security-remedia-LambdaExecutionRoleVPCFl-ZR8754MCOZY7", "Timeout": 30, "LastModified": "2020-04-16T16:28:35.132+0000", "Runtime": "python3.7", "Description": "Responsive control to ensure VPC Flow Log is enabled"}, {"TracingConfig": {"Mode": "PassThrough"}, "Version": "$LATEST", "CodeSha256": "yEumMtVqdjPgeQ+7cfUqZjM37j8c732p9CaULTksIf0=", "FunctionName": "migration-factory-test-reset", "MemorySize": 128, "RevisionId": "e7b2b868-5fb1-4419-a553-5699ce7427ca", "CodeSize": 730, "FunctionArn": "arn:aws:lambda:us-east-1:043898046743:function:migration-factory-test-reset", "Environment": {"Variables": {"environment": "test", "application": "migration-factory", "clientId": "5m289tndn92n0okuadptsp3d09"}}, "Handler": "lambda_reset.lambda_handler", "Role": "arn:aws:iam::043898046743:role/migration-factory-test-lambda-role", "Timeout": 120, "LastModified": "2020-03-17T21:14:19.382+0000", "Runtime": "python3.6", "Description": ""}, {"TracingConfig": {"Mode": "PassThrough"}, "Version": "$LATEST", "CodeSha256": "sCU2lDQIg+dYhImQgCovSRqyloycWCJM8pxnVICLksY=", "FunctionName": "REM-S3-SSL-Only-Requests", "MemorySize": 128, "RevisionId": "e7c58f9a-fe85-4c4a-9018-0023334632b5", "CodeSize": 1482, "FunctionArn": "arn:aws:lambda:us-east-1:043898046743:function:REM-S3-SSL-Only-Requests", "Environment": {"Variables": {"EnableControl": "True", "SNS_TOPIC": "arn:aws:sns:us-east-1:043898046743:AWS-Landing-Zone-Security-Notification"}}, "Handler": "lambda_function.lambda_handler", "Role": "arn:aws:iam::043898046743:role/csf-prod-security-remedia-LambdaExecutionRoleS3SSL-RC6CDZMESTK4", "Timeout": 30, "LastModified": "2020-04-16T16:28:35.195+0000", "Runtime": "python3.7", "Description": "Responsive control to ensure S3 only accepts SSL connections"}, {"TracingConfig": {"Mode": "PassThrough"}, "Version": "$LATEST", "CodeSha256": "g0eOa876igJMWmysiw9fMa4WsxoIwK9DlMTqYlNQ5Cg=", "FunctionName": "REM-IAM-Key-Rotation", "MemorySize": 128, "RevisionId": "2c572149-018a-4a4b-b2b9-97500078a28b", "CodeSize": 1587, "FunctionArn": "arn:aws:lambda:us-east-1:043898046743:function:REM-IAM-Key-Rotation", "Environment": {"Variables": {"EnableControl": "True", "MAX_DAYS_ACCESS_KEY_AGE": "90", "SNS_TOPIC": "arn:aws:sns:us-east-1:043898046743:AWS-Landing-Zone-Security-Notification"}}, "Handler": "lambda_function.lambda_handler", "Role": "arn:aws:iam::043898046743:role/csf-prod-security-remedia-LambdaExecutionRoleIAMKe-10G2W24GM1VYK", "Timeout": 30, "LastModified": "2020-04-16T16:28:42.557+0000", "Runtime": "python3.7", "Description": "Responsive control to ensure IAM Keys are rotated"}, {"TracingConfig": {"Mode": "PassThrough"}, "Version": "$LATEST", "CodeSha256": "DJF/tkerphr7cYoTUviK9QMw9F96U/mm97YNH+7ahvM=", "FunctionName": "REM-Cloudtrail-without-organization", "MemorySize": 128, "RevisionId": "da976e73-eb6a-466f-840c-3809feeb4639", "CodeSize": 1267, "FunctionArn": "arn:aws:lambda:us-east-1:043898046743:function:REM-Cloudtrail-without-organization", "Environment": {"Variables": {"EnableControl": "True", "DefaultCloudtrailName": "AWS-Landing-Zone-BaselineCloudTrail", "SNS_TOPIC": "arn:aws:sns:us-east-1:043898046743:AWS-Landing-Zone-Security-Notification"}}, "Handler": "lambda_function.lambda_handler", "Role": "arn:aws:iam::043898046743:role/csf-prod-security-remedia-LambdaExecutionRoleCloud-14NYE1MXS41K1", "Timeout": 30, "LastModified": "2020-04-16T16:28:35.575+0000", "Runtime": "python3.7", "Description": "Responsive control to fix Cloudtrails not bound to the organization"}, {"TracingConfig": {"Mode": "PassThrough"}, "Version": "$LATEST", "CodeSha256": "gbe1BB4UwVgQS5cYw7qmEoT7zNdbjOuzoPTK7qdwx0I=", "FunctionName": "migration-factory-test-waves", "MemorySize": 128, "RevisionId": "e1b8959f-5e59-4ce4-8894-5284d4527fa9", "CodeSize": 2553312, "FunctionArn": "arn:aws:lambda:us-east-1:043898046743:function:migration-factory-test-waves", "Environment": {"Variables": {"environment": "test", "application": "migration-factory", "region": "us-east-1", "userpool": "us-east-1_PIosq0aHm", "clientid": "5m289tndn92n0okuadptsp3d09"}}, "Handler": "lambda_waves.lambda_handler", "Role": "arn:aws:iam::043898046743:role/migration-factory-test-lambda-role", "Timeout": 120, "LastModified": "2020-03-17T21:14:18.888+0000", "Runtime": "python3.6", "Description": ""}, {"TracingConfig": {"Mode": "PassThrough"}, "Version": "$LATEST", "CodeSha256": "txqoutATNkuFEhRWWszctPjlcpqRYhtYjlHHHt6OhLI=", "FunctionName": "REM-IAM-User-Console-No-MFA", "MemorySize": 128, "RevisionId": "ab224c4f-82ac-44ff-8a1d-472b96d7004d", "CodeSize": 1208, "FunctionArn": "arn:aws:lambda:us-east-1:043898046743:function:REM-IAM-User-Console-No-MFA", "Environment": {"Variables": {"EnableControl": "True", "SNS_TOPIC": "arn:aws:sns:us-east-1:043898046743:AWS-Landing-Zone-Security-Notification"}}, "Handler": "lambda_function.lambda_handler", "Role": "arn:aws:iam::043898046743:role/csf-prod-security-remedia-LambdaExecutionRoleIAMUs-1FSP8AZ1C4YGK", "Timeout": 30, "LastModified": "2020-04-16T16:28:36.784+0000", "Runtime": "python3.7", "Description": "Responsive control to ensure IAM Users with Console access have MFA enabled"}, {"TracingConfig": {"Mode": "PassThrough"}, "Version": "$LATEST", "CodeSha256": "kVhp5CYmwNnys3XFipTdv+B+pk/aepZZ1396XMECQUI=", "FunctionName": "REM-Cloudtrail-without-log-group", "MemorySize": 128, "RevisionId": "5c423eda-d75a-44d1-8e56-8c2663162ea3", "CodeSize": 1275, "FunctionArn": "arn:aws:lambda:us-east-1:043898046743:function:REM-Cloudtrail-without-log-group", "Environment": {"Variables": {"DefaultCloudwatchRoleArn": "arn:aws:iam::043898046743:role/StackSet-AWS-Landing-Zone-Baseli-TrailLogGroupRole-13OT9AXAK12VW", "DefaultCloudwatchLogGroupArn": "arn:aws:logs:us-east-1:043898046743:log-group:CloudTrail/Landing-Zone-Logs", "EnableControl": "True", "SNS_TOPIC": "arn:aws:sns:us-east-1:043898046743:AWS-Landing-Zone-Security-Notification"}}, "Handler": "lambda_function.lambda_handler", "Role": "arn:aws:iam::043898046743:role/csf-prod-security-remedia-LambdaExecutionRoleCloud-1BY80MJPINTQL", "Timeout": 30, "LastModified": "2020-04-16T16:28:35.377+0000", "Runtime": "python3.7", "Description": "Responsive control to fix Cloudtrails not bound to a log group"}, {"TracingConfig": {"Mode": "PassThrough"}, "Version": "$LATEST", "CodeSha256": "x/c948Oqo3UGi+VKD5uVuAG4BM6R8GP3wbiOylNkXj0=", "FunctionName": "StackSet-AWS-Landing-Zone-IamPasswordPolicyCustomR-149Q1PXG81EIU", "MemorySize": 128, "RevisionId": "d081ab5b-a0b8-4987-8442-6fb95bb4c73e", "CodeSize": 2675, "FunctionArn": "arn:aws:lambda:us-east-1:043898046743:function:StackSet-AWS-Landing-Zone-IamPasswordPolicyCustomR-149Q1PXG81EIU", "Handler": "index.handler", "Role": "arn:aws:iam::043898046743:role/StackSet-AWS-Landing-Zone-Baseline-IamP-LambdaRole-1ES0MIMOTEU4M", "Timeout": 60, "LastModified": "2020-01-25T19:01:23.056+0000", "Runtime": "nodejs10.x", "Description": ""}, {"TracingConfig": {"Mode": "PassThrough"}, "Version": "$LATEST", "CodeSha256": "b3oCEa7sO78aFbhMVScO9bgOIkkO7wcWqlor5DD1XGg=", "FunctionName": "migration-factory-test-stage", "MemorySize": 128, "RevisionId": "30989355-03b7-4265-8828-6918e7bfe59f", "CodeSize": 5353, "FunctionArn": "arn:aws:lambda:us-east-1:043898046743:function:migration-factory-test-stage", "Environment": {"Variables": {"environment": "test", "application": "migration-factory"}}, "Handler": "lambda_stage.lambda_handler", "Role": "arn:aws:iam::043898046743:role/migration-factory-test-lambda-role", "Timeout": 120, "LastModified": "2020-03-17T21:14:18.987+0000", "Runtime": "python3.6", "Description": ""}, {"TracingConfig": {"Mode": "PassThrough"}, "Version": "$LATEST", "CodeSha256": "QIhpbQiej4mwMbj5Z0Yk17P2u9QiiiZ8xYbQekEj2AI=", "FunctionName": "migration-factory-test-role-item", "MemorySize": 128, "RevisionId": "582a1f39-3b13-469d-a499-9108684df660", "CodeSize": 5445, "FunctionArn": "arn:aws:lambda:us-east-1:043898046743:function:migration-factory-test-role-item", "Environment": {"Variables": {"environment": "test", "application": "migration-factory"}}, "Handler": "lambda_role_item.lambda_handler", "Role": "arn:aws:iam::043898046743:role/migration-factory-test-lambda-role", "Timeout": 120, "LastModified": "2020-03-17T21:14:19.910+0000", "Runtime": "python3.6", "Description": ""}, {"TracingConfig": {"Mode": "PassThrough"}, "Version": "$LATEST", "CodeSha256": "xRyM+avEGuckcZNVp3yxz+VVtXXVOxq/1dE4OQt3Sf8=", "FunctionName": "migration-factory-test-auth", "MemorySize": 128, "RevisionId": "e322bf5c-fa68-467d-bf27-b1ba29ffa1cb", "CodeSize": 2540143, "FunctionArn": "arn:aws:lambda:us-east-1:043898046743:function:migration-factory-test-auth", "Environment": {"Variables": {"environment": "test", "application": "migration-factory", "region": "us-east-1", "userpool": "us-east-1_PIosq0aHm", "clientid": "5m289tndn92n0okuadptsp3d09"}}, "Handler": "lambda_auth.lambda_handler", "Role": "arn:aws:iam::043898046743:role/migration-factory-test-lambda-role", "Timeout": 120, "LastModified": "2020-03-17T21:14:18.544+0000", "Runtime": "python3.6", "Description": ""}, {"TracingConfig": {"Mode": "PassThrough"}, "Version": "$LATEST", "CodeSha256": "VRTHrIW31o0FizL8wWSGW7bfxlyGp1+TPEkExzwtZPU=", "FunctionName": "migration-factory-test-servers", "MemorySize": 128, "RevisionId": "153a179f-a6c6-4c2e-b641-02dd5a48f5d7", "CodeSize": 2541169, "FunctionArn": "arn:aws:lambda:us-east-1:043898046743:function:migration-factory-test-servers", "Environment": {"Variables": {"environment": "test", "application": "migration-factory", "region": "us-east-1", "userpool": "us-east-1_PIosq0aHm", "clientid": "5m289tndn92n0okuadptsp3d09"}}, "Handler": "lambda_servers.lambda_handler", "Role": "arn:aws:iam::043898046743:role/migration-factory-test-lambda-role", "Timeout": 120, "LastModified": "2020-03-17T21:14:20.168+0000", "Runtime": "python3.6", "Description": ""}, {"TracingConfig": {"Mode": "PassThrough"}, "Version": "$LATEST", "CodeSha256": "xvrTdN3a7JL3yldmE69ylUp8u+U6CWA9Z5bkytOx3qs=", "FunctionName": "REM-VPC-Default-Security-Group", "MemorySize": 128, "RevisionId": "da3765ec-1609-46d1-97e7-3f8b2cdd8b9f", "CodeSize": 1291, "FunctionArn": "arn:aws:lambda:us-east-1:043898046743:function:REM-VPC-Default-Security-Group", "Environment": {"Variables": {"EnableControl": "True", "SNS_TOPIC": "arn:aws:sns:us-east-1:043898046743:AWS-Landing-Zone-Security-Notification"}}, "Handler": "lambda_function.lambda_handler", "Role": "arn:aws:iam::043898046743:role/csf-prod-security-remedia-LambdaExecutionRoleVPCDe-1QZBR8ES4W54M", "Timeout": 30, "LastModified": "2020-04-16T16:28:34.782+0000", "Runtime": "python3.7", "Description": "Responsive control to ensure VPC Default SG has no open ports"}, {"TracingConfig": {"Mode": "PassThrough"}, "Version": "$LATEST", "CodeSha256": "VyaFYudY753y6sFAEmaWNLFVJ/sIeIgoPT8R2R/z8xw=", "FunctionName": "REM-Password-Policy", "MemorySize": 128, "RevisionId": "aab614bf-b4e6-466a-9158-135d5e4a12db", "CodeSize": 1446, "FunctionArn": "arn:aws:lambda:us-east-1:043898046743:function:REM-Password-Policy", "Environment": {"Variables": {"EnableControl": "True", "SNS_TOPIC": "arn:aws:sns:us-east-1:043898046743:AWS-Landing-Zone-Security-Notification"}}, "Handler": "lambda_function.lambda_handler", "Role": "arn:aws:iam::043898046743:role/csf-prod-security-remedia-LambdaExecutionRolePassw-HZ60MWIOGDE0", "Timeout": 30, "LastModified": "2020-04-16T16:28:34.871+0000", "Runtime": "python3.7", "Description": "Responsive control to ensure account Password Policy is set"}, {"TracingConfig": {"Mode": "PassThrough"}, "Version": "$LATEST", "CodeSha256": "DsP3wDUobaxj20Y9+W9LgRxtuD9DKojaeAGetRcZ3Qw=", "FunctionName": "migration-factory-test-stage-attr", "MemorySize": 128, "RevisionId": "2ebaa451-cd31-4585-a097-37ee602d7f4e", "CodeSize": 5518, "FunctionArn": "arn:aws:lambda:us-east-1:043898046743:function:migration-factory-test-stage-attr", "Environment": {"Variables": {"environment": "test", "application": "migration-factory"}}, "Handler": "lambda_stage_attr.lambda_handler", "Role": "arn:aws:iam::043898046743:role/migration-factory-test-lambda-role", "Timeout": 120, "LastModified": "2020-03-17T21:14:17.544+0000", "Runtime": "python3.6", "Description": ""}, {"TracingConfig": {"Mode": "PassThrough"}, "Version": "$LATEST", "CodeSha256": "ZSuwhYFhDjkFfVXGj+pPv/qvjxSH+CvkaTAalraXb/0=", "FunctionName": "REM-RDS-public-instance-shutdown", "MemorySize": 128, "RevisionId": "7aa34406-14fa-415a-9954-5baab7c12a6e", "CodeSize": 1635, "FunctionArn": "arn:aws:lambda:us-east-1:043898046743:function:REM-RDS-public-instance-shutdown", "Environment": {"Variables": {"EnableControl": "True", "SNS_TOPIC": "arn:aws:sns:us-east-1:043898046743:AWS-Landing-Zone-Security-Notification"}}, "Handler": "lambda_function.lambda_handler", "Role": "arn:aws:iam::043898046743:role/csf-prod-security-remedia-LambdaExecutionRoleRDSPu-R0L7Z0CLQWSN", "Timeout": 30, "LastModified": "2020-04-16T16:28:34.871+0000", "Runtime": "python3.7", "Description": "Responsive control to ensure public RDS instances are shut down."}, {"TracingConfig": {"Mode": "PassThrough"}, "Version": "$LATEST", "CodeSha256": "N1EJYR1PwzTuTHywIa6duYgNy1hGZPrllUIbktyxQbA=", "FunctionName": "migration-factory-test-cloudendure", "MemorySize": 1024, "RevisionId": "b924fe53-6c6e-4c6d-9701-b85abdb0ee12", "CodeSize": 2944860, "FunctionArn": "arn:aws:lambda:us-east-1:043898046743:function:migration-factory-test-cloudendure", "Environment": {"Variables": {"environment": "test", "application": "migration-factory", "region": "us-east-1", "user_api": "1t4th6tfme", "login_api": "8pl7cj0s09"}}, "Handler": "CloudEndure.lambda_handler", "Role": "arn:aws:iam::043898046743:role/migration-factory-test-lambda-role", "Timeout": 300, "LastModified": "2020-03-17T21:14:19.970+0000", "Runtime": "python2.7", "Description": ""}, {"TracingConfig": {"Mode": "PassThrough"}, "Version": "$LATEST", "CodeSha256": "kkQkJJM8JfdWLSZiFMj+PhgFwfcnN4pDVVYHuQ3peAk=", "FunctionName": "migration-factory-test-ams-wig", "MemorySize": 128, "RevisionId": "f5b00d50-e094-4a49-aed9-6d69af8e29bb", "CodeSize": 2950106, "FunctionArn": "arn:aws:lambda:us-east-1:043898046743:function:migration-factory-test-ams-wig", "Environment": {"Variables": {"environment": "test", "AWS_DATA_PATH": "./models", "application": "migration-factory"}}, "Handler": "lambda_ams_wig.lambda_handler", "Role": "arn:aws:iam::043898046743:role/migration-factory-test-lambda-role", "Timeout": 300, "LastModified": "2020-03-17T21:14:19.211+0000", "Runtime": "python2.7", "Description": ""}, {"TracingConfig": {"Mode": "PassThrough"}, "Version": "$LATEST", "CodeSha256": "HhtuDwxX6gXjUy+2OG2iTGpQxL9KO6/CLfG7pQ4rGeQ=", "FunctionName": "LandingZoneLocalSNSNotificationForwarder", "MemorySize": 128, "RevisionId": "9a8820f6-1dd1-4971-af9a-6e2dbdad95e8", "CodeSize": 473, "FunctionArn": "arn:aws:lambda:us-east-1:043898046743:function:LandingZoneLocalSNSNotificationForwarder", "Environment": {"Variables": {"sns_arn": "arn:aws:sns:us-east-1:478999156681:AWS-Landing-Zone-Aggregate-Security-Notifications"}}, "Handler": "index.lambda_handler", "Role": "arn:aws:iam::043898046743:role/StackSet-AWS-Landing-Zone-ForwardSnsNotificationLa-9CG1PUFAJ16A", "Timeout": 60, "LastModified": "2020-01-25T19:19:24.138+0000", "Runtime": "python3.6", "Description": "AWS Landing Zone SNS message forwarding function for aggregating account notifications."}, {"TracingConfig": {"Mode": "PassThrough"}, "Version": "$LATEST", "CodeSha256": "II0TEmNh099NxPgdW3Jaq+AwnLZSL18S5wtCRX50NbA=", "FunctionName": "REM-KMS-Key-Rotation", "MemorySize": 128, "RevisionId": "27cdacef-a05a-464e-938e-153de7f9d843", "CodeSize": 1153, "FunctionArn": "arn:aws:lambda:us-east-1:043898046743:function:REM-KMS-Key-Rotation", "Environment": {"Variables": {"EnableControl": "True", "SNS_TOPIC": "arn:aws:sns:us-east-1:043898046743:AWS-Landing-Zone-Security-Notification"}}, "Handler": "lambda_function.lambda_handler", "Role": "arn:aws:iam::043898046743:role/csf-prod-security-remedia-LambdaExecutionRoleKMSKe-LBA81HLS6KLJ", "Timeout": 30, "LastModified": "2020-04-16T16:28:38.059+0000", "Runtime": "python3.7", "Description": "Responsive control to ensure KMS Key Rotation is not disabled"}, {"TracingConfig": {"Mode": "PassThrough"}, "Version": "$LATEST", "CodeSha256": "d2mBkpxWmH5M+u/UoNbfbmJE4K1vWXWhB9TKnSJEj0s=", "FunctionName": "REM-Unencrypted-Cloudtrail", "MemorySize": 128, "RevisionId": "e2e6d11f-3649-4b77-b2db-47040a98f427", "CodeSize": 1223, "FunctionArn": "arn:aws:lambda:us-east-1:043898046743:function:REM-Unencrypted-Cloudtrail", "Environment": {"Variables": {"KMS_KEY_ID": "arn:aws:kms:us-east-1:478999156681:key/2410f307-a77d-4573-8b4e-b12be88a3420", "EnableControl": "True", "SNS_TOPIC": "arn:aws:sns:us-east-1:043898046743:AWS-Landing-Zone-Security-Notification"}}, "Handler": "lambda_function.lambda_handler", "Role": "arn:aws:iam::043898046743:role/csf-prod-security-remedia-LambdaExecutionRoleUnenc-1T6PBEJY5HJG5", "Timeout": 30, "LastModified": "2020-04-16T16:28:35.137+0000", "Runtime": "python3.7", "Description": "Responsive control to fix Unencrypted Cloudtrail logfiles"}, {"TracingConfig": {"Mode": "PassThrough"}, "Version": "$LATEST", "CodeSha256": "SjFCk9bfcdO2OBeOXrsQz7SaKzXuPLCaTPMeYMXZ8i0=", "FunctionName": "migration-factory-test-app-item", "MemorySize": 128, "RevisionId": "e26644a0-d99c-4e87-bf2d-238373ce89cb", "CodeSize": 2547196, "FunctionArn": "arn:aws:lambda:us-east-1:043898046743:function:migration-factory-test-app-item", "Environment": {"Variables": {"environment": "test", "application": "migration-factory", "region": "us-east-1", "userpool": "us-east-1_PIosq0aHm", "clientid": "5m289tndn92n0okuadptsp3d09"}}, "Handler": "lambda_app_item.lambda_handler", "Role": "arn:aws:iam::043898046743:role/migration-factory-test-lambda-role", "Timeout": 120, "LastModified": "2020-03-17T21:14:19.248+0000", "Runtime": "python3.6", "Description": ""}, {"TracingConfig": {"Mode": "PassThrough"}, "Version": "$LATEST", "CodeSha256": "n5H1fqc/BLbNnzknBNHMoB+mMuLyoqRFBNtwfHVBwQY=", "FunctionName": "migration-factory-test-app-build", "MemorySize": 128, "RevisionId": "18f67d06-b5a3-40d1-adc2-8d573ed3d627", "CodeSize": 2529647, "FunctionArn": "arn:aws:lambda:us-east-1:043898046743:function:migration-factory-test-app-build", "Environment": {"Variables": {"SUBNET": "subnet-0efbb46377d374389", "FRONTEND_BUCKET": "migration-factory-test-043898046743-front-end", "APP_CLIENT_ID": "5m289tndn92n0okuadptsp3d09", "ADMIN_API": "8sqdxmdbw5", "USER_API": "1t4th6tfme", "USER_POOL_ID": "us-east-1_PIosq0aHm", "SOURCE_KEY": "frontend-code/v1.3.zip", "LOGIN_API": "8pl7cj0s09", "ECS_CLUSTER": "Stackset-AWS-Migration-Factory-FactoryBuild-1T074JSVVN1R4", "TOOLS_API": "z9gydfczeg", "VPC": "vpc-05dff179d55496415", "ECS_TASK": "arn:aws:ecs:us-east-1:043898046743:task-definition/Stackset-AWS-Migration-Factory-TaskDefinition-1JPSC09G9K9YO:1", "SG": "sg-0b3f7cb7fc78814ff", "SOURCE_BUCKET": "awsmigrationfactory"}}, "Handler": "lambda_build.lambda_handler", "Role": "arn:aws:iam::043898046743:role/migration-factory-test-lambda-role", "Timeout": 120, "LastModified": "2020-03-17T21:14:21.486+0000", "Runtime": "python3.6", "Description": ""}, {"TracingConfig": {"Mode": "PassThrough"}, "Version": "$LATEST", "CodeSha256": "u6SLlTHZZYq5M4qcP+GMg2J+yLxy5MAQ0OKBp0KxZO4=", "FunctionName": "migration-factory-test-apps", "MemorySize": 128, "RevisionId": "e0c2ae21-89d4-4f6b-b90d-863a2831016e", "CodeSize": 2541173, "FunctionArn": "arn:aws:lambda:us-east-1:043898046743:function:migration-factory-test-apps", "Environment": {"Variables": {"environment": "test", "application": "migration-factory", "region": "us-east-1", "userpool": "us-east-1_PIosq0aHm", "clientid": "5m289tndn92n0okuadptsp3d09"}}, "Handler": "lambda_apps.lambda_handler", "Role": "arn:aws:iam::043898046743:role/migration-factory-test-lambda-role", "Timeout": 120, "LastModified": "2020-03-17T21:14:19.548+0000", "Runtime": "python3.6", "Description": ""}, {"TracingConfig": {"Mode": "PassThrough"}, "Version": "$LATEST", "CodeSha256": "9f3mr/m4/qc4TNorxcp9kq3o50mjC+M6j6yCRJoFJsA=", "FunctionName": "migration-factory-test-server-item", "MemorySize": 128, "RevisionId": "a3e397d3-1fd2-4a25-967d-7c20e3fb4b23", "CodeSize": 2541462, "FunctionArn": "arn:aws:lambda:us-east-1:043898046743:function:migration-factory-test-server-item", "Environment": {"Variables": {"environment": "test", "application": "migration-factory", "region": "us-east-1", "userpool": "us-east-1_PIosq0aHm", "clientid": "5m289tndn92n0okuadptsp3d09"}}, "Handler": "lambda_server_item.lambda_handler", "Role": "arn:aws:iam::043898046743:role/migration-factory-test-lambda-role", "Timeout": 120, "LastModified": "2020-03-17T21:14:20.291+0000", "Runtime": "python3.6", "Description": ""}, {"TracingConfig": {"Mode": "PassThrough"}, "Version": "$LATEST", "CodeSha256": "4tTMok41LBH7RtP9zn1HdRwnS1Q0aRX+Q6NdgcM2FAg=", "FunctionName": "REM-S3-Bucket-Public-Read-Write", "MemorySize": 128, "RevisionId": "1a65dcb6-d9db-44b0-be4d-d1635ab2f2de", "CodeSize": 1369, "FunctionArn": "arn:aws:lambda:us-east-1:043898046743:function:REM-S3-Bucket-Public-Read-Write", "Environment": {"Variables": {"EnableControl": "True", "SNS_TOPIC": "arn:aws:sns:us-east-1:043898046743:AWS-Landing-Zone-Security-Notification"}}, "Handler": "lambda_function.lambda_handler", "Role": "arn:aws:iam::043898046743:role/csf-prod-security-remedia-LambdaExecutionRoleS3Pub-5QU5CEAUK4VF", "Timeout": 30, "LastModified": "2020-04-16T16:28:38.037+0000", "Runtime": "python3.7", "Description": "Responsive control to ensure S3 Bucket Public Read and Write is not enabled"}, {"TracingConfig": {"Mode": "PassThrough"}, "Version": "$LATEST", "CodeSha256": "hYJW11BxjHOBowapdRYVRTOjxawgO12I9KhVKeGKYz8=", "FunctionName": "migration-factory-test-schema-app", "MemorySize": 128, "RevisionId": "4c7b33d8-0885-4db6-9364-252339fece88", "CodeSize": 5522, "FunctionArn": "arn:aws:lambda:us-east-1:043898046743:function:migration-factory-test-schema-app", "Environment": {"Variables": {"environment": "test", "application": "migration-factory"}}, "Handler": "lambda_schema_app.lambda_handler", "Role": "arn:aws:iam::043898046743:role/migration-factory-test-lambda-role", "Timeout": 120, "LastModified": "2020-03-17T21:14:17.964+0000", "Runtime": "python3.6", "Description": ""}, {"TracingConfig": {"Mode": "PassThrough"}, "Version": "$LATEST", "CodeSha256": "JxxqP//MIk9eu4+6eHDvRvxQTJ4clOVKaj7X0ydMt5E=", "FunctionName": "REM-Config-Enable", "MemorySize": 128, "RevisionId": "d264489c-0078-4402-a736-222de2aefd5e", "CodeSize": 1074, "FunctionArn": "arn:aws:lambda:us-east-1:043898046743:function:REM-Config-Enable", "Environment": {"Variables": {"EnableControl": "True", "SNS_TOPIC": "arn:aws:sns:us-east-1:043898046743:AWS-Landing-Zone-Security-Notification"}}, "Handler": "lambda_function.lambda_handler", "Role": "arn:aws:iam::043898046743:role/csf-prod-security-remedia-LambdaExecutionRoleConfi-14RNKX9VDFK17", "Timeout": 30, "LastModified": "2020-04-16T16:35:45.751+0000", "Runtime": "python3.7", "Description": "Responsive control to ensure Config is enabled"}, {"TracingConfig": {"Mode": "PassThrough"}, "Version": "$LATEST", "CodeSha256": "bnCKKreSW5bm71zBYWKKver029hB9IXD1mAF9Xyj/e8=", "FunctionName": "migration-factory-test-default-schema", "MemorySize": 128, "RevisionId": "c051d6f1-fd79-489a-8d89-1142a1f9cc05", "CodeSize": 2543424, "FunctionArn": "arn:aws:lambda:us-east-1:043898046743:function:migration-factory-test-default-schema", "Environment": {"Variables": {"StageDynamoDBTable": "migration-factory-test-stage", "SchemaDynamoDBTable": "migration-factory-test-schema", "RoleDynamoDBTable": "migration-factory-test-roles"}}, "Handler": "lambda_defaultschema.lambda_handler", "Role": "arn:aws:iam::043898046743:role/migration-factory-test-lambda-role", "Timeout": 120, "LastModified": "2020-03-17T21:15:31.494+0000", "Runtime": "python3.6", "Description": ""}, {"TracingConfig": {"Mode": "PassThrough"}, "Version": "$LATEST", "CodeSha256": "jHB2kdd+VL7np+8IU9qeUffUjn7/dfIplma/PMmcPw4=", "FunctionName": "Config-Support-Role", "MemorySize": 128, "RevisionId": "edb650e8-69d0-456d-a065-d4ae9397136c", "CodeSize": 1175, "FunctionArn": "arn:aws:lambda:us-east-1:043898046743:function:Config-Support-Role", "Handler": "lambda_function.lambda_handler", "Role": "arn:aws:iam::043898046743:role/csf-prod-security-custom-LambdaExecutionRoleSuppo-IYGZQVY9KP5M", "Timeout": 30, "LastModified": "2020-04-16T16:27:28.125+0000", "Runtime": "python3.7", "Description": "Monitor that a Support Role is setup"}, {"TracingConfig": {"Mode": "PassThrough"}, "Version": "$LATEST", "CodeSha256": "GDm8AWhFUopnf92riFSj+5OU0h6HOsM/vg5oQ+gZkVs=", "FunctionName": "REM-S3-Bucket-Access-Logs-Enabled", "MemorySize": 128, "RevisionId": "503597c4-b5f2-4487-a3c8-699a8a2b1714", "CodeSize": 1241, "FunctionArn": "arn:aws:lambda:us-east-1:043898046743:function:REM-S3-Bucket-Access-Logs-Enabled", "Environment": {"Variables": {"ACCESS_LOG_S3_BUCKET": "TBD", "EnableControl": "True", "SNS_TOPIC": "arn:aws:sns:us-east-1:043898046743:AWS-Landing-Zone-Security-Notification"}}, "Handler": "lambda_function.lambda_handler", "Role": "arn:aws:iam::043898046743:role/csf-prod-security-remedia-LambdaExecutionRoleS3Acc-124H5YNIW1SUM", "Timeout": 30, "LastModified": "2020-04-16T16:28:35.736+0000", "Runtime": "python3.7", "Description": "Responsive control to ensure S3 Bucket Access Logs are enabled"}, {"TracingConfig": {"Mode": "PassThrough"}, "Version": "$LATEST", "CodeSha256": "0TwGO4ziowYAtLbAxVRg5CTGHb8IHNWWs9DpysUuDGQ=", "FunctionName": "migration-factory-test-login", "MemorySize": 128, "RevisionId": "50da8e02-cc64-4aa8-995c-aeccedcbbae8", "CodeSize": 634, "FunctionArn": "arn:aws:lambda:us-east-1:043898046743:function:migration-factory-test-login", "Environment": {"Variables": {"environment": "test", "application": "migration-factory", "clientId": "5m289tndn92n0okuadptsp3d09"}}, "Handler": "lambda_login.lambda_handler", "Role": "arn:aws:iam::043898046743:role/migration-factory-test-lambda-role", "Timeout": 120, "LastModified": "2020-03-17T21:14:18.818+0000", "Runtime": "python3.6", "Description": ""}, {"TracingConfig": {"Mode": "PassThrough"}, "Version": "$LATEST", "CodeSha256": "6hSYR8H+V2wmlMnMz0iHKLbEi9Rw8S3ZUdNUuEjOITg=", "FunctionName": "REM-IAM-Admin-Policy", "MemorySize": 128, "RevisionId": "6ac25c8a-c747-4cd3-8f0b-0ce4597d4efd", "CodeSize": 1530, "FunctionArn": "arn:aws:lambda:us-east-1:043898046743:function:REM-IAM-Admin-Policy", "Environment": {"Variables": {"EnableControl": "True", "SNS_TOPIC": "arn:aws:sns:us-east-1:043898046743:AWS-Landing-Zone-Security-Notification"}}, "Handler": "lambda_function.lambda_handler", "Role": "arn:aws:iam::043898046743:role/csf-prod-security-remedia-LambdaExecutionRoleIAMAd-19ZXA1H4VCX3F", "Timeout": 30, "LastModified": "2020-04-16T16:28:34.674+0000", "Runtime": "python3.7", "Description": "Responsive control to ensure now IAM Admin Policies are deleted"}, {"TracingConfig": {"Mode": "PassThrough"}, "Version": "$LATEST", "CodeSha256": "3ORWHLIMC7M5euqkze7zUA/d17SkmH7oRyJdsGQj6No=", "FunctionName": "REM-Disabled-Cloudtrail", "MemorySize": 128, "RevisionId": "3c54b670-48c3-4764-b6a8-bf30e674ca75", "CodeSize": 1552, "FunctionArn": "arn:aws:lambda:us-east-1:043898046743:function:REM-Disabled-Cloudtrail", "Environment": {"Variables": {"DefaultCloudtrailName": "AWS-Landing-Zone-BaselineCloudTrail", "SNS_TOPIC": "arn:aws:sns:us-east-1:043898046743:AWS-Landing-Zone-Security-Notification", "DefaultCloudwatchRoleArn": "arn:aws:iam::043898046743:role/StackSet-AWS-Landing-Zone-Baseli-TrailLogGroupRole-13OT9AXAK12VW", "DefaultCloudwatchLogGroupArn": "arn:aws:logs:us-east-1:043898046743:log-group:CloudTrail/Landing-Zone-Logs", "EnableCloudtrailLogfileValidation": "True", "EnableControl": "True", "EnforceDefaultMultiRegionTrail": "True", "EnforceGlobalServiceEventLogging": "True", "DefaultCloudtrailKMSKeyId": "arn:aws:kms:us-east-1:478999156681:key/2410f307-a77d-4573-8b4e-b12be88a3420", "DefaultCloudtrailS3BucketName": "aws-landing-zone-logs-031247562193-us-east-1", "EnforceDefaultTrailBindingToOrg": "True", "DefaultCloudtrailS3KeyPrefix": "o-8baopjpjb4"}}, "Handler": "lambda_function.lambda_handler", "Role": "arn:aws:iam::043898046743:role/csf-prod-security-remedia-LambdaExecutionRoleDisab-1HRGRMZJH2UJR", "Timeout": 30, "LastModified": "2020-04-16T16:28:35.051+0000", "Runtime": "python3.7", "Description": "Responsive control to ensure at least one cloudtrail exists on the account"}, {"TracingConfig": {"Mode": "PassThrough"}, "Version": "$LATEST", "CodeSha256": "NkZ4BwE15oSShejkOXQTQSik4Fpo0M+n4UJrwfEJQso=", "FunctionName": "REM-Security-Group-Ingress-SSH", "MemorySize": 128, "RevisionId": "4f2c9854-459a-4656-be84-f226b592a4be", "CodeSize": 1449, "FunctionArn": "arn:aws:lambda:us-east-1:043898046743:function:REM-Security-Group-Ingress-SSH", "Environment": {"Variables": {"EnableControl": "True", "SNS_TOPIC": "arn:aws:sns:us-east-1:043898046743:AWS-Landing-Zone-Security-Notification"}}, "Handler": "lambda_function.lambda_handler", "Role": "arn:aws:iam::043898046743:role/csf-prod-security-remedia-LambdaExecutionRoleIngre-K9S1WN00871M", "Timeout": 30, "LastModified": "2020-04-16T16:28:35.392+0000", "Runtime": "python3.7", "Description": "Responsive control to ensure ingress SSH is blocked"}, {"TracingConfig": {"Mode": "PassThrough"}, "Version": "$LATEST", "CodeSha256": "nOIl0rKWGHdECcDAZgJZwH8enpRtqyR7ErQ9DFr/APk=", "FunctionName": "REM-Unvalidated-Cloudtrail-Logfiles", "MemorySize": 128, "RevisionId": "9ecba5f4-9eb1-41de-9fd7-50f08575dee4", "CodeSize": 1371, "FunctionArn": "arn:aws:lambda:us-east-1:043898046743:function:REM-Unvalidated-Cloudtrail-Logfiles", "Environment": {"Variables": {"EnableControl": "True", "SNS_TOPIC": "arn:aws:sns:us-east-1:043898046743:AWS-Landing-Zone-Security-Notification"}}, "Handler": "lambda_function.lambda_handler", "Role": "arn:aws:iam::043898046743:role/csf-prod-security-remedia-LambdaExecutionRoleUnval-185E0Q5HUB8N8", "Timeout": 30, "LastModified": "2020-04-16T16:28:36.538+0000", "Runtime": "python3.7", "Description": "Responsive control to fix unvalidated Cloudtrail logfiles"}, {"TracingConfig": {"Mode": "PassThrough"}, "Version": "$LATEST", "CodeSha256": "1XJbgocMfVA6Rbd0kPVuqojjZhG3K3DnucTkbtLApLE=", "FunctionName": "REM-S3-Server-Side-Encryption", "MemorySize": 128, "RevisionId": "eab27dcd-9ed9-4080-acd4-0dd1125d16f1", "CodeSize": 1218, "FunctionArn": "arn:aws:lambda:us-east-1:043898046743:function:REM-S3-Server-Side-Encryption", "Environment": {"Variables": {"EnableControl": "True", "SNS_TOPIC": "arn:aws:sns:us-east-1:043898046743:AWS-Landing-Zone-Security-Notification"}}, "Handler": "lambda_function.lambda_handler", "Role": "arn:aws:iam::043898046743:role/csf-prod-security-remedia-LambdaExecutionRoleS3SSE-CG4PFVIWSKH0", "Timeout": 30, "LastModified": "2020-04-16T16:28:34.874+0000", "Runtime": "python3.7", "Description": "Responsive control to ensure S3 Server Side Encryption is enabled"}, {"TracingConfig": {"Mode": "PassThrough"}, "Version": "$LATEST", "CodeSha256": "uqjHVxKtdKD/Cnjix+VEvy0bwIa931Amtu4RzgMuvJs=", "FunctionName": "migration-factory-test-wave-item", "MemorySize": 128, "RevisionId": "2493b910-0f3e-48c3-8b1c-55246b482c8e", "CodeSize": 2553676, "FunctionArn": "arn:aws:lambda:us-east-1:043898046743:function:migration-factory-test-wave-item", "Environment": {"Variables": {"environment": "test", "application": "migration-factory", "region": "us-east-1", "userpool": "us-east-1_PIosq0aHm", "clientid": "5m289tndn92n0okuadptsp3d09"}}, "Handler": "lambda_wave_item.lambda_handler", "Role": "arn:aws:iam::043898046743:role/migration-factory-test-lambda-role", "Timeout": 120, "LastModified": "2020-03-17T21:14:19.228+0000", "Runtime": "python3.6", "Description": ""}, {"TracingConfig": {"Mode": "PassThrough"}, "Version": "$LATEST", "CodeSha256": "HBtHYrEcpJdh0PlMhkoeJ153M2odwEuwhngU/egm1oc=", "FunctionName": "migration-factory-test-role", "MemorySize": 128, "RevisionId": "69a8ef7f-4401-4aa1-ad60-452f9fc493ed", "CodeSize": 5193, "FunctionArn": "arn:aws:lambda:us-east-1:043898046743:function:migration-factory-test-role", "Environment": {"Variables": {"environment": "test", "application": "migration-factory"}}, "Handler": "lambda_role.lambda_handler", "Role": "arn:aws:iam::043898046743:role/migration-factory-test-lambda-role", "Timeout": 120, "LastModified": "2020-03-17T21:14:19.629+0000", "Runtime": "python3.6", "Description": ""}], "ResponseMetadata": {"RetryAttempts": 0, "HTTPStatusCode": 200, "RequestId": "bbd279ce-117f-42e4-85f3-b31475072b13", "HTTPHeaders": {"date": "Tue, 19 May 2020 15:19:52 GMT", "x-amzn-requestid": "bbd279ce-117f-42e4-85f3-b31475072b13", "content-length": "48963", "content-type": "application/json", "connection": "keep-alive"}}}}