{"region": "ap-southeast-1", "operation": "ListFunctions", "service": "lambda", "response": {"Functions": [{"TracingConfig": {"Mode": "PassThrough"}, "Version": "$LATEST", "CodeSha256": "1XJbgocMfVA6Rbd0kPVuqojjZhG3K3DnucTkbtLApLE=", "FunctionName": "REM-S3-Server-Side-Encryption", "MemorySize": 128, "RevisionId": "0a77c548-cd4c-4960-bed4-7ef5d36a5ea2", "CodeSize": 1218, "FunctionArn": "arn:aws:lambda:ap-southeast-1:043898046743:function:REM-S3-Server-Side-Encryption", "Environment": {"Variables": {"EnableControl": "True", "SNS_TOPIC": "arn:aws:sns:ap-southeast-1:043898046743:AWS-Landing-Zone-Security-Notification"}}, "Handler": "lambda_function.lambda_handler", "Role": "arn:aws:iam::043898046743:role/csf-prod-security-remedia-LambdaExecutionRoleS3SSE-XQCCYD6D7ZSW", "Timeout": 30, "LastModified": "2020-04-16T16:15:28.186+0000", "Runtime": "python3.7", "Description": "Responsive control to ensure S3 Server Side Encryption is enabled"}, {"TracingConfig": {"Mode": "PassThrough"}, "Version": "$LATEST", "CodeSha256": "poOpPhDm9+YwAmj9WyXeH0XiHYf0gmmSZLb6Ct8b7Pc=", "FunctionName": "Config-WAF-central-logging", "MemorySize": 128, "RevisionId": "b8761396-6e7d-4310-9de1-25efe85002ea", "CodeSize": 1560, "FunctionArn": "arn:aws:lambda:ap-southeast-1:043898046743:function:Config-WAF-central-logging", "Handler": "lambda_function.lambda_handler", "Role": "arn:aws:iam::043898046743:role/csf-prod-security-custom-co-LambdaExecutionRoleWAF-J95CT262NZZR", "Timeout": 30, "LastModified": "2020-04-16T16:14:09.056+0000", "Runtime": "python3.7", "Description": "Monitor WAF's to ensure central logging is setup"}, {"TracingConfig": {"Mode": "PassThrough"}, "Version": "$LATEST", "CodeSha256": "DJF/tkerphr7cYoTUviK9QMw9F96U/mm97YNH+7ahvM=", "FunctionName": "REM-Cloudtrail-without-organization", "MemorySize": 128, "RevisionId": "130b8bf6-b176-4ea5-a527-58c2dd70dbef", "CodeSize": 1267, "FunctionArn": "arn:aws:lambda:ap-southeast-1:043898046743:function:REM-Cloudtrail-without-organization", "Environment": {"Variables": {"EnableControl": "True", "DefaultCloudtrailName": "AWS-Landing-Zone-BaselineCloudTrail", "SNS_TOPIC": "arn:aws:sns:ap-southeast-1:043898046743:AWS-Landing-Zone-Security-Notification"}}, "Handler": "lambda_function.lambda_handler", "Role": "arn:aws:iam::043898046743:role/csf-prod-security-remedia-LambdaExecutionRoleCloud-1M6T1C6UW25IC", "Timeout": 30, "LastModified": "2020-04-16T16:15:23.413+0000", "Runtime": "python3.7", "Description": "Responsive control to fix Cloudtrails not bound to the organization"}, {"TracingConfig": {"Mode": "PassThrough"}, "Version": "$LATEST", "CodeSha256": "VZAWI7DWyOSBO0OSu2PeXCjhJoAYy/ZJIdQKa6xmtng=", "FunctionName": "CreateEncryptedAMICopy", "MemorySize": 128, "RevisionId": "1d0b8f29-76cc-4bd3-bd2b-c62977de6dc1", "CodeSize": 932, "FunctionArn": "arn:aws:lambda:ap-southeast-1:043898046743:function:CreateEncryptedAMICopy", "Environment": {"Variables": {"ASSUME_ROLE": "ChildAccountCreateEncryptedAmiCopyRole"}}, "Handler": "index.lambda_handler", "Role": "arn:aws:iam::043898046743:role/LambdaCreateEncryptedAmiCopyRole", "Timeout": 120, "LastModified": "2020-04-06T17:07:31.019+0000", "Runtime": "python3.7", "Description": "Creates an encrypted copy of a given AMI id using AWS EBS key"}, {"TracingConfig": {"Mode": "PassThrough"}, "Version": "$LATEST", "CodeSha256": "nOIl0rKWGHdECcDAZgJZwH8enpRtqyR7ErQ9DFr/APk=", "FunctionName": "REM-Unvalidated-Cloudtrail-Logfiles", "MemorySize": 128, "RevisionId": "86ba90c8-4d88-4f99-8839-26cf42fd5b0d", "CodeSize": 1371, "FunctionArn": "arn:aws:lambda:ap-southeast-1:043898046743:function:REM-Unvalidated-Cloudtrail-Logfiles", "Environment": {"Variables": {"EnableControl": "True", "SNS_TOPIC": "arn:aws:sns:ap-southeast-1:043898046743:AWS-Landing-Zone-Security-Notification"}}, "Handler": "lambda_function.lambda_handler", "Role": "arn:aws:iam::043898046743:role/csf-prod-security-remedia-LambdaExecutionRoleUnval-1VHRNUJZP17FR", "Timeout": 30, "LastModified": "2020-04-16T16:15:23.590+0000", "Runtime": "python3.7", "Description": "Responsive control to fix unvalidated Cloudtrail logfiles"}, {"TracingConfig": {"Mode": "PassThrough"}, "Version": "$LATEST", "CodeSha256": "sipGAOWW6AKnJVy2qwfpd7oVWw8lLLQI1A+TzBQReZc=", "FunctionName": "REM-User-Attached-Managed-Policies", "MemorySize": 128, "RevisionId": "3503a5f8-316e-483e-9165-cd4129447df5", "CodeSize": 1279, "FunctionArn": "arn:aws:lambda:ap-southeast-1:043898046743:function:REM-User-Attached-Managed-Policies", "Environment": {"Variables": {"EnableControl": "True", "SNS_TOPIC": "arn:aws:sns:ap-southeast-1:043898046743:AWS-Landing-Zone-Security-Notification"}}, "Handler": "lambda_function.lambda_handler", "Role": "arn:aws:iam::043898046743:role/csf-prod-security-remedia-LambdaExecutionRoleUserA-TGMJ5INECEEE", "Timeout": 30, "LastModified": "2020-04-16T16:15:23.802+0000", "Runtime": "python3.7", "Description": "Responsive control to ensure IAM Managed Policies are not attached to Users"}, {"TracingConfig": {"Mode": "PassThrough"}, "Version": "$LATEST", "CodeSha256": "NkZ4BwE15oSShejkOXQTQSik4Fpo0M+n4UJrwfEJQso=", "FunctionName": "REM-Security-Group-Ingress-SSH", "MemorySize": 128, "RevisionId": "ec82eee2-c468-48fc-b5c9-5dae6d73e95d", "CodeSize": 1449, "FunctionArn": "arn:aws:lambda:ap-southeast-1:043898046743:function:REM-Security-Group-Ingress-SSH", "Environment": {"Variables": {"EnableControl": "True", "SNS_TOPIC": "arn:aws:sns:ap-southeast-1:043898046743:AWS-Landing-Zone-Security-Notification"}}, "Handler": "lambda_function.lambda_handler", "Role": "arn:aws:iam::043898046743:role/csf-prod-security-remedia-LambdaExecutionRoleIngre-FBIHIIWCZF1H", "Timeout": 30, "LastModified": "2020-04-16T16:15:24.440+0000", "Runtime": "python3.7", "Description": "Responsive control to ensure ingress SSH is blocked"}, {"TracingConfig": {"Mode": "PassThrough"}, "Version": "$LATEST", "CodeSha256": "II0TEmNh099NxPgdW3Jaq+AwnLZSL18S5wtCRX50NbA=", "FunctionName": "REM-KMS-Key-Rotation", "MemorySize": 128, "RevisionId": "39933f9b-caca-480e-a5be-3770bb2c1fb0", "CodeSize": 1153, "FunctionArn": "arn:aws:lambda:ap-southeast-1:043898046743:function:REM-KMS-Key-Rotation", "Environment": {"Variables": {"EnableControl": "True", "SNS_TOPIC": "arn:aws:sns:ap-southeast-1:043898046743:AWS-Landing-Zone-Security-Notification"}}, "Handler": "lambda_function.lambda_handler", "Role": "arn:aws:iam::043898046743:role/csf-prod-security-remedia-LambdaExecutionRoleKMSKe-Z92W6J1SZ0H3", "Timeout": 30, "LastModified": "2020-04-16T16:15:31.232+0000", "Runtime": "python3.7", "Description": "Responsive control to ensure KMS Key Rotation is not disabled"}, {"TracingConfig": {"Mode": "PassThrough"}, "Version": "$LATEST", "CodeSha256": "ZSuwhYFhDjkFfVXGj+pPv/qvjxSH+CvkaTAalraXb/0=", "FunctionName": "REM-RDS-public-instance-shutdown", "MemorySize": 128, "RevisionId": "00b048a8-b89b-4d8a-bb69-c1ceb4264f84", "CodeSize": 1635, "FunctionArn": "arn:aws:lambda:ap-southeast-1:043898046743:function:REM-RDS-public-instance-shutdown", "Environment": {"Variables": {"EnableControl": "True", "SNS_TOPIC": "arn:aws:sns:ap-southeast-1:043898046743:AWS-Landing-Zone-Security-Notification"}}, "Handler": "lambda_function.lambda_handler", "Role": "arn:aws:iam::043898046743:role/csf-prod-security-remedia-LambdaExecutionRoleRDSPu-6MMKN43EJ1KD", "Timeout": 30, "LastModified": "2020-04-16T16:15:23.970+0000", "Runtime": "python3.7", "Description": "Responsive control to ensure public RDS instances are shut down."}, {"TracingConfig": {"Mode": "PassThrough"}, "Version": "$LATEST", "CodeSha256": "jHB2kdd+VL7np+8IU9qeUffUjn7/dfIplma/PMmcPw4=", "FunctionName": "Config-Support-Role", "MemorySize": 128, "RevisionId": "0d2809b2-b22b-4215-a958-5530862329fb", "CodeSize": 1175, "FunctionArn": "arn:aws:lambda:ap-southeast-1:043898046743:function:Config-Support-Role", "Handler": "lambda_function.lambda_handler", "Role": "arn:aws:iam::043898046743:role/csf-prod-security-custom-LambdaExecutionRoleSuppo-TL39BLRO4ZQS", "Timeout": 30, "LastModified": "2020-04-16T16:14:09.689+0000", "Runtime": "python3.7", "Description": "Monitor that a Support Role is setup"}, {"TracingConfig": {"Mode": "PassThrough"}, "Version": "$LATEST", "CodeSha256": "6hSYR8H+V2wmlMnMz0iHKLbEi9Rw8S3ZUdNUuEjOITg=", "FunctionName": "REM-IAM-Admin-Policy", "MemorySize": 128, "RevisionId": "f52ae996-6552-4757-98f2-600ed21d5d57", "CodeSize": 1530, "FunctionArn": "arn:aws:lambda:ap-southeast-1:043898046743:function:REM-IAM-Admin-Policy", "Environment": {"Variables": {"EnableControl": "True", "SNS_TOPIC": "arn:aws:sns:ap-southeast-1:043898046743:AWS-Landing-Zone-Security-Notification"}}, "Handler": "lambda_function.lambda_handler", "Role": "arn:aws:iam::043898046743:role/csf-prod-security-remedia-LambdaExecutionRoleIAMAd-1HU128ZGUD6WG", "Timeout": 30, "LastModified": "2020-04-16T16:15:24.544+0000", "Runtime": "python3.7", "Description": "Responsive control to ensure now IAM Admin Policies are deleted"}, {"TracingConfig": {"Mode": "PassThrough"}, "Version": "$LATEST", "CodeSha256": "kVhp5CYmwNnys3XFipTdv+B+pk/aepZZ1396XMECQUI=", "FunctionName": "REM-Cloudtrail-without-log-group", "MemorySize": 128, "RevisionId": "5367f9d0-3d14-4e5b-a017-6d7a6cfd4f95", "CodeSize": 1275, "FunctionArn": "arn:aws:lambda:ap-southeast-1:043898046743:function:REM-Cloudtrail-without-log-group", "Environment": {"Variables": {"DefaultCloudwatchRoleArn": "arn:aws:iam::043898046743:role/StackSet-AWS-Landing-Zone-Baseli-TrailLogGroupRole-13OT9AXAK12VW", "DefaultCloudwatchLogGroupArn": "arn:aws:logs:us-east-1:043898046743:log-group:CloudTrail/Landing-Zone-Logs", "EnableControl": "True", "SNS_TOPIC": "arn:aws:sns:ap-southeast-1:043898046743:AWS-Landing-Zone-Security-Notification"}}, "Handler": "lambda_function.lambda_handler", "Role": "arn:aws:iam::043898046743:role/csf-prod-security-remedia-LambdaExecutionRoleCloud-VEMYMKNJT8FE", "Timeout": 30, "LastModified": "2020-04-16T16:15:24.644+0000", "Runtime": "python3.7", "Description": "Responsive control to fix Cloudtrails not bound to a log group"}, {"TracingConfig": {"Mode": "PassThrough"}, "Version": "$LATEST", "CodeSha256": "txqoutATNkuFEhRWWszctPjlcpqRYhtYjlHHHt6OhLI=", "FunctionName": "REM-IAM-User-Console-No-MFA", "MemorySize": 128, "RevisionId": "c45af317-1c2e-4f1e-ad52-f45999b47648", "CodeSize": 1208, "FunctionArn": "arn:aws:lambda:ap-southeast-1:043898046743:function:REM-IAM-User-Console-No-MFA", "Environment": {"Variables": {"EnableControl": "True", "SNS_TOPIC": "arn:aws:sns:ap-southeast-1:043898046743:AWS-Landing-Zone-Security-Notification"}}, "Handler": "lambda_function.lambda_handler", "Role": "arn:aws:iam::043898046743:role/csf-prod-security-remedia-LambdaExecutionRoleIAMUs-1NW0XRZCEISFU", "Timeout": 30, "LastModified": "2020-04-16T16:15:23.277+0000", "Runtime": "python3.7", "Description": "Responsive control to ensure IAM Users with Console access have MFA enabled"}, {"TracingConfig": {"Mode": "PassThrough"}, "Version": "$LATEST", "CodeSha256": "neGgHl+VDuDhuXJ+MfxtNPDG4M8kXPh6i5uEjrQbWeQ=", "FunctionName": "LandingZoneLocalSNSNotificationForwarder", "MemorySize": 128, "RevisionId": "b77f7f21-2fc7-4674-b91c-bf6d91e32d14", "CodeSize": 473, "FunctionArn": "arn:aws:lambda:ap-southeast-1:043898046743:function:LandingZoneLocalSNSNotificationForwarder", "Environment": {"Variables": {"sns_arn": "arn:aws:sns:ap-southeast-1:478999156681:AWS-Landing-Zone-Aggregate-Security-Notifications"}}, "Handler": "index.lambda_handler", "Role": "arn:aws:iam::043898046743:role/StackSet-AWS-Landing-Zone-ForwardSnsNotificationLa-1U3N4IZTOO3RC", "Timeout": 60, "LastModified": "2020-01-25T19:07:10.663+0000", "Runtime": "python3.6", "Description": "AWS Landing Zone SNS message forwarding function for aggregating account notifications."}, {"TracingConfig": {"Mode": "PassThrough"}, "Version": "$LATEST", "CodeSha256": "3ORWHLIMC7M5euqkze7zUA/d17SkmH7oRyJdsGQj6No=", "FunctionName": "REM-Disabled-Cloudtrail", "MemorySize": 128, "RevisionId": "ce77724d-4aaf-4d4f-8d57-b96cbc31ef66", "CodeSize": 1552, "FunctionArn": "arn:aws:lambda:ap-southeast-1:043898046743:function:REM-Disabled-Cloudtrail", "Environment": {"Variables": {"DefaultCloudtrailName": "AWS-Landing-Zone-BaselineCloudTrail", "SNS_TOPIC": "arn:aws:sns:ap-southeast-1:043898046743:AWS-Landing-Zone-Security-Notification", "DefaultCloudwatchRoleArn": "arn:aws:iam::043898046743:role/StackSet-AWS-Landing-Zone-Baseli-TrailLogGroupRole-13OT9AXAK12VW", "DefaultCloudwatchLogGroupArn": "arn:aws:logs:us-east-1:043898046743:log-group:CloudTrail/Landing-Zone-Logs", "EnableCloudtrailLogfileValidation": "True", "EnableControl": "True", "EnforceDefaultMultiRegionTrail": "True", "EnforceGlobalServiceEventLogging": "True", "DefaultCloudtrailKMSKeyId": "arn:aws:kms:us-east-1:478999156681:key/2410f307-a77d-4573-8b4e-b12be88a3420", "DefaultCloudtrailS3BucketName": "aws-landing-zone-logs-031247562193-us-east-1", "EnforceDefaultTrailBindingToOrg": "True", "DefaultCloudtrailS3KeyPrefix": "o-8baopjpjb4"}}, "Handler": "lambda_function.lambda_handler", "Role": "arn:aws:iam::043898046743:role/csf-prod-security-remedia-LambdaExecutionRoleDisab-CELLIXE8UAXA", "Timeout": 30, "LastModified": "2020-04-16T16:15:23.919+0000", "Runtime": "python3.7", "Description": "Responsive control to ensure at least one cloudtrail exists on the account"}, {"TracingConfig": {"Mode": "PassThrough"}, "Version": "$LATEST", "CodeSha256": "4tTMok41LBH7RtP9zn1HdRwnS1Q0aRX+Q6NdgcM2FAg=", "FunctionName": "REM-S3-Bucket-Public-Read-Write", "MemorySize": 128, "RevisionId": "93ceef1e-12e2-4ba0-b1cc-a0f7c6780ca8", "CodeSize": 1369, "FunctionArn": "arn:aws:lambda:ap-southeast-1:043898046743:function:REM-S3-Bucket-Public-Read-Write", "Environment": {"Variables": {"EnableControl": "True", "SNS_TOPIC": "arn:aws:sns:ap-southeast-1:043898046743:AWS-Landing-Zone-Security-Notification"}}, "Handler": "lambda_function.lambda_handler", "Role": "arn:aws:iam::043898046743:role/csf-prod-security-remedia-LambdaExecutionRoleS3Pub-72QVSINP1BXI", "Timeout": 30, "LastModified": "2020-04-16T16:15:24.078+0000", "Runtime": "python3.7", "Description": "Responsive control to ensure S3 Bucket Public Read and Write is not enabled"}, {"TracingConfig": {"Mode": "PassThrough"}, "Version": "$LATEST", "CodeSha256": "sCU2lDQIg+dYhImQgCovSRqyloycWCJM8pxnVICLksY=", "FunctionName": "REM-S3-SSL-Only-Requests", "MemorySize": 128, "RevisionId": "6c235518-cd1d-41d2-b2ab-b5a97987bce2", "CodeSize": 1482, "FunctionArn": "arn:aws:lambda:ap-southeast-1:043898046743:function:REM-S3-SSL-Only-Requests", "Environment": {"Variables": {"EnableControl": "True", "SNS_TOPIC": "arn:aws:sns:ap-southeast-1:043898046743:AWS-Landing-Zone-Security-Notification"}}, "Handler": "lambda_function.lambda_handler", "Role": "arn:aws:iam::043898046743:role/csf-prod-security-remedia-LambdaExecutionRoleS3SSL-G5Z16ZXMED23", "Timeout": 30, "LastModified": "2020-04-16T16:15:32.924+0000", "Runtime": "python3.7", "Description": "Responsive control to ensure S3 only accepts SSL connections"}, {"TracingConfig": {"Mode": "PassThrough"}, "Version": "$LATEST", "CodeSha256": "kQzKB0DGG0yC2FxWwZJHguPX4+JuYSJAiYJkzpvpwOw=", "FunctionName": "REM-Security-Group-Ingress-RDP", "MemorySize": 128, "RevisionId": "d54846f1-fcf2-4457-8ad4-72c3f441d159", "CodeSize": 1453, "FunctionArn": "arn:aws:lambda:ap-southeast-1:043898046743:function:REM-Security-Group-Ingress-RDP", "Environment": {"Variables": {"EnableControl": "True", "SNS_TOPIC": "arn:aws:sns:ap-southeast-1:043898046743:AWS-Landing-Zone-Security-Notification"}}, "Handler": "lambda_function.lambda_handler", "Role": "arn:aws:iam::043898046743:role/csf-prod-security-remedia-LambdaExecutionRoleIngre-1DN0K7YA63EG3", "Timeout": 30, "LastModified": "2020-04-16T16:15:29.961+0000", "Runtime": "python3.7", "Description": "Responsive control to ensure ingress RDP is blocked"}, {"TracingConfig": {"Mode": "PassThrough"}, "Version": "$LATEST", "CodeSha256": "d2mBkpxWmH5M+u/UoNbfbmJE4K1vWXWhB9TKnSJEj0s=", "FunctionName": "REM-Unencrypted-Cloudtrail", "MemorySize": 128, "RevisionId": "dc434918-2d33-4a80-84f3-afea4ad32414", "CodeSize": 1223, "FunctionArn": "arn:aws:lambda:ap-southeast-1:043898046743:function:REM-Unencrypted-Cloudtrail", "Environment": {"Variables": {"KMS_KEY_ID": "arn:aws:kms:us-east-1:478999156681:key/2410f307-a77d-4573-8b4e-b12be88a3420", "EnableControl": "True", "SNS_TOPIC": "arn:aws:sns:ap-southeast-1:043898046743:AWS-Landing-Zone-Security-Notification"}}, "Handler": "lambda_function.lambda_handler", "Role": "arn:aws:iam::043898046743:role/csf-prod-security-remedia-LambdaExecutionRoleUnenc-TSB7VHPJ0932", "Timeout": 30, "LastModified": "2020-04-16T16:15:24.089+0000", "Runtime": "python3.7", "Description": "Responsive control to fix Unencrypted Cloudtrail logfiles"}, {"TracingConfig": {"Mode": "PassThrough"}, "Version": "$LATEST", "CodeSha256": "AwjZQWg+ccWBSl8GoLhCK4deMU/vr2jC7mlsnIMvtGg=", "FunctionName": "REM-VPC-Flow-Log-Enable", "MemorySize": 128, "RevisionId": "3f246907-88a6-4244-b704-d446ff47dad0", "CodeSize": 1236, "FunctionArn": "arn:aws:lambda:ap-southeast-1:043898046743:function:REM-VPC-Flow-Log-Enable", "Environment": {"Variables": {"EnableControl": "True", "SNS_TOPIC": "arn:aws:sns:ap-southeast-1:043898046743:AWS-Landing-Zone-Security-Notification"}}, "Handler": "lambda_function.lambda_handler", "Role": "arn:aws:iam::043898046743:role/csf-prod-security-remedia-LambdaExecutionRoleVPCFl-1V96TK99OARJR", "Timeout": 30, "LastModified": "2020-04-16T16:15:23.557+0000", "Runtime": "python3.7", "Description": "Responsive control to ensure VPC Flow Log is enabled"}, {"TracingConfig": {"Mode": "PassThrough"}, "Version": "$LATEST", "CodeSha256": "g0eOa876igJMWmysiw9fMa4WsxoIwK9DlMTqYlNQ5Cg=", "FunctionName": "REM-IAM-Key-Rotation", "MemorySize": 128, "RevisionId": "00a3c89f-e7e1-416b-a514-acbbf863b777", "CodeSize": 1587, "FunctionArn": "arn:aws:lambda:ap-southeast-1:043898046743:function:REM-IAM-Key-Rotation", "Environment": {"Variables": {"EnableControl": "True", "MAX_DAYS_ACCESS_KEY_AGE": "90", "SNS_TOPIC": "arn:aws:sns:ap-southeast-1:043898046743:AWS-Landing-Zone-Security-Notification"}}, "Handler": "lambda_function.lambda_handler", "Role": "arn:aws:iam::043898046743:role/csf-prod-security-remedia-LambdaExecutionRoleIAMKe-B6YJ4N2XC2S3", "Timeout": 30, "LastModified": "2020-04-16T16:15:23.805+0000", "Runtime": "python3.7", "Description": "Responsive control to ensure IAM Keys are rotated"}, {"TracingConfig": {"Mode": "PassThrough"}, "Version": "$LATEST", "CodeSha256": "tUAyUw0jDBvzqgljUMc9mYrN+4im9uw71JfbH189t/A=", "FunctionName": "REM-Unused-IAM-Credentials", "MemorySize": 128, "RevisionId": "864a2a1e-8c0b-4b86-a75e-cdcc0594fb0c", "CodeSize": 1492, "FunctionArn": "arn:aws:lambda:ap-southeast-1:043898046743:function:REM-Unused-IAM-Credentials", "Environment": {"Variables": {"EnableControl": "True", "SNS_TOPIC": "arn:aws:sns:ap-southeast-1:043898046743:AWS-Landing-Zone-Security-Notification"}}, "Handler": "lambda_function.lambda_handler", "Role": "arn:aws:iam::043898046743:role/csf-prod-security-remedia-LambdaExecutionRoleUnuse-1Q0JZW842PZWA", "Timeout": 30, "LastModified": "2020-04-16T16:15:23.444+0000", "Runtime": "python3.7", "Description": "Responsive control to ensure unused IAM Credentials are disabled"}, {"TracingConfig": {"Mode": "PassThrough"}, "Version": "$LATEST", "CodeSha256": "GDm8AWhFUopnf92riFSj+5OU0h6HOsM/vg5oQ+gZkVs=", "FunctionName": "REM-S3-Bucket-Access-Logs-Enabled", "MemorySize": 128, "RevisionId": "00773c94-0628-4cc9-846e-231a61258b8e", "CodeSize": 1241, "FunctionArn": "arn:aws:lambda:ap-southeast-1:043898046743:function:REM-S3-Bucket-Access-Logs-Enabled", "Environment": {"Variables": {"ACCESS_LOG_S3_BUCKET": "TBD", "EnableControl": "True", "SNS_TOPIC": "arn:aws:sns:ap-southeast-1:043898046743:AWS-Landing-Zone-Security-Notification"}}, "Handler": "lambda_function.lambda_handler", "Role": "arn:aws:iam::043898046743:role/csf-prod-security-remedia-LambdaExecutionRoleS3Acc-VWBFESZD56HM", "Timeout": 30, "LastModified": "2020-04-16T16:15:31.612+0000", "Runtime": "python3.7", "Description": "Responsive control to ensure S3 Bucket Access Logs are enabled"}, {"TracingConfig": {"Mode": "PassThrough"}, "Version": "$LATEST", "CodeSha256": "xvrTdN3a7JL3yldmE69ylUp8u+U6CWA9Z5bkytOx3qs=", "FunctionName": "REM-VPC-Default-Security-Group", "MemorySize": 128, "RevisionId": "9f8a0c83-4be7-4e79-8d1e-929afeaa10fd", "CodeSize": 1291, "FunctionArn": "arn:aws:lambda:ap-southeast-1:043898046743:function:REM-VPC-Default-Security-Group", "Environment": {"Variables": {"EnableControl": "True", "SNS_TOPIC": "arn:aws:sns:ap-southeast-1:043898046743:AWS-Landing-Zone-Security-Notification"}}, "Handler": "lambda_function.lambda_handler", "Role": "arn:aws:iam::043898046743:role/csf-prod-security-remedia-LambdaExecutionRoleVPCDe-MGE9GAHBFXCZ", "Timeout": 30, "LastModified": "2020-04-16T16:15:32.943+0000", "Runtime": "python3.7", "Description": "Responsive control to ensure VPC Default SG has no open ports"}, {"TracingConfig": {"Mode": "PassThrough"}, "Version": "$LATEST", "CodeSha256": "VyaFYudY753y6sFAEmaWNLFVJ/sIeIgoPT8R2R/z8xw=", "FunctionName": "REM-Password-Policy", "MemorySize": 128, "RevisionId": "68796388-1505-41e4-9679-8976bf726815", "CodeSize": 1446, "FunctionArn": "arn:aws:lambda:ap-southeast-1:043898046743:function:REM-Password-Policy", "Environment": {"Variables": {"EnableControl": "True", "SNS_TOPIC": "arn:aws:sns:ap-southeast-1:043898046743:AWS-Landing-Zone-Security-Notification"}}, "Handler": "lambda_function.lambda_handler", "Role": "arn:aws:iam::043898046743:role/csf-prod-security-remedia-LambdaExecutionRolePassw-1N1G0C2ZTOR8P", "Timeout": 30, "LastModified": "2020-04-16T16:15:24.208+0000", "Runtime": "python3.7", "Description": "Responsive control to ensure account Password Policy is set"}], "ResponseMetadata": {"RetryAttempts": 0, "HTTPStatusCode": 200, "RequestId": "2b83c07b-e9b0-414f-99ec-2bfeb59e6f42", "HTTPHeaders": {"date": "Tue, 19 May 2020 15:19:48 GMT", "x-amzn-requestid": "2b83c07b-e9b0-414f-99ec-2bfeb59e6f42", "content-length": "26905", "content-type": "application/json", "connection": "keep-alive"}}}}