{"region": "us-east-1", "operation": "DescribeResourcePolicies", "service": "logs", "response": {"resourcePolicies": [{"policyName": "AllowCloudWatchOnLogGroup", "policyDocument": "{\"Version\":\"2012-10-17\",\"Statement\":[{\"Sid\":\"TrustEventsToStoreLogEvent\",\"Effect\":\"Allow\",\"Principal\":{\"Service\":[\"delivery.logs.amazonaws.com\",\"events.amazonaws.com\"]},\"Action\":[\"logs:CreateLogStream\",\"logs:PutLogEvents\"],\"Resource\":\"arn:aws:logs:us-east-1:043898046743:log-group:/aws/events/*:*\"}]}", "lastUpdatedTime": 1589818738090}, {"policyName": "TrustEventsToStoreLogEvents", "policyDocument": "{\"Version\":\"2012-10-17\",\"Statement\":[{\"Sid\":\"TrustEventsToStoreLogEvent\",\"Effect\":\"Allow\",\"Principal\":{\"Service\":[\"delivery.logs.amazonaws.com\",\"events.amazonaws.com\"]},\"Action\":[\"logs:CreateLogStream\",\"logs:PutLogEvents\"],\"Resource\":\"arn:aws:logs:us-east-1:043898046743:log-group:/aws/events/*:*\"}]}", "lastUpdatedTime": 1585227224262}], "ResponseMetadata": {"RetryAttempts": 0, "HTTPStatusCode": 200, "RequestId": "745aa643-1ad2-4520-bb0c-8aa2ef3e559c", "HTTPHeaders": {"x-amzn-requestid": "745aa643-1ad2-4520-bb0c-8aa2ef3e559c", "date": "Tue, 19 May 2020 15:19:24 GMT", "content-length": "878", "content-type": "application/x-amz-json-1.1"}}}}