{"region": "ap-east-1", "operation": "DescribeLogGroups", "service": "logs", "response": {"ResponseMetadata": {"RetryAttempts": 0, "HTTPStatusCode": 200, "RequestId": "4377b33d-43ff-4112-8f6c-7b1246d71aa5", "HTTPHeaders": {"x-amzn-requestid": "4377b33d-43ff-4112-8f6c-7b1246d71aa5", "date": "Tue, 19 May 2020 15:18:44 GMT", "content-length": "949", "content-type": "application/x-amz-json-1.1"}}, "logGroups": [{"storedBytes": 0, "metricFilterCount": 0, "creationTime": 1588199957100, "logGroupName": "/aws/events/GuardDutyFindings", "retentionInDays": 90, "arn": "arn:aws:logs:ap-east-1:043898046743:log-group:/aws/events/GuardDutyFindings:*"}, {"storedBytes": 0, "metricFilterCount": 0, "creationTime": 1588199957017, "logGroupName": "/aws/events/IAMDetect", "retentionInDays": 14, "arn": "arn:aws:logs:ap-east-1:043898046743:log-group:/aws/events/IAMDetect:*"}, {"storedBytes": 0, "metricFilterCount": 0, "creationTime": 1588199957056, "logGroupName": "/aws/events/NetDetect", "retentionInDays": 14, "arn": "arn:aws:logs:ap-east-1:043898046743:log-group:/aws/events/NetDetect:*"}, {"arn": "arn:aws:logs:ap-east-1:043898046743:log-group:/aws/lambda/Security-Baseline-Enable-EnableEBSEncryptionFunct-12VPW7NKLYEC1:*", "creationTime": 1588781756702, "metricFilterCount": 0, "logGroupName": "/aws/lambda/Security-Baseline-Enable-EnableEBSEncryptionFunct-12VPW7NKLYEC1", "storedBytes": 1271}]}}