{"region": "eu-central-1", "operation": "DescribeLogGroups", "service": "logs", "response": {"ResponseMetadata": {"RetryAttempts": 0, "HTTPStatusCode": 200, "RequestId": "04e025dc-f4dc-4d29-b37f-4c1afacbaac6", "HTTPHeaders": {"x-amzn-requestid": "04e025dc-f4dc-4d29-b37f-4c1afacbaac6", "date": "Tue, 19 May 2020 15:19:40 GMT", "content-length": "2281", "content-type": "application/x-amz-json-1.1"}}, "logGroups": [{"storedBytes": 3986, "metricFilterCount": 0, "creationTime": 1585362529288, "logGroupName": "/aws/events/GuardDutyFindings", "retentionInDays": 90, "arn": "arn:aws:logs:eu-central-1:043898046743:log-group:/aws/events/GuardDutyFindings:*"}, {"storedBytes": 0, "metricFilterCount": 0, "creationTime": 1585362529257, "logGroupName": "/aws/events/IAMDetect", "retentionInDays": 14, "arn": "arn:aws:logs:eu-central-1:043898046743:log-group:/aws/events/IAMDetect:*"}, {"storedBytes": 0, "metricFilterCount": 0, "creationTime": 1585362529377, "logGroupName": "/aws/events/NetDetect", "retentionInDays": 14, "arn": "arn:aws:logs:eu-central-1:043898046743:log-group:/aws/events/NetDetect:*"}, {"arn": "arn:aws:logs:eu-central-1:043898046743:log-group:/aws/lambda/Config-Support-Role:*", "creationTime": 1587054080216, "metricFilterCount": 0, "logGroupName": "/aws/lambda/Config-Support-Role", "storedBytes": 1115090}, {"arn": "arn:aws:logs:eu-central-1:043898046743:log-group:/aws/lambda/Config-WAF-central-logging:*", "creationTime": 1587054080225, "metricFilterCount": 0, "logGroupName": "/aws/lambda/Config-WAF-central-logging", "storedBytes": 144458}, {"storedBytes": 0, "metricFilterCount": 0, "creationTime": 1579979499228, "logGroupName": "/aws/lambda/LandingZoneLocalSNSNotificationForwarder", "retentionInDays": 14, "arn": "arn:aws:logs:eu-central-1:043898046743:log-group:/aws/lambda/LandingZoneLocalSNSNotificationForwarder:*"}, {"arn": "arn:aws:logs:eu-central-1:043898046743:log-group:/aws/lambda/StackSet-AWS-Landing-Zone-Baseline-CloudWat-Lambda-9LOADKAYME69:*", "creationTime": 1585449539326, "metricFilterCount": 0, "logGroupName": "/aws/lambda/StackSet-AWS-Landing-Zone-Baseline-CloudWat-Lambda-9LOADKAYME69", "storedBytes": 1161}, {"arn": "arn:aws:logs:eu-central-1:043898046743:log-group:/aws/lambda/StackSet-enableEBSdefault-EnableEBSEncryptionFunct-1SM64J68CRTJ4:*", "creationTime": 1585791860081, "metricFilterCount": 0, "logGroupName": "/aws/lambda/StackSet-enableEBSdefault-EnableEBSEncryptionFunct-1SM64J68CRTJ4", "storedBytes": 1308}, {"arn": "arn:aws:logs:eu-central-1:043898046743:log-group:/aws/lambda/StackSet-enableEBSdefault-EnableEBSEncryptionFunct-JN4PSZ5GVYDS:*", "creationTime": 1589318909030, "metricFilterCount": 0, "logGroupName": "/aws/lambda/StackSet-enableEBSdefault-EnableEBSEncryptionFunct-JN4PSZ5GVYDS", "storedBytes": 1247}]}}