{"region": "us-east-1", "operation": "DescribeLogGroups", "service": "logs", "response": {"nextToken": "CloudTrail/Landing-Zone-Logs", "ResponseMetadata": {"RetryAttempts": 0, "HTTPStatusCode": 200, "RequestId": "0a6263c5-d689-4835-aadc-27fec5c6688c", "HTTPHeaders": {"x-amzn-requestid": "0a6263c5-d689-4835-aadc-27fec5c6688c", "date": "Tue, 19 May 2020 15:18:57 GMT", "content-length": "11524", "content-type": "application/x-amz-json-1.1"}}, "logGroups": [{"storedBytes": 13465, "metricFilterCount": 0, "creationTime": 1585357635441, "logGroupName": "/aws/events/GuardDutyFindings", "retentionInDays": 90, "arn": "arn:aws:logs:us-east-1:043898046743:log-group:/aws/events/GuardDutyFindings:*"}, {"storedBytes": 1316316, "metricFilterCount": 0, "creationTime": 1585357635560, "logGroupName": "/aws/events/IAMDetect", "retentionInDays": 14, "arn": "arn:aws:logs:us-east-1:043898046743:log-group:/aws/events/IAMDetect:*"}, {"storedBytes": 0, "metricFilterCount": 0, "creationTime": 1585357635144, "logGroupName": "/aws/events/NetDetect", "retentionInDays": 14, "arn": "arn:aws:logs:us-east-1:043898046743:log-group:/aws/events/NetDetect:*"}, {"arn": "arn:aws:logs:us-east-1:043898046743:log-group:/aws/lambda/AMSAllRegionS3BucketResourceHandler:*", "creationTime": 1580153942119, "metricFilterCount": 0, "logGroupName": "/aws/lambda/AMSAllRegionS3BucketResourceHandler", "storedBytes": 15935}, {"arn": "arn:aws:logs:us-east-1:043898046743:log-group:/aws/lambda/AMSCloudWatchLogsLogGroupLimit:*", "creationTime": 1580157557265, "metricFilterCount": 0, "logGroupName": "/aws/lambda/AMSCloudWatchLogsLogGroupLimit", "storedBytes": 207942}, {"arn": "arn:aws:logs:us-east-1:043898046743:log-group:/aws/lambda/AMSDirectoryServiceEventTopicSubscriber:*", "creationTime": 1580245697529, "metricFilterCount": 0, "logGroupName": "/aws/lambda/AMSDirectoryServiceEventTopicSubscriber", "storedBytes": 7547}, {"arn": "arn:aws:logs:us-east-1:043898046743:log-group:/aws/lambda/AMSEC2AlarmManager:*", "creationTime": 1580157080873, "metricFilterCount": 0, "logGroupName": "/aws/lambda/AMSEC2AlarmManager", "storedBytes": 389765}, {"arn": "arn:aws:logs:us-east-1:043898046743:log-group:/aws/lambda/AMSEC2CWAlarmCleanup:*", "creationTime": 1580246238653, "metricFilterCount": 0, "logGroupName": "/aws/lambda/AMSEC2CWAlarmCleanup", "storedBytes": 12687}, {"arn": "arn:aws:logs:us-east-1:043898046743:log-group:/aws/lambda/AMSEPSAPIKeyManager:*", "creationTime": 1580348759620, "metricFilterCount": 0, "logGroupName": "/aws/lambda/AMSEPSAPIKeyManager", "storedBytes": 1920}, {"arn": "arn:aws:logs:us-east-1:043898046743:log-group:/aws/lambda/AMSEPSAlertMetrics:*", "creationTime": 1580349462367, "metricFilterCount": 0, "logGroupName": "/aws/lambda/AMSEPSAlertMetrics", "storedBytes": 645815}, {"arn": "arn:aws:logs:us-east-1:043898046743:log-group:/aws/lambda/AMSEPSComputerMetrics:*", "creationTime": 1580349463441, "metricFilterCount": 0, "logGroupName": "/aws/lambda/AMSEPSComputerMetrics", "storedBytes": 650725}, {"arn": "arn:aws:logs:us-east-1:043898046743:log-group:/aws/lambda/AMSEPSCredentialSync:*", "creationTime": 1580348422064, "metricFilterCount": 0, "logGroupName": "/aws/lambda/AMSEPSCredentialSync", "storedBytes": 1751}, {"arn": "arn:aws:logs:us-east-1:043898046743:log-group:/aws/lambda/AMSEPSDeleteAPIKeyLambda:*", "creationTime": 1580861064009, "metricFilterCount": 0, "logGroupName": "/aws/lambda/AMSEPSDeleteAPIKeyLambda", "storedBytes": 1049}, {"arn": "arn:aws:logs:us-east-1:043898046743:log-group:/aws/lambda/AMSEPSGenerateAPIKeyLambda:*", "creationTime": 1580348760615, "metricFilterCount": 0, "logGroupName": "/aws/lambda/AMSEPSGenerateAPIKeyLambda", "storedBytes": 4725}, {"arn": "arn:aws:logs:us-east-1:043898046743:log-group:/aws/lambda/AMSEPSMetricsManager:*", "creationTime": 1580349459651, "metricFilterCount": 0, "logGroupName": "/aws/lambda/AMSEPSMetricsManager", "storedBytes": 2064708}, {"arn": "arn:aws:logs:us-east-1:043898046743:log-group:/aws/lambda/AMSMMSSNSTopicManager:*", "creationTime": 1580153465701, "metricFilterCount": 0, "logGroupName": "/aws/lambda/AMSMMSSNSTopicManager", "storedBytes": 2546}, {"storedBytes": 16744215, "metricFilterCount": 0, "creationTime": 1580153588509, "logGroupName": "/aws/lambda/AMSMonitoringCanary", "retentionInDays": 180, "arn": "arn:aws:logs:us-east-1:043898046743:log-group:/aws/lambda/AMSMonitoringCanary:*"}, {"arn": "arn:aws:logs:us-east-1:043898046743:log-group:/aws/lambda/AMSMonitoringCanaryLogRetention:*", "creationTime": 1580153523377, "metricFilterCount": 0, "logGroupName": "/aws/lambda/AMSMonitoringCanaryLogRetention", "storedBytes": 2030}, {"arn": "arn:aws:logs:us-east-1:043898046743:log-group:/aws/lambda/AMSRDSEvents:*", "creationTime": 1580347467343, "metricFilterCount": 0, "logGroupName": "/aws/lambda/AMSRDSEvents", "storedBytes": 53553}, {"arn": "arn:aws:logs:us-east-1:043898046743:log-group:/aws/lambda/Config-Support-Role:*", "creationTime": 1587054605392, "metricFilterCount": 0, "logGroupName": "/aws/lambda/Config-Support-Role", "storedBytes": 1550637}, {"arn": "arn:aws:logs:us-east-1:043898046743:log-group:/aws/lambda/Config-WAF-central-logging:*", "creationTime": 1587054607359, "metricFilterCount": 0, "logGroupName": "/aws/lambda/Config-WAF-central-logging", "storedBytes": 207166}, {"arn": "arn:aws:logs:us-east-1:043898046743:log-group:/aws/lambda/Deactivate-Internet-Gateway:*", "creationTime": 1584136830698, "metricFilterCount": 0, "logGroupName": "/aws/lambda/Deactivate-Internet-Gateway", "storedBytes": 11303}, {"arn": "arn:aws:logs:us-east-1:043898046743:log-group:/aws/lambda/ImageBuilderRoles-Win16LambdaFunction-3K0W8SA02F9W:*", "creationTime": 1589494161940, "metricFilterCount": 0, "logGroupName": "/aws/lambda/ImageBuilderRoles-Win16LambdaFunction-3K0W8SA02F9W", "storedBytes": 8112}, {"storedBytes": 285598, "metricFilterCount": 0, "creationTime": 1579979964636, "logGroupName": "/aws/lambda/LandingZoneLocalSNSNotificationForwarder", "retentionInDays": 14, "arn": "arn:aws:logs:us-east-1:043898046743:log-group:/aws/lambda/LandingZoneLocalSNSNotificationForwarder:*"}, {"arn": "arn:aws:logs:us-east-1:043898046743:log-group:/aws/lambda/REM-Config-Enable:*", "creationTime": 1588201148255, "metricFilterCount": 0, "logGroupName": "/aws/lambda/REM-Config-Enable", "storedBytes": 473}, {"arn": "arn:aws:logs:us-east-1:043898046743:log-group:/aws/lambda/REM-IAM-Admin-Policy:*", "creationTime": 1588340664304, "metricFilterCount": 0, "logGroupName": "/aws/lambda/REM-IAM-Admin-Policy", "storedBytes": 894}, {"arn": "arn:aws:logs:us-east-1:043898046743:log-group:/aws/lambda/REM-S3-Bucket-Access-Logs-Enabled:*", "creationTime": 1589391637671, "metricFilterCount": 0, "logGroupName": "/aws/lambda/REM-S3-Bucket-Access-Logs-Enabled", "storedBytes": 445}, {"arn": "arn:aws:logs:us-east-1:043898046743:log-group:/aws/lambda/REM-S3-Bucket-Public-Read-Write:*", "creationTime": 1589391638768, "metricFilterCount": 0, "logGroupName": "/aws/lambda/REM-S3-Bucket-Public-Read-Write", "storedBytes": 457}, {"arn": "arn:aws:logs:us-east-1:043898046743:log-group:/aws/lambda/REM-S3-SSL-Only-Requests:*", "creationTime": 1589391637849, "metricFilterCount": 0, "logGroupName": "/aws/lambda/REM-S3-SSL-Only-Requests", "storedBytes": 742}, {"arn": "arn:aws:logs:us-east-1:043898046743:log-group:/aws/lambda/REM-S3-Server-Side-Encryption:*", "creationTime": 1589391638820, "metricFilterCount": 0, "logGroupName": "/aws/lambda/REM-S3-Server-Side-Encryption", "storedBytes": 743}, {"arn": "arn:aws:logs:us-east-1:043898046743:log-group:/aws/lambda/REM-VPC-Default-Security-Group:*", "creationTime": 1588123409834, "metricFilterCount": 0, "logGroupName": "/aws/lambda/REM-VPC-Default-Security-Group", "storedBytes": 298}, {"arn": "arn:aws:logs:us-east-1:043898046743:log-group:/aws/lambda/REM-VPC-Flow-Log-Enable:*", "creationTime": 1588340477433, "metricFilterCount": 0, "logGroupName": "/aws/lambda/REM-VPC-Flow-Log-Enable", "storedBytes": 297}, {"arn": "arn:aws:logs:us-east-1:043898046743:log-group:/aws/lambda/StackSet-AWS-Landing-Zone-Baseline-CloudWat-Lambda-3MFLPWW9QWDO:*", "creationTime": 1585449760701, "metricFilterCount": 0, "logGroupName": "/aws/lambda/StackSet-AWS-Landing-Zone-Baseline-CloudWat-Lambda-3MFLPWW9QWDO", "storedBytes": 2330}, {"storedBytes": 0, "metricFilterCount": 0, "creationTime": 1579978886331, "logGroupName": "/aws/lambda/StackSet-AWS-Landing-Zone-IamPasswordPolicyCustomR-149Q1PXG81EIU", "retentionInDays": 14, "arn": "arn:aws:logs:us-east-1:043898046743:log-group:/aws/lambda/StackSet-AWS-Landing-Zone-IamPasswordPolicyCustomR-149Q1PXG81EIU:*"}, {"arn": "arn:aws:logs:us-east-1:043898046743:log-group:/aws/lambda/migration-factory-test-ams-wig:*", "creationTime": 1584536855928, "metricFilterCount": 0, "logGroupName": "/aws/lambda/migration-factory-test-ams-wig", "storedBytes": 386}, {"arn": "arn:aws:logs:us-east-1:043898046743:log-group:/aws/lambda/migration-factory-test-app-build:*", "creationTime": 1584479668647, "metricFilterCount": 0, "logGroupName": "/aws/lambda/migration-factory-test-app-build", "storedBytes": 1271}, {"arn": "arn:aws:logs:us-east-1:043898046743:log-group:/aws/lambda/migration-factory-test-apps:*", "creationTime": 1584480173229, "metricFilterCount": 0, "logGroupName": "/aws/lambda/migration-factory-test-apps", "storedBytes": 8007}, {"arn": "arn:aws:logs:us-east-1:043898046743:log-group:/aws/lambda/migration-factory-test-auth:*", "creationTime": 1584536540247, "metricFilterCount": 0, "logGroupName": "/aws/lambda/migration-factory-test-auth", "storedBytes": 2115}, {"arn": "arn:aws:logs:us-east-1:043898046743:log-group:/aws/lambda/migration-factory-test-cloudendure:*", "creationTime": 1584536700141, "metricFilterCount": 0, "logGroupName": "/aws/lambda/migration-factory-test-cloudendure", "storedBytes": 584}, {"arn": "arn:aws:logs:us-east-1:043898046743:log-group:/aws/lambda/migration-factory-test-cognitogroups:*", "creationTime": 1584536542514, "metricFilterCount": 0, "logGroupName": "/aws/lambda/migration-factory-test-cognitogroups", "storedBytes": 387}, {"arn": "arn:aws:logs:us-east-1:043898046743:log-group:/aws/lambda/migration-factory-test-default-schema:*", "creationTime": 1584479738849, "metricFilterCount": 0, "logGroupName": "/aws/lambda/migration-factory-test-default-schema", "storedBytes": 1438}, {"arn": "arn:aws:logs:us-east-1:043898046743:log-group:/aws/lambda/migration-factory-test-role:*", "creationTime": 1584480173114, "metricFilterCount": 0, "logGroupName": "/aws/lambda/migration-factory-test-role", "storedBytes": 98335}, {"arn": "arn:aws:logs:us-east-1:043898046743:log-group:/aws/lambda/migration-factory-test-schema-app:*", "creationTime": 1584480173081, "metricFilterCount": 0, "logGroupName": "/aws/lambda/migration-factory-test-schema-app", "storedBytes": 97029}, {"arn": "arn:aws:logs:us-east-1:043898046743:log-group:/aws/lambda/migration-factory-test-schema-server:*", "creationTime": 1584480174201, "metricFilterCount": 0, "logGroupName": "/aws/lambda/migration-factory-test-schema-server", "storedBytes": 85685}, {"arn": "arn:aws:logs:us-east-1:043898046743:log-group:/aws/lambda/migration-factory-test-stage:*", "creationTime": 1584480173097, "metricFilterCount": 0, "logGroupName": "/aws/lambda/migration-factory-test-stage", "storedBytes": 94194}, {"arn": "arn:aws:logs:us-east-1:043898046743:log-group:/aws/lambda/migration-factory-test-waves:*", "creationTime": 1584480173242, "metricFilterCount": 0, "logGroupName": "/aws/lambda/migration-factory-test-waves", "storedBytes": 10142}, {"arn": "arn:aws:logs:us-east-1:043898046743:log-group:/aws/vpc-flow-logs/vpc-05dff179d55496415:*", "creationTime": 1588339992310, "metricFilterCount": 0, "logGroupName": "/aws/vpc-flow-logs/vpc-05dff179d55496415", "storedBytes": 22795729}, {"arn": "arn:aws:logs:us-east-1:043898046743:log-group:/aws/vpcflow/vpc-0036e25ec5e7c1084:*", "creationTime": 1580169708592, "metricFilterCount": 0, "logGroupName": "/aws/vpcflow/vpc-0036e25ec5e7c1084", "storedBytes": 1226866685}, {"arn": "arn:aws:logs:us-east-1:043898046743:log-group:/ecs/migration-factory-test-deploy:*", "creationTime": 1584479633416, "metricFilterCount": 0, "logGroupName": "/ecs/migration-factory-test-deploy", "storedBytes": 7376}, {"storedBytes": 692875947, "metricFilterCount": 29, "creationTime": 1579978869311, "logGroupName": "CloudTrail/Landing-Zone-Logs", "retentionInDays": 14, "arn": "arn:aws:logs:us-east-1:043898046743:log-group:CloudTrail/Landing-Zone-Logs:*"}]}}