{"region": "ap-southeast-2", "operation": "DescribeLogGroups", "service": "logs", "response": {"ResponseMetadata": {"RetryAttempts": 0, "HTTPStatusCode": 200, "RequestId": "e7208caf-98e4-4fc6-ba9b-4f4c8838ef06", "HTTPHeaders": {"x-amzn-requestid": "e7208caf-98e4-4fc6-ba9b-4f4c8838ef06", "date": "Tue, 19 May 2020 15:18:53 GMT", "content-length": "2302", "content-type": "application/x-amz-json-1.1"}}, "logGroups": [{"storedBytes": 11248, "metricFilterCount": 0, "creationTime": 1585362448963, "logGroupName": "/aws/events/GuardDutyFindings", "retentionInDays": 90, "arn": "arn:aws:logs:ap-southeast-2:043898046743:log-group:/aws/events/GuardDutyFindings:*"}, {"storedBytes": 0, "metricFilterCount": 0, "creationTime": 1585362449026, "logGroupName": "/aws/events/IAMDetect", "retentionInDays": 14, "arn": "arn:aws:logs:ap-southeast-2:043898046743:log-group:/aws/events/IAMDetect:*"}, {"storedBytes": 0, "metricFilterCount": 0, "creationTime": 1585362448855, "logGroupName": "/aws/events/NetDetect", "retentionInDays": 14, "arn": "arn:aws:logs:ap-southeast-2:043898046743:log-group:/aws/events/NetDetect:*"}, {"arn": "arn:aws:logs:ap-southeast-2:043898046743:log-group:/aws/lambda/Config-Support-Role:*", "creationTime": 1587053904402, "metricFilterCount": 0, "logGroupName": "/aws/lambda/Config-Support-Role", "storedBytes": 1644857}, {"arn": "arn:aws:logs:ap-southeast-2:043898046743:log-group:/aws/lambda/Config-WAF-central-logging:*", "creationTime": 1587053904451, "metricFilterCount": 0, "logGroupName": "/aws/lambda/Config-WAF-central-logging", "storedBytes": 233645}, {"storedBytes": 0, "metricFilterCount": 0, "creationTime": 1579979324413, "logGroupName": "/aws/lambda/LandingZoneLocalSNSNotificationForwarder", "retentionInDays": 14, "arn": "arn:aws:logs:ap-southeast-2:043898046743:log-group:/aws/lambda/LandingZoneLocalSNSNotificationForwarder:*"}, {"arn": "arn:aws:logs:ap-southeast-2:043898046743:log-group:/aws/lambda/StackSet-AWS-Landing-Zone-Baseline-CloudWat-Lambda-4EBIK57QYHIH:*", "creationTime": 1585449456252, "metricFilterCount": 0, "logGroupName": "/aws/lambda/StackSet-AWS-Landing-Zone-Baseline-CloudWat-Lambda-4EBIK57QYHIH", "storedBytes": 2342}, {"arn": "arn:aws:logs:ap-southeast-2:043898046743:log-group:/aws/lambda/StackSet-enableEBSdefault-EnableEBSEncryptionFunct-1FX9T0P8B6AQA:*", "creationTime": 1589318826316, "metricFilterCount": 0, "logGroupName": "/aws/lambda/StackSet-enableEBSdefault-EnableEBSEncryptionFunct-1FX9T0P8B6AQA", "storedBytes": 2532}, {"arn": "arn:aws:logs:ap-southeast-2:043898046743:log-group:/aws/lambda/StackSet-enableEBSdefault-EnableEBSEncryptionFunct-1RA91AS1FGBHY:*", "creationTime": 1585791682439, "metricFilterCount": 0, "logGroupName": "/aws/lambda/StackSet-enableEBSdefault-EnableEBSEncryptionFunct-1RA91AS1FGBHY", "storedBytes": 2550}]}}