{"region": "us-east-2", "operation": "DescribeResourcePolicies", "service": "logs", "response": {"resourcePolicies": [{"policyName": "AllowCloudWatchOnLogGroup", "policyDocument": "{\"Version\":\"2012-10-17\",\"Statement\":[{\"Sid\":\"TrustEventsToStoreLogEvent\",\"Effect\":\"Allow\",\"Principal\":{\"Service\":[\"delivery.logs.amazonaws.com\",\"events.amazonaws.com\"]},\"Action\":[\"logs:CreateLogStream\",\"logs:PutLogEvents\"],\"Resource\":\"arn:aws:logs:us-east-2:043898046743:log-group:/aws/events/*:*\"}]}", "lastUpdatedTime": 1589818738335}], "ResponseMetadata": {"RetryAttempts": 0, "HTTPStatusCode": 200, "RequestId": "77b69100-4989-4c76-8744-0e8ad61d9fd1", "HTTPHeaders": {"x-amzn-requestid": "77b69100-4989-4c76-8744-0e8ad61d9fd1", "date": "Tue, 19 May 2020 15:20:21 GMT", "content-length": "449", "content-type": "application/x-amz-json-1.1"}}}}