{"region": "us-east-2", "operation": "DescribeLogGroups", "service": "logs", "response": {"ResponseMetadata": {"RetryAttempts": 0, "HTTPStatusCode": 200, "RequestId": "0f6eb6f4-459f-46de-b7cd-37a5081eb95a", "HTTPHeaders": {"x-amzn-requestid": "0f6eb6f4-459f-46de-b7cd-37a5081eb95a", "date": "Tue, 19 May 2020 15:20:12 GMT", "content-length": "3360", "content-type": "application/x-amz-json-1.1"}}, "logGroups": [{"storedBytes": 9220, "metricFilterCount": 0, "creationTime": 1585362771849, "logGroupName": "/aws/events/GuardDutyFindings", "retentionInDays": 90, "arn": "arn:aws:logs:us-east-2:043898046743:log-group:/aws/events/GuardDutyFindings:*"}, {"storedBytes": 0, "metricFilterCount": 0, "creationTime": 1585362771791, "logGroupName": "/aws/events/IAMDetect", "retentionInDays": 14, "arn": "arn:aws:logs:us-east-2:043898046743:log-group:/aws/events/IAMDetect:*"}, {"storedBytes": 0, "metricFilterCount": 0, "creationTime": 1585362771712, "logGroupName": "/aws/events/NetDetect", "retentionInDays": 14, "arn": "arn:aws:logs:us-east-2:043898046743:log-group:/aws/events/NetDetect:*"}, {"arn": "arn:aws:logs:us-east-2:043898046743:log-group:/aws/lambda/Config-Support-Role:*", "creationTime": 1587054682943, "metricFilterCount": 0, "logGroupName": "/aws/lambda/Config-Support-Role", "storedBytes": 1481201}, {"arn": "arn:aws:logs:us-east-2:043898046743:log-group:/aws/lambda/Config-WAF-central-logging:*", "creationTime": 1587054682979, "metricFilterCount": 0, "logGroupName": "/aws/lambda/Config-WAF-central-logging", "storedBytes": 197027}, {"storedBytes": 1174, "metricFilterCount": 0, "creationTime": 1579980059231, "logGroupName": "/aws/lambda/LandingZoneLocalSNSNotificationForwarder", "retentionInDays": 14, "arn": "arn:aws:logs:us-east-2:043898046743:log-group:/aws/lambda/LandingZoneLocalSNSNotificationForwarder:*"}, {"arn": "arn:aws:logs:us-east-2:043898046743:log-group:/aws/lambda/REM-VPC-Default-Security-Group:*", "creationTime": 1588123344637, "metricFilterCount": 0, "logGroupName": "/aws/lambda/REM-VPC-Default-Security-Group", "storedBytes": 1767}, {"arn": "arn:aws:logs:us-east-2:043898046743:log-group:/aws/lambda/REM-VPC-Flow-Log-Enable:*", "creationTime": 1588340381423, "metricFilterCount": 0, "logGroupName": "/aws/lambda/REM-VPC-Flow-Log-Enable", "storedBytes": 299}, {"arn": "arn:aws:logs:us-east-2:043898046743:log-group:/aws/lambda/StackSet-AWS-Landing-Zone-Baseline-CloudWat-Lambda-4MKIE259LJJ4:*", "creationTime": 1585449881667, "metricFilterCount": 0, "logGroupName": "/aws/lambda/StackSet-AWS-Landing-Zone-Baseline-CloudWat-Lambda-4MKIE259LJJ4", "storedBytes": 2337}, {"arn": "arn:aws:logs:us-east-2:043898046743:log-group:/aws/lambda/StackSet-enableEBSdefault-EnableEBSEncryptionFunct-EHY061J6ZJEX:*", "creationTime": 1589318947739, "metricFilterCount": 0, "logGroupName": "/aws/lambda/StackSet-enableEBSdefault-EnableEBSEncryptionFunct-EHY061J6ZJEX", "storedBytes": 2511}, {"arn": "arn:aws:logs:us-east-2:043898046743:log-group:/aws/lambda/StackSet-enableEBSdefault-EnableEBSEncryptionFunct-VP24AVFBVYKR:*", "creationTime": 1585791504678, "metricFilterCount": 0, "logGroupName": "/aws/lambda/StackSet-enableEBSdefault-EnableEBSEncryptionFunct-VP24AVFBVYKR", "storedBytes": 2512}, {"arn": "arn:aws:logs:us-east-2:043898046743:log-group:/aws/vpc-flow-logs/vpc-0a2672b859b60b366:*", "creationTime": 1588866967092, "metricFilterCount": 0, "logGroupName": "/aws/vpc-flow-logs/vpc-0a2672b859b60b366", "storedBytes": 462170}, {"storedBytes": 82368, "metricFilterCount": 0, "creationTime": 1589322254894, "logGroupName": "SC-VPCFlowLogGrou-512", "retentionInDays": 30, "arn": "arn:aws:logs:us-east-2:043898046743:log-group:SC-VPCFlowLogGrou-512:*"}, {"storedBytes": 17667752, "metricFilterCount": 0, "creationTime": 1589324426095, "logGroupName": "prisma-vpc-flowloggroup", "retentionInDays": 30, "arn": "arn:aws:logs:us-east-2:043898046743:log-group:prisma-vpc-flowloggroup:*"}]}}