{"region": "us-east-1", "operation": "DescribeMetricFilters", "service": "logs", "response": {"metricFilters": [{"filterName": "csf-prod-security-CWMetricFilterAndAlarms-MetricFilterAWSConfigMod-1W6VQ2XZVN2UE", "metricTransformations": [{"metricValue": "1", "metricNamespace": "CloudTrailSecurityhMetrics", "metricName": "AWSConfigMod"}], "creationTime": 1587054892417, "filterPattern": "{ ($.eventName = StopConfigurationRecorder) || ($.eventName = StartConfigurationRecorder) || ($.eventName = PutDeliveryChannel) || ($.eventName = PutConfigurationRecorder) || ($.eventName = PutConfigRule) || ($.eventName = DeleteConfigRule) || ($.eventName = DeleteEvaluationResults) || ($.eventName = DeleteConfigurationRecorder) }", "logGroupName": "CloudTrail/Landing-Zone-Logs"}, {"filterName": "csf-prod-security-remediate-config-enable-MetricFilterAWSConfigOffLine-NSA9ATZSP4XH", "metricTransformations": [{"metricValue": "1", "metricNamespace": "CloudTrailSecurityhMetrics", "metricName": "AWSConfigOffLine"}], "creationTime": 1587054924869, "filterPattern": "{ ($.eventName = StopConfigurationRecorder) || ($.eventName = PutConfigurationRecorder) || ($.eventName = DeleteConfigurationRecorder) }", "logGroupName": "CloudTrail/Landing-Zone-Logs"}, {"filterName": "StackSet-AWS-Landing-Zone-Baseline-EnableNotifications-241b36ac-1762-48a6-ac69-a323b65c5ff8-AuthorizationFailuresMetricFilter-18XL2MIL2E7N0", "metricTransformations": [{"metricValue": "1", "metricNamespace": "CloudTrailMetrics", "metricName": "AuthorizationFailureCount"}], "creationTime": 1579980348776, "filterPattern": "{ ($.errorCode = \"*UnauthorizedOperation\") || ($.errorCode = \"AccessDenied*\") }", "logGroupName": "CloudTrail/Landing-Zone-Logs"}, {"filterName": "csf-prod-security-CWMetricFilterAndAlarms-MetricFilterCMKDeletion-B0LR9LXT8GYK", "metricTransformations": [{"metricValue": "1", "metricNamespace": "CloudTrailSecurityhMetrics", "metricName": "CMKDeletion"}], "creationTime": 1587054892587, "filterPattern": "{ ($.eventName = DisableKey) || ($.eventName = ScheduleKeyDeletion) }", "logGroupName": "CloudTrail/Landing-Zone-Logs"}, {"filterName": "StackSet-AWS-Landing-Zone-Baseline-EnableNotifications-241b36ac-1762-48a6-ac69-a323b65c5ff8-CloudTrailChangesMetricFilter-1DUHM7FK3KVXF", "metricTransformations": [{"metricValue": "1", "metricNamespace": "CloudTrailMetrics", "metricName": "CloudTrailEventCount"}], "creationTime": 1579980349224, "filterPattern": "{ ($.eventName = CreateTrail) || ($.eventName = UpdateTrail) || ($.eventName = DeleteTrail) || ($.eventName = StartLogging) || ($.eventName = StopLogging) }", "logGroupName": "CloudTrail/Landing-Zone-Logs"}, {"filterName": "csf-prod-security-CWMetricFilterAndAlarms-MetricFilterCloudTrailMod-13J2LV2I61M0Y", "metricTransformations": [{"metricValue": "1", "metricNamespace": "CloudTrailSecurityhMetrics", "metricName": "CloudTrailMod"}], "creationTime": 1587054892532, "filterPattern": "{ ($.eventName = CreateTrail) || ($.eventName = DeleteTrail) || ($.eventName = UpdateTrail) }", "logGroupName": "CloudTrail/Landing-Zone-Logs"}, {"filterName": "csf-prod-security-CWMetricFilterAndAlarms-MetricFilterConsoleLogin-BDEGLSRBRPKU", "metricTransformations": [{"metricValue": "1", "metricNamespace": "CloudTrailSecurityhMetrics", "metricName": "ConsoleLoginFailures"}], "creationTime": 1587054892352, "filterPattern": "{ ($.eventName = ConsoleLogin) && ($.errorMessage = \"Failed authentication\") }", "logGroupName": "CloudTrail/Landing-Zone-Logs"}, {"filterName": "csf-prod-security-CWMetricFilterAndAlarms-MetricFilterConsoleNoMFA-1NBOV1KUXGSMS", "metricTransformations": [{"metricValue": "1", "metricNamespace": "CloudTrailSecurityhMetrics", "metricName": "ConsoleNoMFA"}], "creationTime": 1587054892496, "filterPattern": "{ $.eventName = \"ConsoleLogin\" && $.additionalEventData.MFAUsed = \"No\" }", "logGroupName": "CloudTrail/Landing-Zone-Logs"}, {"filterName": "StackSet-AWS-Landing-Zone-Baseline-EnableNotifications-241b36ac-1762-48a6-ac69-a323b65c5ff8-ConsoleSignInFailuresMetricFilter-ZSI41PZOOGDW", "metricTransformations": [{"metricValue": "1", "metricNamespace": "CloudTrailMetrics", "metricName": "ConsoleSignInFailureCount"}], "creationTime": 1579980349038, "filterPattern": "{ ($.eventName = ConsoleLogin) && ($.errorMessage = \"Failed authentication\") }", "logGroupName": "CloudTrail/Landing-Zone-Logs"}, {"filterName": "StackSet-AWS-Landing-Zone-Baseline-EnableNotifications-241b36ac-1762-48a6-ac69-a323b65c5ff8-EC2InstanceChangesMetricFilter-JJCESQQSN4RI", "metricTransformations": [{"metricValue": "1", "metricNamespace": "CloudTrailMetrics", "metricName": "EC2InstanceEventCount"}], "creationTime": 1579980350652, "filterPattern": "{ ($.eventName = RunInstances) || ($.eventName = RebootInstances) || ($.eventName = StartInstances) || ($.eventName = StopInstances) || ($.eventName = TerminateInstances) }", "logGroupName": "CloudTrail/Landing-Zone-Logs"}, {"filterName": "StackSet-AWS-Landing-Zone-Baseline-EnableNotifications-241b36ac-1762-48a6-ac69-a323b65c5ff8-EC2LargeInstanceChangesMetricFilter-12VXG6YSYL7J7", "metricTransformations": [{"metricValue": "1", "metricNamespace": "CloudTrailMetrics", "metricName": "EC2LargeInstanceEventCount"}], "creationTime": 1579980348776, "filterPattern": "{ (($.eventName = RunInstances) || ($.eventName = RebootInstances) || ($.eventName = StartInstances) || ($.eventName = StopInstances) || ($.eventName = TerminateInstances)) && (($.requestParameters.instanceType = *.32xlarge) || ($.requestParameters.instanceType = *.24xlarge) || ($.requestParameters.instanceType = *.18xlarge) || ($.requestParameters.instanceType = *.16xlarge) || ($.requestParameters.instanceType = *.12xlarge) || ($.requestParameters.instanceType = *.10xlarge) || ($.requestParameters.instanceType = *.9xlarge) || ($.requestParameters.instanceType = *.8xlarge) || ($.requestParameters.instanceType = *.4xlarge)) }", "logGroupName": "CloudTrail/Landing-Zone-Logs"}, {"filterName": "StackSet-AWS-Landing-Zone-Baseline-EnableNotifications-241b36ac-1762-48a6-ac69-a323b65c5ff8-GatewayChangesMetricFilter-UYE833FNWYUD", "metricTransformations": [{"metricValue": "1", "metricNamespace": "CloudTrailMetrics", "metricName": "GatewayEventCount"}], "creationTime": 1579980348913, "filterPattern": "{ ($.eventName = CreateCustomerGateway) || ($.eventName = DeleteCustomerGateway) || ($.eventName = AttachInternetGateway) || ($.eventName = CreateInternetGateway) || ($.eventName = DeleteInternetGateway) || ($.eventName = DetachInternetGateway) }", "logGroupName": "CloudTrail/Landing-Zone-Logs"}, {"filterName": "csf-prod-security-CWMetricFilterAndAlarms-MetricFilterIAMPolicyAttach-1WJUS7VPDO3GN", "metricTransformations": [{"metricValue": "1", "metricNamespace": "CloudTrailSecurityhMetrics", "metricName": "IAMPoliciesAttach"}], "creationTime": 1587054892359, "filterPattern": "{ ($.eventName = AttachUserPolicy) || ($.eventName = AttachGroupPolicy) || ($.eventName = AttachRolePolicy) || ($.eventName = PutUserPolicy) || ($.eventName = PutGroupPolicy) || ($.eventName = PutRolePolicy) || ($.eventName = CreatePolicyVersion) || ($.eventName = SetDefaultPolicyVersion) }", "logGroupName": "CloudTrail/Landing-Zone-Logs"}, {"filterName": "StackSet-AWS-Landing-Zone-Baseline-EnableNotifications-241b36ac-1762-48a6-ac69-a323b65c5ff8-IAMPolicyChangesMetricFilter-1FKT43JVUYW3K", "metricTransformations": [{"metricValue": "1", "metricNamespace": "CloudTrailMetrics", "metricName": "IAMPolicyEventCount"}], "creationTime": 1579980349660, "filterPattern": "{($.eventName=DeleteGroupPolicy)||($.eventName=DeleteRolePolicy)||($.eventName=DeleteUserPolicy)||($.eventName=PutGroupPolicy)||($.eventName=PutRolePolicy)||($.eventName=PutUserPolicy)||($.eventName=CreatePolicy)||($.eventName=DeletePolicy)||($.eventName=CreatePolicyVersion)||($.eventName=DeletePolicyVersion)||($.eventName=AttachRolePolicy)||($.eventName=DetachRolePolicy)||($.eventName=AttachUserPolicy)||($.eventName=DetachUserPolicy)||($.eventName=AttachGroupPolicy)||($.eventName=DetachGroupPolicy)}", "logGroupName": "CloudTrail/Landing-Zone-Logs"}, {"filterName": "csf-prod-security-CWMetricFilterAndAlarms-MetricFilterIAMPolicyMod-1X5LUY18U3L0H", "metricTransformations": [{"metricValue": "1", "metricNamespace": "CloudTrailSecurityhMetrics", "metricName": "IAMPolicyMod"}], "creationTime": 1587054892765, "filterPattern": "{ ($.eventName = CreatePolicy) || ($.eventName = CreatePolicyVersion) || ($.eventName = DeletePolicy) || ($.eventName = DeletePolicyVersion) || ($.eventName = DeleteGroupPolicy) || ($.eventName = DeleteRolePolicy) || ($.eventName = DeleteUserPolicy) || ($.eventName = PutPolicy) || ($.eventName = UpdatePolicy) }", "logGroupName": "CloudTrail/Landing-Zone-Logs"}, {"filterName": "csf-prod-security-CWMetricFilterAndAlarms-MetricFilterNACLMod-WQ4UDQCLMJ3Q", "metricTransformations": [{"metricValue": "1", "metricNamespace": "CloudTrailSecurityhMetrics", "metricName": "NACLMod"}], "creationTime": 1587054892383, "filterPattern": "{ ($.eventName = DeleteNetworkAcl) || ($.eventName = CreateNetworkAcl) || ($.eventName = CreateNetworkAclEntry) || ($.eventName = DeleteNetworkAclEntry) || ($.eventName = ReplaceNetworkAclEntry) || ($.eventName = ReplaceNetworkAclAssociation) }", "logGroupName": "CloudTrail/Landing-Zone-Logs"}, {"filterName": "StackSet-AWS-Landing-Zone-Baseline-EnableNotifications-241b36ac-1762-48a6-ac69-a323b65c5ff8-NetworkAclChangesMetricFilter-LHX05Z0VZ3HI", "metricTransformations": [{"metricValue": "1", "metricNamespace": "CloudTrailMetrics", "metricName": "NetworkAclEventCount"}], "creationTime": 1579980348836, "filterPattern": "{ ($.eventName = CreateNetworkAcl) || ($.eventName = CreateNetworkAclEntry) || ($.eventName = DeleteNetworkAcl) || ($.eventName = DeleteNetworkAclEntry) || ($.eventName = ReplaceNetworkAclEntry) || ($.eventName = ReplaceNetworkAclAssociation) }", "logGroupName": "CloudTrail/Landing-Zone-Logs"}, {"filterName": "csf-prod-security-CWMetricFilterAndAlarms-MetricFilterGatewayMod2-6HBSNC09P7MJ", "metricTransformations": [{"metricValue": "1", "metricNamespace": "CloudTrailSecurityhMetrics", "metricName": "NetworkGatewayChange"}], "creationTime": 1587054892939, "filterPattern": "{ ($.eventName = AttachVpnGateway) || ($.eventName = CreateVpnGateway) || ($.eventName = DeleteVpnGateway) || ($.eventName = DetachVpnGateway) || ($.eventName = AcceptDirectConnectGatewayAssociationProposal) || ($.eventName = CreateDirectConnectGateway) || ($.eventName = CreateDirectConnectGatewayAssociation) || ($.eventName = CreateDirectConnectGatewayAssociationProposal) || ($.eventName = DeleteDirectConnectGateway) || ($.eventName = DeleteDirectConnectGatewayAssociation) || ($.eventName = DeleteDirectConnectGatewayAssociationProposal) || ($.eventName = UpdateDirectConnectGatewayAssociation) }", "logGroupName": "CloudTrail/Landing-Zone-Logs"}, {"filterName": "csf-prod-security-CWMetricFilterAndAlarms-MetricFilterGatewayMod1-KFWQ88YFX0WJ", "metricTransformations": [{"metricValue": "1", "metricNamespace": "CloudTrailSecurityhMetrics", "metricName": "NetworkGatewayChange"}], "creationTime": 1587054892477, "filterPattern": "{ ($.eventName = ActivateGateway) || ($.eventName = DeleteGateway) || ($.eventName = DeleteGatewayResponse) || ($.eventName = DisableGateway) || ($.eventName = ShutdownGateway) || ($.eventName = StartGateway) || ($.eventName = UpdateGatewayInformation) || ($.eventName = UpdateGatewayResponse) || ($.eventName = UpdateGatewaySoftwareNow) || ($.eventName = AttachInternetGateway) || ($.eventName = CreateInternetGateway) || ($.eventName = DeleteInternetGateway) || ($.eventName = DetachInternetGateway) || ($.eventName = CreateEgressOnlyInternetGateway) || ($.eventName = DeleteEgressOnlyInternetGateway) || ($.eventName = CreateNatGateway) || ($.eventName = DeleteNatGateway) || ($.eventName = CreateCustomerGateway) || ($.eventName = DeleteCustomerGateway) }", "logGroupName": "CloudTrail/Landing-Zone-Logs"}, {"filterName": "StackSet-AWS-Landing-Zone-Baseline-EnableNotifications-241b36ac-1762-48a6-ac69-a323b65c5ff8-RootLoginMetricFilter-LYWFENFUP4UO", "metricTransformations": [{"metricValue": "1", "metricNamespace": "CloudTrailMetrics", "metricName": "RootLoginEventCount"}], "creationTime": 1579980348715, "filterPattern": "{ $.userIdentity.type = \"Root\" && $.userIdentity.invokedBy NOT EXISTS && $.eventType != \"AwsServiceEvent\" }", "logGroupName": "CloudTrail/Landing-Zone-Logs"}, {"filterName": "csf-prod-security-CWMetricFilterAndAlarms-MetricFilterRootUsage-16SOT0PG46SA1", "metricTransformations": [{"metricValue": "1", "metricNamespace": "CloudTrailSecurityhMetrics", "metricName": "RootUsage"}], "creationTime": 1587054892778, "filterPattern": "{ $.userIdentity.type = \"Root\" && $.userIdentity.invokedBy NOT EXISTS && $.eventType != \"AwsServiceEvent\" }", "logGroupName": "CloudTrail/Landing-Zone-Logs"}, {"filterName": "csf-prod-security-CWMetricFilterAndAlarms-MetricFilterRouteTableChange-1GMTIM0JUR5DI", "metricTransformations": [{"metricValue": "1", "metricNamespace": "CloudTrailSecurityhMetrics", "metricName": "RouteTableChange"}], "creationTime": 1587054892392, "filterPattern": "{ ($.eventName = AddIpRoutes) || ($.eventName = AssociateRouteTable) || ($.eventName = CreateRoute) || ($.eventName = CreateRouteTable)  || ($.eventName = CreateVpnConnectionRoute) || ($.eventName = DeleteRoute) || ($.eventName = DeleteRouteTable) || ($.eventName = DeleteVpnConnectionRoute) || ($.eventName = DisableVgwRoutePropagation) || ($.eventName = DisassociateRouteTable) || ($.eventName = EnableVgwRoutePropagation) || ($.eventName = UpdateRoute) || ($.eventName = ReplaceRoute) || ($.eventName = ReplaceRouteTableAssociation) || ($.eventName = RemoteIpRoutes) }", "logGroupName": "CloudTrail/Landing-Zone-Logs"}, {"filterName": "csf-prod-security-CWMetricFilterAndAlarms-MetricFilterS3PolicyChange-EW6GG362ZR1V", "metricTransformations": [{"metricValue": "1", "metricNamespace": "CloudTrailSecurityhMetrics", "metricName": "S3BucketPolicyChanges"}], "creationTime": 1587054892663, "filterPattern": "{ ($.eventName = PutBucketPolicy) || ($.eventName = DeleteBucketPolicy) }", "logGroupName": "CloudTrail/Landing-Zone-Logs"}, {"filterName": "StackSet-AWS-Landing-Zone-Baseline-EnableNotifications-241b36ac-1762-48a6-ac69-a323b65c5ff8-SecurityGroupChangesMetricFilter-Q8OFT99F3N1P", "metricTransformations": [{"metricValue": "1", "metricNamespace": "CloudTrailMetrics", "metricName": "SecurityGroupEventCount"}], "creationTime": 1579980348635, "filterPattern": "{ ($.eventName = AuthorizeSecurityGroupIngress) || ($.eventName = AuthorizeSecurityGroupEgress) || ($.eventName = RevokeSecurityGroupIngress) || ($.eventName = RevokeSecurityGroupEgress) || ($.eventName = CreateSecurityGroup) || ($.eventName = DeleteSecurityGroup) }", "logGroupName": "CloudTrail/Landing-Zone-Logs"}, {"filterName": "csf-prod-security-CWMetricFilterAndAlarms-MetricFilterSecurityGroupMod-IJNI3MKWC825", "metricTransformations": [{"metricValue": "1", "metricNamespace": "CloudTrailSecurityhMetrics", "metricName": "SecurityGroupMod"}], "creationTime": 1587054892397, "filterPattern": "{ ($.eventName = CreateSecurityGroup) || ($.eventName = DeleteSecurityGroup) || ($.eventName = RevokeSecurityGroupEgress) || ($.eventName = RevokeSecurityGroupIngress) || ($.eventName = AuthorizeSecurityGroupEgress) || ($.eventName = AuthorizeSecurityGroupIngress) }", "logGroupName": "CloudTrail/Landing-Zone-Logs"}, {"filterName": "csf-prod-security-CWMetricFilterAndAlarms-MetricFilterUnauthorizedAPICalls-1GS51Y7DRM4BW", "metricTransformations": [{"metricValue": "1", "metricNamespace": "CloudTrailSecurityhMetrics", "metricName": "UnauthorizedAPICalls"}], "creationTime": 1587054892786, "filterPattern": "{ ($.errorCode = \"*UnauthorizedOperation\") || ($.errorCode = \"AccessDenied*\") }", "logGroupName": "CloudTrail/Landing-Zone-Logs"}, {"filterName": "csf-prod-security-CWMetricFilterAndAlarms-MetricFilterVPCChange1-J3B6UUSD1TOH", "metricTransformations": [{"metricValue": "1", "metricNamespace": "CloudTrailSecurityhMetrics", "metricName": "VPCChange"}], "creationTime": 1587054892656, "filterPattern": "{ ($.eventName = AcceptVpcPeeringConnection) || ($.eventName = AssociateVpcCidrBlock) || ($.eventName = AssociateVPCWithHostedZone) || ($.eventName = AttachClassicLinkVpc) || ($.eventName = CreateDefaultVpc) || ($.eventName = CreateVpc) || ($.eventName = CreateVpcEndpoint) || ($.eventName = CreateVpcEndpointServiceConfiguration) || ($.eventName = CreateVpcLink) || ($.eventName = CreateVpcPeeringAuthorization) || ($.eventName = CreateVpcPeeringConnection) || ($.eventName = DeleteVpc) || ($.eventName = DeleteVpcEndpoints) || ($.eventName = DeleteVpcEndpointServiceConfiguration) || ($.eventName = DeleteVpcLink) || ($.eventName = DeleteVpcPeeringAuthorization) || ($.eventName = DeleteVpcPeeringConnection) || ($.eventName = DetachClassicLinkVpc) || ($.eventName = DisableVpcClassicLink) || ($.eventName = DisableVpcClassicLinkDnsSupport) || ($.eventName = DisassocateVpcCidrBlock) || ($.eventName = DissassociateVPCFromHostedZone) }", "logGroupName": "CloudTrail/Landing-Zone-Logs"}, {"filterName": "csf-prod-security-CWMetricFilterAndAlarms-MetricFilterVPCChange2-12F7YD553NHGZ", "metricTransformations": [{"metricValue": "1", "metricNamespace": "CloudTrailSecurityhMetrics", "metricName": "VPCChange"}], "creationTime": 1587054894628, "filterPattern": "{ ($.eventName = EnableDefaultTenancyForVpc) || ($.eventName = EnableVpcClassicLink) || ($.eventName = EnableVpcClassicLinkDnsSupport) || ($.eventName = ModifyVpcAttribute) || ($.eventName = ModifyVpcEndpoint) || ($.eventName = ModifyVpcEndpointServiceConfiguration) || ($.eventName = ModifyVpcEndpointServicePermissions) || ($.eventName = ModifyVpcPeeringConnectionOptions) || ($.eventName = MoveAddressToVpc) || ($.eventName = PeerVpc) || ($.eventName = RejectVpcPeeringConnection) || ($.eventName = UnpeerVpc) || ($.eventName = UpdateVpcLink) }", "logGroupName": "CloudTrail/Landing-Zone-Logs"}, {"filterName": "StackSet-AWS-Landing-Zone-Baseline-EnableNotifications-241b36ac-1762-48a6-ac69-a323b65c5ff8-VpcChangesMetricFilter-1T8LOO01QK4PR", "metricTransformations": [{"metricValue": "1", "metricNamespace": "CloudTrailMetrics", "metricName": "VpcEventCount"}], "creationTime": 1579980348832, "filterPattern": "{ ($.eventName = CreateVpc) || ($.eventName = DeleteVpc) || ($.eventName = ModifyVpcAttribute) || ($.eventName = AcceptVpcPeeringConnection) || ($.eventName = CreateVpcPeeringConnection) || ($.eventName = DeleteVpcPeeringConnection) || ($.eventName = RejectVpcPeeringConnection) || ($.eventName = AttachClassicLinkVpc) || ($.eventName = DetachClassicLinkVpc) || ($.eventName = DisableVpcClassicLink) || ($.eventName = EnableVpcClassicLink) }", "logGroupName": "CloudTrail/Landing-Zone-Logs"}], "ResponseMetadata": {"RetryAttempts": 0, "HTTPStatusCode": 200, "RequestId": "6af2f790-460e-4708-89de-b3978d02985c", "HTTPHeaders": {"x-amzn-requestid": "6af2f790-460e-4708-89de-b3978d02985c", "date": "Tue, 19 May 2020 15:19:42 GMT", "content-length": "18255", "content-type": "application/x-amz-json-1.1"}}}}