{"region": "eu-central-1", "operation": "DescribeResourcePolicies", "service": "logs", "response": {"resourcePolicies": [{"policyName": "AllowCloudWatchOnLogGroup", "policyDocument": "{\"Version\":\"2012-10-17\",\"Statement\":[{\"Sid\":\"TrustEventsToStoreLogEvent\",\"Effect\":\"Allow\",\"Principal\":{\"Service\":[\"events.amazonaws.com\",\"delivery.logs.amazonaws.com\"]},\"Action\":[\"logs:CreateLogStream\",\"logs:PutLogEvents\"],\"Resource\":\"arn:aws:logs:eu-central-1:043898046743:log-group:/aws/events/*:*\"}]}", "lastUpdatedTime": 1589818737409}], "ResponseMetadata": {"RetryAttempts": 0, "HTTPStatusCode": 200, "RequestId": "b8adf7a0-7910-4879-9322-4b468f30d5f9", "HTTPHeaders": {"x-amzn-requestid": "b8adf7a0-7910-4879-9322-4b468f30d5f9", "date": "Tue, 19 May 2020 15:17:52 GMT", "content-length": "452", "content-type": "application/x-amz-json-1.1"}}}}