{"region": "eu-west-1", "operation": "DescribeLogGroups", "service": "logs", "response": {"ResponseMetadata": {"RetryAttempts": 0, "HTTPStatusCode": 200, "RequestId": "4b604042-e9b9-416b-b91c-dc4cf49a26c8", "HTTPHeaders": {"x-amzn-requestid": "4b604042-e9b9-416b-b91c-dc4cf49a26c8", "date": "Tue, 19 May 2020 15:20:08 GMT", "content-length": "2256", "content-type": "application/x-amz-json-1.1"}}, "logGroups": [{"storedBytes": 5018, "metricFilterCount": 0, "creationTime": 1585362690048, "logGroupName": "/aws/events/GuardDutyFindings", "retentionInDays": 90, "arn": "arn:aws:logs:eu-west-1:043898046743:log-group:/aws/events/GuardDutyFindings:*"}, {"storedBytes": 0, "metricFilterCount": 0, "creationTime": 1585362690289, "logGroupName": "/aws/events/IAMDetect", "retentionInDays": 14, "arn": "arn:aws:logs:eu-west-1:043898046743:log-group:/aws/events/IAMDetect:*"}, {"storedBytes": 0, "metricFilterCount": 0, "creationTime": 1585362690172, "logGroupName": "/aws/events/NetDetect", "retentionInDays": 14, "arn": "arn:aws:logs:eu-west-1:043898046743:log-group:/aws/events/NetDetect:*"}, {"arn": "arn:aws:logs:eu-west-1:043898046743:log-group:/aws/lambda/Config-Support-Role:*", "creationTime": 1587054289593, "metricFilterCount": 0, "logGroupName": "/aws/lambda/Config-Support-Role", "storedBytes": 1458159}, {"arn": "arn:aws:logs:eu-west-1:043898046743:log-group:/aws/lambda/Config-WAF-central-logging:*", "creationTime": 1587054289633, "metricFilterCount": 0, "logGroupName": "/aws/lambda/Config-WAF-central-logging", "storedBytes": 195764}, {"storedBytes": 0, "metricFilterCount": 0, "creationTime": 1579979592083, "logGroupName": "/aws/lambda/LandingZoneLocalSNSNotificationForwarder", "retentionInDays": 14, "arn": "arn:aws:logs:eu-west-1:043898046743:log-group:/aws/lambda/LandingZoneLocalSNSNotificationForwarder:*"}, {"arn": "arn:aws:logs:eu-west-1:043898046743:log-group:/aws/lambda/StackSet-AWS-Landing-Zone-Baseline-CloudWat-Lambda-1X78BU468JD5O:*", "creationTime": 1585449667949, "metricFilterCount": 0, "logGroupName": "/aws/lambda/StackSet-AWS-Landing-Zone-Baseline-CloudWat-Lambda-1X78BU468JD5O", "storedBytes": 2325}, {"arn": "arn:aws:logs:eu-west-1:043898046743:log-group:/aws/lambda/StackSet-enableEBSdefault-EnableEBSEncryptionFunct-19YA9CWWUR9GT:*", "creationTime": 1585791584234, "metricFilterCount": 0, "logGroupName": "/aws/lambda/StackSet-enableEBSdefault-EnableEBSEncryptionFunct-19YA9CWWUR9GT", "storedBytes": 2512}, {"arn": "arn:aws:logs:eu-west-1:043898046743:log-group:/aws/lambda/StackSet-enableEBSdefault-EnableEBSEncryptionFunct-WYT3OCZ0JD8G:*", "creationTime": 1589318867984, "metricFilterCount": 0, "logGroupName": "/aws/lambda/StackSet-enableEBSdefault-EnableEBSEncryptionFunct-WYT3OCZ0JD8G", "storedBytes": 2530}]}}