{"region": "ap-southeast-2", "operation": "DescribeResourcePolicies", "service": "logs", "response": {"resourcePolicies": [{"policyName": "AllowCloudWatchOnLogGroup", "policyDocument": "{\"Version\":\"2012-10-17\",\"Statement\":[{\"Sid\":\"TrustEventsToStoreLogEvent\",\"Effect\":\"Allow\",\"Principal\":{\"Service\":[\"delivery.logs.amazonaws.com\",\"events.amazonaws.com\"]},\"Action\":[\"logs:CreateLogStream\",\"logs:PutLogEvents\"],\"Resource\":\"arn:aws:logs:ap-southeast-2:043898046743:log-group:/aws/events/*:*\"}]}", "lastUpdatedTime": 1589818736815}], "ResponseMetadata": {"RetryAttempts": 0, "HTTPStatusCode": 200, "RequestId": "c9f21e23-065b-4d7a-aba3-0e4eb53f6d5a", "HTTPHeaders": {"x-amzn-requestid": "c9f21e23-065b-4d7a-aba3-0e4eb53f6d5a", "date": "Tue, 19 May 2020 15:19:06 GMT", "content-length": "454", "content-type": "application/x-amz-json-1.1"}}}}