{"region": "us-east-1", "operation": "DescribeQueries", "service": "logs", "response": {"ResponseMetadata": {"RetryAttempts": 0, "HTTPStatusCode": 200, "RequestId": "45a93245-653b-4a7c-a2c5-dbe66068c1a4", "HTTPHeaders": {"x-amzn-requestid": "45a93245-653b-4a7c-a2c5-dbe66068c1a4", "date": "Tue, 19 May 2020 15:19:56 GMT", "content-length": "4689", "content-type": "application/x-amz-json-1.1"}}, "queries": [{"status": "Complete", "queryString": "SOURCE \"/aws/lambda/ImageBuilderRoles-Win16LambdaFunction-3K0W8SA02F9W\" START=-10800s END=0s | \n        filter @type = \"REPORT\"\n        \n        | fields @timestamp as Timestamp, @requestId as RequestID, @logStream as LogStream, @duration as DurationInMS, @billedDuration as BilledDurationInMS, @memorySize/1000000 as MemorySetInMB, @maxMemoryUsed/1000000 as MemoryUsedInMB\n        | sort Timestamp desc\n        | head 9\n    ", "queryId": "af7ac5a1-c977-4666-8f3e-5ed01be6ab06", "createTime": 1589551291793, "logGroupName": "/aws/lambda/ImageBuilderRoles-Win16LambdaFunction-3K0W8SA02F9W"}, {"status": "Complete", "queryString": "SOURCE \"/aws/lambda/ImageBuilderRoles-Win16LambdaFunction-3K0W8SA02F9W\" START=-10800s END=0s | \n        filter @type = \"REPORT\"\n        \n        | fields @timestamp as Timestamp, @requestId as RequestID, @logStream as LogStream, @billedDuration as BilledDurationInMS, @memorySize/1000000 as MemorySetInMB, @billedDuration/1000*MemorySetInMB/1024 as BilledDurationInGBSeconds\n        | sort BilledDurationInGBSeconds desc\n        | head 9\n    ", "queryId": "446eb315-4abe-46a6-8edc-ae6993f9d7f8", "createTime": 1589551291787, "logGroupName": "/aws/lambda/ImageBuilderRoles-Win16LambdaFunction-3K0W8SA02F9W"}, {"status": "Complete", "queryString": "SOURCE \"/aws/lambda/Config-Support-Role\" START=-10800s END=0s | \n        filter @type = \"REPORT\"\n        \n        | fields @timestamp as Timestamp, @requestId as RequestID, @logStream as LogStream, @billedDuration as BilledDurationInMS, @memorySize/1000000 as MemorySetInMB, @billedDuration/1000*MemorySetInMB/1024 as BilledDurationInGBSeconds\n        | sort BilledDurationInGBSeconds desc\n        | head 9\n    ", "queryId": "7c6e2b00-8d10-4f74-96a0-0c80aa1b710a", "createTime": 1588305542285, "logGroupName": "/aws/lambda/Config-Support-Role"}, {"status": "Complete", "queryString": "SOURCE \"/aws/lambda/Config-Support-Role\" START=-10800s END=0s | \n        filter @type = \"REPORT\"\n        \n        | fields @timestamp as Timestamp, @requestId as RequestID, @logStream as LogStream, @duration as DurationInMS, @billedDuration as BilledDurationInMS, @memorySize/1000000 as MemorySetInMB, @maxMemoryUsed/1000000 as MemoryUsedInMB\n        | sort Timestamp desc\n        | head 9\n    ", "queryId": "c14fa099-1a36-4978-9f11-877396e1be05", "createTime": 1588305542274, "logGroupName": "/aws/lambda/Config-Support-Role"}, {"status": "Complete", "queryString": "SOURCE \"/aws/lambda/Config-Support-Role\" START=-10800s END=0s | \n        filter @type = \"REPORT\"\n        \n        | fields @timestamp as Timestamp, @requestId as RequestID, @logStream as LogStream, @billedDuration as BilledDurationInMS, @memorySize/1000000 as MemorySetInMB, @billedDuration/1000*MemorySetInMB/1024 as BilledDurationInGBSeconds\n        | sort BilledDurationInGBSeconds desc\n        | head 9\n    ", "queryId": "5094b6fe-918d-4f14-ba50-fca7615e4dd5", "createTime": 1588305074503, "logGroupName": "/aws/lambda/Config-Support-Role"}, {"status": "Complete", "queryString": "SOURCE \"/aws/lambda/Config-Support-Role\" START=-10800s END=0s | \n        filter @type = \"REPORT\"\n        \n        | fields @timestamp as Timestamp, @requestId as RequestID, @logStream as LogStream, @duration as DurationInMS, @billedDuration as BilledDurationInMS, @memorySize/1000000 as MemorySetInMB, @maxMemoryUsed/1000000 as MemoryUsedInMB\n        | sort Timestamp desc\n        | head 9\n    ", "queryId": "89700e68-29a8-4012-973c-ddc5e7a035d9", "createTime": 1588305074488, "logGroupName": "/aws/lambda/Config-Support-Role"}, {"status": "Complete", "queryString": "SOURCE \"/aws/lambda/Deactivate-Internet-Gateway\" START=-10800s END=0s | \nfilter @type = \"REPORT\"\n| fields @timestamp as Timestamp, @requestId as RequestID, @logStream as LogStream, @billedDuration as BilledDurationInMS, @memorySize/1000000 as MemorySetInMB, @billedDuration/1000*MemorySetInMB/1024 as BilledDurationInGBSeconds\n| sort BilledDurationInGBSeconds desc\n| head 9\n", "queryId": "1326c474-791c-4146-97c1-97357e8e2112", "createTime": 1584140694654, "logGroupName": "/aws/lambda/Deactivate-Internet-Gateway"}, {"status": "Complete", "queryString": "SOURCE \"/aws/lambda/Deactivate-Internet-Gateway\" START=-10800s END=0s | \nfilter @type = \"REPORT\"\n| fields @timestamp as Timestamp, @requestId as RequestID, @logStream as LogStream, @duration as DurationInMS, @billedDuration as BilledDurationInMS, @memorySize/1000000 as MemorySetInMB, @maxMemoryUsed/1000000 as MemoryUsedInMB\n| sort Timestamp desc\n| head 9\n", "queryId": "7d91cbe1-2c1f-4d63-baa2-47d41812cf9a", "createTime": 1584140694640, "logGroupName": "/aws/lambda/Deactivate-Internet-Gateway"}]}}