{"region": "ap-east-1", "operation": "DescribeResourcePolicies", "service": "logs", "response": {"resourcePolicies": [{"policyName": "AllowCloudWatchOnLogGroup", "policyDocument": "{\"Version\":\"2012-10-17\",\"Statement\":[{\"Sid\":\"TrustEventsToStoreLogEvent\",\"Effect\":\"Allow\",\"Principal\":{\"Service\":[\"delivery.logs.amazonaws.com\",\"events.amazonaws.com\"]},\"Action\":[\"logs:CreateLogStream\",\"logs:PutLogEvents\"],\"Resource\":\"arn:aws:logs:ap-east-1:043898046743:log-group:/aws/events/*:*\"}]}", "lastUpdatedTime": 1589818739189}], "ResponseMetadata": {"RetryAttempts": 0, "HTTPStatusCode": 200, "RequestId": "ec8069eb-b5b8-42d8-b0e9-11c294342919", "HTTPHeaders": {"x-amzn-requestid": "ec8069eb-b5b8-42d8-b0e9-11c294342919", "date": "Tue, 19 May 2020 15:18:55 GMT", "content-length": "449", "content-type": "application/x-amz-json-1.1"}}}}