{"region": "eu-west-1", "operation": "DescribeResourcePolicies", "service": "logs", "response": {"resourcePolicies": [{"policyName": "AllowCloudWatchOnLogGroup", "policyDocument": "{\"Version\":\"2012-10-17\",\"Statement\":[{\"Sid\":\"TrustEventsToStoreLogEvent\",\"Effect\":\"Allow\",\"Principal\":{\"Service\":[\"delivery.logs.amazonaws.com\",\"events.amazonaws.com\"]},\"Action\":[\"logs:CreateLogStream\",\"logs:PutLogEvents\"],\"Resource\":\"arn:aws:logs:eu-west-1:043898046743:log-group:/aws/events/*:*\"}]}", "lastUpdatedTime": 1589818737841}], "ResponseMetadata": {"RetryAttempts": 0, "HTTPStatusCode": 200, "RequestId": "2bdd10b7-ea6d-44e3-ab69-5a3d7e143ebf", "HTTPHeaders": {"x-amzn-requestid": "2bdd10b7-ea6d-44e3-ab69-5a3d7e143ebf", "date": "Tue, 19 May 2020 15:19:26 GMT", "content-length": "449", "content-type": "application/x-amz-json-1.1"}}}}