{"region": "ap-southeast-1", "operation": "DescribeResourcePolicies", "service": "logs", "response": {"resourcePolicies": [{"policyName": "AllowCloudWatchOnLogGroup", "policyDocument": "{\"Version\":\"2012-10-17\",\"Statement\":[{\"Sid\":\"TrustEventsToStoreLogEvent\",\"Effect\":\"Allow\",\"Principal\":{\"Service\":[\"delivery.logs.amazonaws.com\",\"events.amazonaws.com\"]},\"Action\":[\"logs:CreateLogStream\",\"logs:PutLogEvents\"],\"Resource\":\"arn:aws:logs:ap-southeast-1:043898046743:log-group:/aws/events/*:*\"}]}", "lastUpdatedTime": 1589818735791}], "ResponseMetadata": {"RetryAttempts": 0, "HTTPStatusCode": 200, "RequestId": "02cd33e9-32be-49cf-b6e3-ec56b660cd80", "HTTPHeaders": {"x-amzn-requestid": "02cd33e9-32be-49cf-b6e3-ec56b660cd80", "date": "Tue, 19 May 2020 15:20:19 GMT", "content-length": "454", "content-type": "application/x-amz-json-1.1"}}}}