{"region": "ap-southeast-1", "operation": "DescribeLogGroups", "service": "logs", "response": {"ResponseMetadata": {"RetryAttempts": 0, "HTTPStatusCode": 200, "RequestId": "7fd9270a-47c8-4e43-89c9-db4c8b687eed", "HTTPHeaders": {"x-amzn-requestid": "7fd9270a-47c8-4e43-89c9-db4c8b687eed", "date": "Tue, 19 May 2020 15:18:42 GMT", "content-length": "2301", "content-type": "application/x-amz-json-1.1"}}, "logGroups": [{"storedBytes": 5217, "metricFilterCount": 0, "creationTime": 1585362610212, "logGroupName": "/aws/events/GuardDutyFindings", "retentionInDays": 90, "arn": "arn:aws:logs:ap-southeast-1:043898046743:log-group:/aws/events/GuardDutyFindings:*"}, {"storedBytes": 0, "metricFilterCount": 0, "creationTime": 1585362610135, "logGroupName": "/aws/events/IAMDetect", "retentionInDays": 14, "arn": "arn:aws:logs:ap-southeast-1:043898046743:log-group:/aws/events/IAMDetect:*"}, {"storedBytes": 0, "metricFilterCount": 0, "creationTime": 1585362610195, "logGroupName": "/aws/events/NetDetect", "retentionInDays": 14, "arn": "arn:aws:logs:ap-southeast-1:043898046743:log-group:/aws/events/NetDetect:*"}, {"arn": "arn:aws:logs:ap-southeast-1:043898046743:log-group:/aws/lambda/Config-Support-Role:*", "creationTime": 1587053684450, "metricFilterCount": 0, "logGroupName": "/aws/lambda/Config-Support-Role", "storedBytes": 1272518}, {"arn": "arn:aws:logs:ap-southeast-1:043898046743:log-group:/aws/lambda/Config-WAF-central-logging:*", "creationTime": 1587053684483, "metricFilterCount": 0, "logGroupName": "/aws/lambda/Config-WAF-central-logging", "storedBytes": 180745}, {"storedBytes": 0, "metricFilterCount": 0, "creationTime": 1579979230364, "logGroupName": "/aws/lambda/LandingZoneLocalSNSNotificationForwarder", "retentionInDays": 14, "arn": "arn:aws:logs:ap-southeast-1:043898046743:log-group:/aws/lambda/LandingZoneLocalSNSNotificationForwarder:*"}, {"arn": "arn:aws:logs:ap-southeast-1:043898046743:log-group:/aws/lambda/StackSet-AWS-Landing-Zone-Baseline-CloudWat-Lambda-12HK54P5G0R2D:*", "creationTime": 1585449303075, "metricFilterCount": 0, "logGroupName": "/aws/lambda/StackSet-AWS-Landing-Zone-Baseline-CloudWat-Lambda-12HK54P5G0R2D", "storedBytes": 2329}, {"arn": "arn:aws:logs:ap-southeast-1:043898046743:log-group:/aws/lambda/StackSet-enableEBSdefault-EnableEBSEncryptionFunct-1A867DZOBO2JA:*", "creationTime": 1585791733659, "metricFilterCount": 0, "logGroupName": "/aws/lambda/StackSet-enableEBSdefault-EnableEBSEncryptionFunct-1A867DZOBO2JA", "storedBytes": 1241}, {"arn": "arn:aws:logs:ap-southeast-1:043898046743:log-group:/aws/lambda/StackSet-enableEBSdefault-EnableEBSEncryptionFunct-5342ZH9BEQY3:*", "creationTime": 1589318774368, "metricFilterCount": 0, "logGroupName": "/aws/lambda/StackSet-enableEBSdefault-EnableEBSEncryptionFunct-5342ZH9BEQY3", "storedBytes": 2538}]}}