{"region": "ca-central-1", "operation": "ListResourceTypes", "service": "ram", "response": {"resourceTypes": [{"resourceType": "codebuild:ReportGroup", "serviceName": "codebuild"}, {"resourceType": "ec2:TransitGateway", "serviceName": "ec2"}, {"resourceType": "rds:Cluster", "serviceName": "rds"}, {"resourceType": "resource-groups:Group", "serviceName": "resource-groups"}, {"resourceType": "ec2:TrafficMirrorTarget", "serviceName": "ec2"}, {"resourceType": "license-manager:LicenseConfiguration", "serviceName": "license-manager"}, {"resourceType": "appmesh:Mesh", "serviceName": "appmesh"}, {"resourceType": "ec2:CapacityReservation", "serviceName": "ec2"}, {"resourceType": "ec2:DedicatedHost", "serviceName": "ec2"}, {"resourceType": "imagebuilder:Component", "serviceName": "imagebuilder"}, {"resourceType": "imagebuilder:Image", "serviceName": "imagebuilder"}, {"resourceType": "ec2:Subnet", "serviceName": "ec2"}, {"resourceType": "imagebuilder:ImageRecipe", "serviceName": "imagebuilder"}, {"resourceType": "ec2:CoipPool", "serviceName": "ec2"}, {"resourceType": "route53resolver:ResolverRule", "serviceName": "route53resolver"}, {"resourceType": "codebuild:Project", "serviceName": "codebuild"}], "ResponseMetadata": {"RetryAttempts": 0, "HTTPStatusCode": 200, "RequestId": "b8a49161-f22d-403d-8ce8-a08a84ff4d66", "HTTPHeaders": {"x-amzn-requestid": "b8a49161-f22d-403d-8ce8-a08a84ff4d66", "content-length": "1051", "x-amz-apigw-id": "MyPbtF504osFfMw=", "x-amzn-trace-id": "Root=1-5ec3f917-edbf4fd902f2d726e2ad3b0d", "connection": "keep-alive", "date": "Tue, 19 May 2020 15:19:51 GMT", "content-type": "application/json"}}}}