{"region": "ap-southeast-1", "operation": "ListResourceTypes", "service": "ram", "response": {"resourceTypes": [{"resourceType": "ec2:TransitGateway", "serviceName": "ec2"}, {"resourceType": "appmesh:Mesh", "serviceName": "appmesh"}, {"resourceType": "codebuild:Project", "serviceName": "codebuild"}, {"resourceType": "rds:Cluster", "serviceName": "rds"}, {"resourceType": "license-manager:LicenseConfiguration", "serviceName": "license-manager"}, {"resourceType": "imagebuilder:Component", "serviceName": "imagebuilder"}, {"resourceType": "ec2:DedicatedHost", "serviceName": "ec2"}, {"resourceType": "imagebuilder:Image", "serviceName": "imagebuilder"}, {"resourceType": "ec2:CoipPool", "serviceName": "ec2"}, {"resourceType": "resource-groups:Group", "serviceName": "resource-groups"}, {"resourceType": "ec2:Subnet", "serviceName": "ec2"}, {"resourceType": "ec2:CapacityReservation", "serviceName": "ec2"}, {"resourceType": "codebuild:ReportGroup", "serviceName": "codebuild"}, {"resourceType": "route53resolver:ResolverRule", "serviceName": "route53resolver"}, {"resourceType": "imagebuilder:ImageRecipe", "serviceName": "imagebuilder"}, {"resourceType": "ec2:TrafficMirrorTarget", "serviceName": "ec2"}], "ResponseMetadata": {"RetryAttempts": 0, "HTTPStatusCode": 200, "RequestId": "b41f65d9-dbb2-4c0a-865a-74cb0c24ff7a", "HTTPHeaders": {"x-amzn-requestid": "b41f65d9-dbb2-4c0a-865a-74cb0c24ff7a", "content-length": "1051", "x-amz-apigw-id": "MyPZHFYuSQ0FZVg=", "x-amzn-trace-id": "Root=1-5ec3f907-f670deb122716dee9fbf47a1", "connection": "keep-alive", "date": "Tue, 19 May 2020 15:19:35 GMT", "content-type": "application/json"}}}}