{"region": "eu-west-1", "operation": "ListPermissions", "service": "ram", "response": {"ResponseMetadata": {"RetryAttempts": 0, "HTTPStatusCode": 200, "RequestId": "b508c84b-25c5-47e7-9540-f794cf85f6f5", "HTTPHeaders": {"x-amzn-requestid": "b508c84b-25c5-47e7-9540-f794cf85f6f5", "content-length": "4451", "x-amz-apigw-id": "MyPdrEXYDoEF-Og=", "x-amzn-trace-id": "Root=1-5ec3f924-42104f9e1949b83e75bd7960", "connection": "keep-alive", "date": "Tue, 19 May 2020 15:20:04 GMT", "content-type": "application/json"}}, "permissions": [{"name": "AWSRAMDefaultPermissionAppMesh", "resourceType": "appmesh:Mesh", "creationTime": "2020-05-12T18:12:40.702000+00:00", "version": "1", "defaultVersion": true, "arn": "arn:aws:ram::aws:permission/AWSRAMDefaultPermissionAppMesh", "lastUpdatedTime": "2020-05-12T18:12:40.702000+00:00"}, {"name": "AWSRAMDefaultPermissionCapacityReservation", "resourceType": "ec2:CapacityReservation", "creationTime": "2020-01-08T19:20:22.718000+00:00", "version": "1", "defaultVersion": true, "arn": "arn:aws:ram::aws:permission/AWSRAMDefaultPermissionCapacityReservation", "lastUpdatedTime": "2020-01-08T19:20:22.718000+00:00"}, {"name": "AWSRAMDefaultPermissionCodeBuildProject", "resourceType": "codebuild:Project", "creationTime": "2020-01-08T19:20:23.254000+00:00", "version": "1", "defaultVersion": true, "arn": "arn:aws:ram::aws:permission/AWSRAMDefaultPermissionCodeBuildProject", "lastUpdatedTime": "2020-01-08T19:20:23.254000+00:00"}, {"name": "AWSRAMDefaultPermissionCodeBuildReportGroup", "resourceType": "codebuild:ReportGroup", "creationTime": "2020-01-08T19:20:23.674000+00:00", "version": "1", "defaultVersion": true, "arn": "arn:aws:ram::aws:permission/AWSRAMDefaultPermissionCodeBuildReportGroup", "lastUpdatedTime": "2020-01-08T19:20:23.674000+00:00"}, {"name": "AWSRAMDefaultPermissionCoipPool", "resourceType": "ec2:CoipPool", "creationTime": "2020-04-07T19:20:25.783000+00:00", "version": "1", "defaultVersion": true, "arn": "arn:aws:ram::aws:permission/AWSRAMDefaultPermissionCoipPool", "lastUpdatedTime": "2020-04-07T19:20:25.783000+00:00"}, {"name": "AWSRAMDefaultPermissionDedicatedHost", "resourceType": "ec2:DedicatedHost", "creationTime": "2020-01-08T19:20:24.112000+00:00", "version": "1", "defaultVersion": true, "arn": "arn:aws:ram::aws:permission/AWSRAMDefaultPermissionDedicatedHost", "lastUpdatedTime": "2020-01-08T19:20:24.112000+00:00"}, {"name": "AWSRAMDefaultPermissionImageBuilderComponent", "resourceType": "imagebuilder:Component", "creationTime": "2020-01-08T19:20:26.291000+00:00", "version": "1", "defaultVersion": true, "arn": "arn:aws:ram::aws:permission/AWSRAMDefaultPermissionImageBuilderComponent", "lastUpdatedTime": "2020-01-08T19:20:26.291000+00:00"}, {"name": "AWSRAMDefaultPermissionImageBuilderImage", "resourceType": "imagebuilder:Image", "creationTime": "2020-01-08T19:20:25.834000+00:00", "version": "1", "defaultVersion": true, "arn": "arn:aws:ram::aws:permission/AWSRAMDefaultPermissionImageBuilderImage", "lastUpdatedTime": "2020-01-08T19:20:25.834000+00:00"}, {"name": "AWSRAMDefaultPermissionImageBuilderImageRecipe", "resourceType": "imagebuilder:ImageRecipe", "creationTime": "2020-01-08T19:20:27.515000+00:00", "version": "1", "defaultVersion": true, "arn": "arn:aws:ram::aws:permission/AWSRAMDefaultPermissionImageBuilderImageRecipe", "lastUpdatedTime": "2020-01-08T19:20:27.515000+00:00"}, {"name": "AWSRAMDefaultPermissionLicenseConfiguration", "resourceType": "license-manager:LicenseConfiguration", "creationTime": "2020-01-08T19:20:22.302000+00:00", "version": "1", "defaultVersion": true, "arn": "arn:aws:ram::aws:permission/AWSRAMDefaultPermissionLicenseConfiguration", "lastUpdatedTime": "2020-01-08T19:20:22.302000+00:00"}, {"name": "AWSRAMDefaultPermissionRDSCluster", "resourceType": "rds:Cluster", "creationTime": "2020-01-08T19:20:21.348000+00:00", "version": "1", "defaultVersion": true, "arn": "arn:aws:ram::aws:permission/AWSRAMDefaultPermissionRDSCluster", "lastUpdatedTime": "2020-01-08T19:20:21.348000+00:00"}, {"name": "AWSRAMDefaultPermissionResolverRule", "resourceType": "route53resolver:ResolverRule", "creationTime": "2020-01-08T19:20:20.866000+00:00", "version": "1", "defaultVersion": true, "arn": "arn:aws:ram::aws:permission/AWSRAMDefaultPermissionResolverRule", "lastUpdatedTime": "2020-01-08T19:20:20.866000+00:00"}, {"name": "AWSRAMDefaultPermissionResourceGroup", "resourceType": "resource-groups:Group", "creationTime": "2020-01-08T19:20:17.887000+00:00", "version": "1", "defaultVersion": true, "arn": "arn:aws:ram::aws:permission/AWSRAMDefaultPermissionResourceGroup", "lastUpdatedTime": "2020-01-08T19:20:17.887000+00:00"}, {"name": "AWSRAMDefaultPermissionServerManageability", "resourceType": "ec2:DedicatedHost", "creationTime": "2020-01-08T19:20:24.620000+00:00", "version": "1", "defaultVersion": true, "arn": "arn:aws:ram::aws:permission/AWSRAMDefaultPermissionServerManageability", "lastUpdatedTime": "2020-01-08T19:20:24.620000+00:00"}, {"name": "AWSRAMDefaultPermissionSubnet", "resourceType": "ec2:Subnet", "creationTime": "2020-01-08T19:20:18.426000+00:00", "version": "1", "defaultVersion": true, "arn": "arn:aws:ram::aws:permission/AWSRAMDefaultPermissionSubnet", "lastUpdatedTime": "2020-01-08T19:20:18.426000+00:00"}, {"name": "AWSRAMDefaultPermissionTrafficMirror", "resourceType": "ec2:TrafficMirrorTarget", "creationTime": "2020-01-08T19:20:20.416000+00:00", "version": "1", "defaultVersion": true, "arn": "arn:aws:ram::aws:permission/AWSRAMDefaultPermissionTrafficMirror", "lastUpdatedTime": "2020-01-08T19:20:20.416000+00:00"}, {"name": "AWSRAMDefaultPermissionTransitGateway", "resourceType": "ec2:TransitGateway", "creationTime": "2020-01-08T19:20:19.404000+00:00", "version": "1", "defaultVersion": true, "arn": "arn:aws:ram::aws:permission/AWSRAMDefaultPermissionTransitGateway", "lastUpdatedTime": "2020-01-08T19:20:19.404000+00:00"}]}}