{"region": "eu-north-1", "operation": "ListResourceTypes", "service": "ram", "response": {"resourceTypes": [{"resourceType": "ec2:TransitGateway", "serviceName": "ec2"}, {"resourceType": "route53resolver:ResolverRule", "serviceName": "route53resolver"}, {"resourceType": "imagebuilder:ImageRecipe", "serviceName": "imagebuilder"}, {"resourceType": "license-manager:LicenseConfiguration", "serviceName": "license-manager"}, {"resourceType": "ec2:CoipPool", "serviceName": "ec2"}, {"resourceType": "ec2:CapacityReservation", "serviceName": "ec2"}, {"resourceType": "ec2:TrafficMirrorTarget", "serviceName": "ec2"}, {"resourceType": "codebuild:ReportGroup", "serviceName": "codebuild"}, {"resourceType": "codebuild:Project", "serviceName": "codebuild"}, {"resourceType": "imagebuilder:Component", "serviceName": "imagebuilder"}, {"resourceType": "imagebuilder:Image", "serviceName": "imagebuilder"}, {"resourceType": "ec2:DedicatedHost", "serviceName": "ec2"}, {"resourceType": "rds:Cluster", "serviceName": "rds"}, {"resourceType": "resource-groups:Group", "serviceName": "resource-groups"}, {"resourceType": "ec2:Subnet", "serviceName": "ec2"}, {"resourceType": "appmesh:Mesh", "serviceName": "appmesh"}], "ResponseMetadata": {"RetryAttempts": 0, "HTTPStatusCode": 200, "RequestId": "6a238f49-781c-413c-a992-6227bf275edd", "HTTPHeaders": {"x-amzn-requestid": "6a238f49-781c-413c-a992-6227bf275edd", "content-length": "1051", "x-amz-apigw-id": "MyPcqGcUgi0Ft0Q=", "x-amzn-trace-id": "Root=1-5ec3f91d-d31df0004bc74a00afbbfd00", "connection": "keep-alive", "date": "Tue, 19 May 2020 15:19:57 GMT", "content-type": "application/json"}}}}