{"region": "ap-northeast-2", "operation": "ListPermissions", "service": "ram", "response": {"ResponseMetadata": {"RetryAttempts": 0, "HTTPStatusCode": 200, "RequestId": "e07da5ac-8301-4e64-9061-06c6ba8d4ae9", "HTTPHeaders": {"x-amzn-requestid": "e07da5ac-8301-4e64-9061-06c6ba8d4ae9", "content-length": "4451", "x-amz-apigw-id": "MyPc3ELgoE0Frzw=", "x-amzn-trace-id": "Root=1-5ec3f91f-5a6342fbb05b90034f238765", "connection": "keep-alive", "date": "Tue, 19 May 2020 15:19:59 GMT", "content-type": "application/json"}}, "permissions": [{"name": "AWSRAMDefaultPermissionAppMesh", "resourceType": "appmesh:Mesh", "creationTime": "2020-05-12T18:12:58.397000+00:00", "version": "1", "defaultVersion": true, "arn": "arn:aws:ram::aws:permission/AWSRAMDefaultPermissionAppMesh", "lastUpdatedTime": "2020-05-12T18:12:58.397000+00:00"}, {"name": "AWSRAMDefaultPermissionCapacityReservation", "resourceType": "ec2:CapacityReservation", "creationTime": "2020-01-08T19:57:37.037000+00:00", "version": "1", "defaultVersion": true, "arn": "arn:aws:ram::aws:permission/AWSRAMDefaultPermissionCapacityReservation", "lastUpdatedTime": "2020-01-08T19:57:37.037000+00:00"}, {"name": "AWSRAMDefaultPermissionCodeBuildProject", "resourceType": "codebuild:Project", "creationTime": "2020-01-08T19:57:37.979000+00:00", "version": "1", "defaultVersion": true, "arn": "arn:aws:ram::aws:permission/AWSRAMDefaultPermissionCodeBuildProject", "lastUpdatedTime": "2020-01-08T19:57:37.979000+00:00"}, {"name": "AWSRAMDefaultPermissionCodeBuildReportGroup", "resourceType": "codebuild:ReportGroup", "creationTime": "2020-01-08T19:57:38.844000+00:00", "version": "1", "defaultVersion": true, "arn": "arn:aws:ram::aws:permission/AWSRAMDefaultPermissionCodeBuildReportGroup", "lastUpdatedTime": "2020-01-08T19:57:38.844000+00:00"}, {"name": "AWSRAMDefaultPermissionCoipPool", "resourceType": "ec2:CoipPool", "creationTime": "2020-04-07T20:16:02.155000+00:00", "version": "1", "defaultVersion": true, "arn": "arn:aws:ram::aws:permission/AWSRAMDefaultPermissionCoipPool", "lastUpdatedTime": "2020-04-07T20:16:02.155000+00:00"}, {"name": "AWSRAMDefaultPermissionDedicatedHost", "resourceType": "ec2:DedicatedHost", "creationTime": "2020-01-08T19:57:39.673000+00:00", "version": "1", "defaultVersion": true, "arn": "arn:aws:ram::aws:permission/AWSRAMDefaultPermissionDedicatedHost", "lastUpdatedTime": "2020-01-08T19:57:39.673000+00:00"}, {"name": "AWSRAMDefaultPermissionImageBuilderComponent", "resourceType": "imagebuilder:Component", "creationTime": "2020-01-08T19:57:43.091000+00:00", "version": "1", "defaultVersion": true, "arn": "arn:aws:ram::aws:permission/AWSRAMDefaultPermissionImageBuilderComponent", "lastUpdatedTime": "2020-01-08T19:57:43.091000+00:00"}, {"name": "AWSRAMDefaultPermissionImageBuilderImage", "resourceType": "imagebuilder:Image", "creationTime": "2020-01-08T19:57:42.177000+00:00", "version": "1", "defaultVersion": true, "arn": "arn:aws:ram::aws:permission/AWSRAMDefaultPermissionImageBuilderImage", "lastUpdatedTime": "2020-01-08T19:57:42.177000+00:00"}, {"name": "AWSRAMDefaultPermissionImageBuilderImageRecipe", "resourceType": "imagebuilder:ImageRecipe", "creationTime": "2020-01-08T19:57:45.540000+00:00", "version": "1", "defaultVersion": true, "arn": "arn:aws:ram::aws:permission/AWSRAMDefaultPermissionImageBuilderImageRecipe", "lastUpdatedTime": "2020-01-08T19:57:45.540000+00:00"}, {"name": "AWSRAMDefaultPermissionLicenseConfiguration", "resourceType": "license-manager:LicenseConfiguration", "creationTime": "2020-01-08T19:57:36.199000+00:00", "version": "1", "defaultVersion": true, "arn": "arn:aws:ram::aws:permission/AWSRAMDefaultPermissionLicenseConfiguration", "lastUpdatedTime": "2020-01-08T19:57:36.199000+00:00"}, {"name": "AWSRAMDefaultPermissionRDSCluster", "resourceType": "rds:Cluster", "creationTime": "2020-01-08T19:57:34.511000+00:00", "version": "1", "defaultVersion": true, "arn": "arn:aws:ram::aws:permission/AWSRAMDefaultPermissionRDSCluster", "lastUpdatedTime": "2020-01-08T19:57:34.511000+00:00"}, {"name": "AWSRAMDefaultPermissionResolverRule", "resourceType": "route53resolver:ResolverRule", "creationTime": "2020-01-08T19:57:33.627000+00:00", "version": "1", "defaultVersion": true, "arn": "arn:aws:ram::aws:permission/AWSRAMDefaultPermissionResolverRule", "lastUpdatedTime": "2020-01-08T19:57:33.627000+00:00"}, {"name": "AWSRAMDefaultPermissionResourceGroup", "resourceType": "resource-groups:Group", "creationTime": "2020-01-08T19:57:28.347000+00:00", "version": "1", "defaultVersion": true, "arn": "arn:aws:ram::aws:permission/AWSRAMDefaultPermissionResourceGroup", "lastUpdatedTime": "2020-01-08T19:57:28.347000+00:00"}, {"name": "AWSRAMDefaultPermissionServerManageability", "resourceType": "ec2:DedicatedHost", "creationTime": "2020-01-08T19:57:40.505000+00:00", "version": "1", "defaultVersion": true, "arn": "arn:aws:ram::aws:permission/AWSRAMDefaultPermissionServerManageability", "lastUpdatedTime": "2020-01-08T19:57:40.505000+00:00"}, {"name": "AWSRAMDefaultPermissionSubnet", "resourceType": "ec2:Subnet", "creationTime": "2020-01-08T19:57:29.287000+00:00", "version": "1", "defaultVersion": true, "arn": "arn:aws:ram::aws:permission/AWSRAMDefaultPermissionSubnet", "lastUpdatedTime": "2020-01-08T19:57:29.287000+00:00"}, {"name": "AWSRAMDefaultPermissionTrafficMirror", "resourceType": "ec2:TrafficMirrorTarget", "creationTime": "2020-01-08T19:57:32.706000+00:00", "version": "1", "defaultVersion": true, "arn": "arn:aws:ram::aws:permission/AWSRAMDefaultPermissionTrafficMirror", "lastUpdatedTime": "2020-01-08T19:57:32.706000+00:00"}, {"name": "AWSRAMDefaultPermissionTransitGateway", "resourceType": "ec2:TransitGateway", "creationTime": "2020-01-08T19:57:30.978000+00:00", "version": "1", "defaultVersion": true, "arn": "arn:aws:ram::aws:permission/AWSRAMDefaultPermissionTransitGateway", "lastUpdatedTime": "2020-01-08T19:57:30.978000+00:00"}]}}