{"region": "eu-central-1", "operation": "ListResourceTypes", "service": "ram", "response": {"resourceTypes": [{"resourceType": "license-manager:LicenseConfiguration", "serviceName": "license-manager"}, {"resourceType": "resource-groups:Group", "serviceName": "resource-groups"}, {"resourceType": "ec2:Subnet", "serviceName": "ec2"}, {"resourceType": "imagebuilder:Component", "serviceName": "imagebuilder"}, {"resourceType": "rds:Cluster", "serviceName": "rds"}, {"resourceType": "ec2:TrafficMirrorTarget", "serviceName": "ec2"}, {"resourceType": "ec2:TransitGateway", "serviceName": "ec2"}, {"resourceType": "route53resolver:ResolverRule", "serviceName": "route53resolver"}, {"resourceType": "ec2:CoipPool", "serviceName": "ec2"}, {"resourceType": "imagebuilder:ImageRecipe", "serviceName": "imagebuilder"}, {"resourceType": "codebuild:ReportGroup", "serviceName": "codebuild"}, {"resourceType": "ec2:CapacityReservation", "serviceName": "ec2"}, {"resourceType": "appmesh:Mesh", "serviceName": "appmesh"}, {"resourceType": "ec2:DedicatedHost", "serviceName": "ec2"}, {"resourceType": "imagebuilder:Image", "serviceName": "imagebuilder"}, {"resourceType": "codebuild:Project", "serviceName": "codebuild"}], "ResponseMetadata": {"RetryAttempts": 0, "HTTPStatusCode": 200, "RequestId": "091530ae-e34e-47f5-af34-ffae1c04df93", "HTTPHeaders": {"x-amzn-requestid": "091530ae-e34e-47f5-af34-ffae1c04df93", "content-length": "1051", "x-amz-apigw-id": "MyPfrGYQFiAFVfg=", "x-amzn-trace-id": "Root=1-5ec3f931-5dd587fe6f9dbcde2bcb75d2", "connection": "keep-alive", "date": "Tue, 19 May 2020 15:20:17 GMT", "content-type": "application/json"}}}}