{"region": "us-west-1", "operation": "ListResourceTypes", "service": "ram", "response": {"resourceTypes": [{"resourceType": "license-manager:LicenseConfiguration", "serviceName": "license-manager"}, {"resourceType": "ec2:TransitGateway", "serviceName": "ec2"}, {"resourceType": "imagebuilder:Component", "serviceName": "imagebuilder"}, {"resourceType": "resource-groups:Group", "serviceName": "resource-groups"}, {"resourceType": "ec2:Subnet", "serviceName": "ec2"}, {"resourceType": "imagebuilder:ImageRecipe", "serviceName": "imagebuilder"}, {"resourceType": "imagebuilder:Image", "serviceName": "imagebuilder"}, {"resourceType": "ec2:TrafficMirrorTarget", "serviceName": "ec2"}, {"resourceType": "codebuild:ReportGroup", "serviceName": "codebuild"}, {"resourceType": "ec2:CapacityReservation", "serviceName": "ec2"}, {"resourceType": "route53resolver:ResolverRule", "serviceName": "route53resolver"}, {"resourceType": "ec2:CoipPool", "serviceName": "ec2"}, {"resourceType": "rds:Cluster", "serviceName": "rds"}, {"resourceType": "ec2:DedicatedHost", "serviceName": "ec2"}, {"resourceType": "codebuild:Project", "serviceName": "codebuild"}, {"resourceType": "appmesh:Mesh", "serviceName": "appmesh"}], "ResponseMetadata": {"RetryAttempts": 0, "HTTPStatusCode": 200, "RequestId": "205f697d-2787-44cc-a836-1a2c9d84121f", "HTTPHeaders": {"x-amzn-requestid": "205f697d-2787-44cc-a836-1a2c9d84121f", "content-length": "1051", "x-amz-apigw-id": "MyPPyGXJSK4FjNg=", "x-amzn-trace-id": "Root=1-5ec3f8cb-88d328903b60dce0539802e0", "connection": "keep-alive", "date": "Tue, 19 May 2020 15:18:35 GMT", "content-type": "application/json"}}}}