{"region": "us-west-1", "operation": "ListPermissions", "service": "ram", "response": {"ResponseMetadata": {"RetryAttempts": 0, "HTTPStatusCode": 200, "RequestId": "3557faca-edf3-4f0a-979e-0bab03589b4c", "HTTPHeaders": {"x-amzn-requestid": "3557faca-edf3-4f0a-979e-0bab03589b4c", "content-length": "4453", "x-amz-apigw-id": "MyPMxHaKyK4FlVQ=", "x-amzn-trace-id": "Root=1-5ec3f8b8-6c2a5f704472ff505b4caf10", "connection": "keep-alive", "date": "Tue, 19 May 2020 15:18:16 GMT", "content-type": "application/json"}}, "permissions": [{"name": "AWSRAMDefaultPermissionAppMesh", "resourceType": "appmesh:Mesh", "creationTime": "2020-05-12T18:13:11.257000+00:00", "version": "1", "defaultVersion": true, "arn": "arn:aws:ram::aws:permission/AWSRAMDefaultPermissionAppMesh", "lastUpdatedTime": "2020-05-12T18:13:11.257000+00:00"}, {"name": "AWSRAMDefaultPermissionCapacityReservation", "resourceType": "ec2:CapacityReservation", "creationTime": "2020-01-08T20:04:10.133000+00:00", "version": "1", "defaultVersion": true, "arn": "arn:aws:ram::aws:permission/AWSRAMDefaultPermissionCapacityReservation", "lastUpdatedTime": "2020-01-08T20:04:10.133000+00:00"}, {"name": "AWSRAMDefaultPermissionCodeBuildProject", "resourceType": "codebuild:Project", "creationTime": "2020-01-08T20:04:10.483000+00:00", "version": "1", "defaultVersion": true, "arn": "arn:aws:ram::aws:permission/AWSRAMDefaultPermissionCodeBuildProject", "lastUpdatedTime": "2020-01-08T20:04:10.483000+00:00"}, {"name": "AWSRAMDefaultPermissionCodeBuildReportGroup", "resourceType": "codebuild:ReportGroup", "creationTime": "2020-01-08T20:04:10.804000+00:00", "version": "1", "defaultVersion": true, "arn": "arn:aws:ram::aws:permission/AWSRAMDefaultPermissionCodeBuildReportGroup", "lastUpdatedTime": "2020-01-08T20:04:10.804000+00:00"}, {"name": "AWSRAMDefaultPermissionCoipPool", "resourceType": "ec2:CoipPool", "creationTime": "2020-04-07T19:31:14.148000+00:00", "version": "1", "defaultVersion": true, "arn": "arn:aws:ram::aws:permission/AWSRAMDefaultPermissionCoipPool", "lastUpdatedTime": "2020-04-07T19:31:14.148000+00:00"}, {"name": "AWSRAMDefaultPermissionDedicatedHost", "resourceType": "ec2:DedicatedHost", "creationTime": "2020-01-08T20:04:11.129000+00:00", "version": "1", "defaultVersion": true, "arn": "arn:aws:ram::aws:permission/AWSRAMDefaultPermissionDedicatedHost", "lastUpdatedTime": "2020-01-08T20:04:11.129000+00:00"}, {"name": "AWSRAMDefaultPermissionImageBuilderComponent", "resourceType": "imagebuilder:Component", "creationTime": "2020-01-08T20:04:12.541000+00:00", "version": "1", "defaultVersion": true, "arn": "arn:aws:ram::aws:permission/AWSRAMDefaultPermissionImageBuilderComponent", "lastUpdatedTime": "2020-01-08T20:04:12.541000+00:00"}, {"name": "AWSRAMDefaultPermissionImageBuilderImage", "resourceType": "imagebuilder:Image", "creationTime": "2020-01-08T20:04:12.201000+00:00", "version": "1", "defaultVersion": true, "arn": "arn:aws:ram::aws:permission/AWSRAMDefaultPermissionImageBuilderImage", "lastUpdatedTime": "2020-01-08T20:04:12.201000+00:00"}, {"name": "AWSRAMDefaultPermissionImageBuilderImageRecipe", "resourceType": "imagebuilder:ImageRecipe", "creationTime": "2020-01-08T20:04:13.539000+00:00", "version": "1", "defaultVersion": true, "arn": "arn:aws:ram::aws:permission/AWSRAMDefaultPermissionImageBuilderImageRecipe", "lastUpdatedTime": "2020-01-08T20:04:13.539000+00:00"}, {"name": "AWSRAMDefaultPermissionLicenseConfiguration", "resourceType": "license-manager:LicenseConfiguration", "creationTime": "2020-01-08T20:04:09.812000+00:00", "version": "1", "defaultVersion": true, "arn": "arn:aws:ram::aws:permission/AWSRAMDefaultPermissionLicenseConfiguration", "lastUpdatedTime": "2020-01-08T20:04:09.812000+00:00"}, {"name": "AWSRAMDefaultPermissionRDSCluster", "resourceType": "rds:Cluster", "creationTime": "2020-01-08T20:04:09.143000+00:00", "version": "1", "defaultVersion": true, "arn": "arn:aws:ram::aws:permission/AWSRAMDefaultPermissionRDSCluster", "lastUpdatedTime": "2020-01-08T20:04:09.143000+00:00"}, {"name": "AWSRAMDefaultPermissionResolverRule", "resourceType": "route53resolver:ResolverRule", "creationTime": "2020-01-08T20:04:08.729000+00:00", "version": "1", "defaultVersion": true, "arn": "arn:aws:ram::aws:permission/AWSRAMDefaultPermissionResolverRule", "lastUpdatedTime": "2020-01-08T20:04:08.729000+00:00"}, {"name": "AWSRAMDefaultPermissionResourceGroup", "resourceType": "resource-groups:Group", "creationTime": "2020-01-08T20:04:06.279000+00:00", "version": "1", "defaultVersion": true, "arn": "arn:aws:ram::aws:permission/AWSRAMDefaultPermissionResourceGroup", "lastUpdatedTime": "2020-01-08T20:04:06.279000+00:00"}, {"name": "AWSRAMDefaultPermissionServerManageability", "resourceType": "ec2:DedicatedHost", "creationTime": "2020-01-08T20:04:11.519000+00:00", "version": "1", "defaultVersion": true, "arn": "arn:aws:ram::aws:permission/AWSRAMDefaultPermissionServerManageability", "lastUpdatedTime": "2020-01-08T20:04:11.519000+00:00"}, {"name": "AWSRAMDefaultPermissionSubnet", "resourceType": "ec2:Subnet", "creationTime": "2020-01-08T20:04:06.696000+00:00", "version": "1", "defaultVersion": true, "arn": "arn:aws:ram::aws:permission/AWSRAMDefaultPermissionSubnet", "lastUpdatedTime": "2020-01-08T20:04:06.696000+00:00"}, {"name": "AWSRAMDefaultPermissionTrafficMirror", "resourceType": "ec2:TrafficMirrorTarget", "creationTime": "2020-01-08T20:04:08.337000+00:00", "version": "1", "defaultVersion": true, "arn": "arn:aws:ram::aws:permission/AWSRAMDefaultPermissionTrafficMirror", "lastUpdatedTime": "2020-01-08T20:04:08.337000+00:00"}, {"name": "AWSRAMDefaultPermissionTransitGateway", "resourceType": "ec2:TransitGateway", "creationTime": "2020-01-08T20:04:07.562000+00:00", "version": "1", "defaultVersion": true, "arn": "arn:aws:ram::aws:permission/AWSRAMDefaultPermissionTransitGateway", "lastUpdatedTime": "2020-01-08T20:04:07.562000+00:00"}]}}