{"region": "eu-west-1", "operation": "ListResourceTypes", "service": "ram", "response": {"resourceTypes": [{"resourceType": "ec2:CapacityReservation", "serviceName": "ec2"}, {"resourceType": "imagebuilder:Image", "serviceName": "imagebuilder"}, {"resourceType": "ec2:CoipPool", "serviceName": "ec2"}, {"resourceType": "ec2:Subnet", "serviceName": "ec2"}, {"resourceType": "ec2:TrafficMirrorTarget", "serviceName": "ec2"}, {"resourceType": "route53resolver:ResolverRule", "serviceName": "route53resolver"}, {"resourceType": "ec2:DedicatedHost", "serviceName": "ec2"}, {"resourceType": "imagebuilder:Component", "serviceName": "imagebuilder"}, {"resourceType": "codebuild:Project", "serviceName": "codebuild"}, {"resourceType": "rds:Cluster", "serviceName": "rds"}, {"resourceType": "license-manager:LicenseConfiguration", "serviceName": "license-manager"}, {"resourceType": "codebuild:ReportGroup", "serviceName": "codebuild"}, {"resourceType": "resource-groups:Group", "serviceName": "resource-groups"}, {"resourceType": "imagebuilder:ImageRecipe", "serviceName": "imagebuilder"}, {"resourceType": "ec2:TransitGateway", "serviceName": "ec2"}, {"resourceType": "appmesh:Mesh", "serviceName": "appmesh"}], "ResponseMetadata": {"RetryAttempts": 0, "HTTPStatusCode": 200, "RequestId": "57ee749c-9991-4f02-9350-7c54d9743bf4", "HTTPHeaders": {"x-amzn-requestid": "57ee749c-9991-4f02-9350-7c54d9743bf4", "content-length": "1051", "x-amz-apigw-id": "MyPO1G9kDoEFaBw=", "x-amzn-trace-id": "Root=1-5ec3f8c5-724bbbecf98abf9aa8cd0cf2", "connection": "keep-alive", "date": "Tue, 19 May 2020 15:18:29 GMT", "content-type": "application/json"}}}}