{"region": "ap-southeast-1", "operation": "ListPermissions", "service": "ram", "response": {"ResponseMetadata": {"RetryAttempts": 0, "HTTPStatusCode": 200, "RequestId": "2dc1f92a-cb61-4891-920c-192c6f63b03f", "HTTPHeaders": {"x-amzn-requestid": "2dc1f92a-cb61-4891-920c-192c6f63b03f", "content-length": "4449", "x-amz-apigw-id": "MyPYgHzOyQ0Fu1g=", "x-amzn-trace-id": "Root=1-5ec3f903-e572678431c5e9c28e4e238a", "connection": "keep-alive", "date": "Tue, 19 May 2020 15:19:31 GMT", "content-type": "application/json"}}, "permissions": [{"name": "AWSRAMDefaultPermissionAppMesh", "resourceType": "appmesh:Mesh", "creationTime": "2020-05-12T18:13:16.221000+00:00", "version": "1", "defaultVersion": true, "arn": "arn:aws:ram::aws:permission/AWSRAMDefaultPermissionAppMesh", "lastUpdatedTime": "2020-05-12T18:13:16.221000+00:00"}, {"name": "AWSRAMDefaultPermissionCapacityReservation", "resourceType": "ec2:CapacityReservation", "creationTime": "2020-01-08T19:29:20.906000+00:00", "version": "1", "defaultVersion": true, "arn": "arn:aws:ram::aws:permission/AWSRAMDefaultPermissionCapacityReservation", "lastUpdatedTime": "2020-01-08T19:29:20.906000+00:00"}, {"name": "AWSRAMDefaultPermissionCodeBuildProject", "resourceType": "codebuild:Project", "creationTime": "2020-01-08T19:29:21.895000+00:00", "version": "1", "defaultVersion": true, "arn": "arn:aws:ram::aws:permission/AWSRAMDefaultPermissionCodeBuildProject", "lastUpdatedTime": "2020-01-08T19:29:21.895000+00:00"}, {"name": "AWSRAMDefaultPermissionCodeBuildReportGroup", "resourceType": "codebuild:ReportGroup", "creationTime": "2020-01-08T19:29:22.826000+00:00", "version": "1", "defaultVersion": true, "arn": "arn:aws:ram::aws:permission/AWSRAMDefaultPermissionCodeBuildReportGroup", "lastUpdatedTime": "2020-01-08T19:29:22.826000+00:00"}, {"name": "AWSRAMDefaultPermissionCoipPool", "resourceType": "ec2:CoipPool", "creationTime": "2020-04-07T20:39:43.232000+00:00", "version": "1", "defaultVersion": true, "arn": "arn:aws:ram::aws:permission/AWSRAMDefaultPermissionCoipPool", "lastUpdatedTime": "2020-04-07T20:39:43.232000+00:00"}, {"name": "AWSRAMDefaultPermissionDedicatedHost", "resourceType": "ec2:DedicatedHost", "creationTime": "2020-01-08T19:29:23.758000+00:00", "version": "1", "defaultVersion": true, "arn": "arn:aws:ram::aws:permission/AWSRAMDefaultPermissionDedicatedHost", "lastUpdatedTime": "2020-01-08T19:29:23.758000+00:00"}, {"name": "AWSRAMDefaultPermissionImageBuilderComponent", "resourceType": "imagebuilder:Component", "creationTime": "2020-01-08T19:29:27.583000+00:00", "version": "1", "defaultVersion": true, "arn": "arn:aws:ram::aws:permission/AWSRAMDefaultPermissionImageBuilderComponent", "lastUpdatedTime": "2020-01-08T19:29:27.583000+00:00"}, {"name": "AWSRAMDefaultPermissionImageBuilderImage", "resourceType": "imagebuilder:Image", "creationTime": "2020-01-08T19:29:26.649000+00:00", "version": "1", "defaultVersion": true, "arn": "arn:aws:ram::aws:permission/AWSRAMDefaultPermissionImageBuilderImage", "lastUpdatedTime": "2020-01-08T19:29:26.649000+00:00"}, {"name": "AWSRAMDefaultPermissionImageBuilderImageRecipe", "resourceType": "imagebuilder:ImageRecipe", "creationTime": "2020-01-08T19:29:30.386000+00:00", "version": "1", "defaultVersion": true, "arn": "arn:aws:ram::aws:permission/AWSRAMDefaultPermissionImageBuilderImageRecipe", "lastUpdatedTime": "2020-01-08T19:29:30.386000+00:00"}, {"name": "AWSRAMDefaultPermissionLicenseConfiguration", "resourceType": "license-manager:LicenseConfiguration", "creationTime": "2020-01-08T19:29:19.919000+00:00", "version": "1", "defaultVersion": true, "arn": "arn:aws:ram::aws:permission/AWSRAMDefaultPermissionLicenseConfiguration", "lastUpdatedTime": "2020-01-08T19:29:19.919000+00:00"}, {"name": "AWSRAMDefaultPermissionRDSCluster", "resourceType": "rds:Cluster", "creationTime": "2020-01-08T19:29:18.008000+00:00", "version": "1", "defaultVersion": true, "arn": "arn:aws:ram::aws:permission/AWSRAMDefaultPermissionRDSCluster", "lastUpdatedTime": "2020-01-08T19:29:18.008000+00:00"}, {"name": "AWSRAMDefaultPermissionResolverRule", "resourceType": "route53resolver:ResolverRule", "creationTime": "2020-01-08T19:29:16.994000+00:00", "version": "1", "defaultVersion": true, "arn": "arn:aws:ram::aws:permission/AWSRAMDefaultPermissionResolverRule", "lastUpdatedTime": "2020-01-08T19:29:16.994000+00:00"}, {"name": "AWSRAMDefaultPermissionResourceGroup", "resourceType": "resource-groups:Group", "creationTime": "2020-01-08T19:29:11.100000+00:00", "version": "1", "defaultVersion": true, "arn": "arn:aws:ram::aws:permission/AWSRAMDefaultPermissionResourceGroup", "lastUpdatedTime": "2020-01-08T19:29:11.100000+00:00"}, {"name": "AWSRAMDefaultPermissionServerManageability", "resourceType": "ec2:DedicatedHost", "creationTime": "2020-01-08T19:29:24.677000+00:00", "version": "1", "defaultVersion": true, "arn": "arn:aws:ram::aws:permission/AWSRAMDefaultPermissionServerManageability", "lastUpdatedTime": "2020-01-08T19:29:24.677000+00:00"}, {"name": "AWSRAMDefaultPermissionSubnet", "resourceType": "ec2:Subnet", "creationTime": "2020-01-08T19:29:12.122000+00:00", "version": "1", "defaultVersion": true, "arn": "arn:aws:ram::aws:permission/AWSRAMDefaultPermissionSubnet", "lastUpdatedTime": "2020-01-08T19:29:12.122000+00:00"}, {"name": "AWSRAMDefaultPermissionTrafficMirror", "resourceType": "ec2:TrafficMirrorTarget", "creationTime": "2020-01-08T19:29:15.963000+00:00", "version": "1", "defaultVersion": true, "arn": "arn:aws:ram::aws:permission/AWSRAMDefaultPermissionTrafficMirror", "lastUpdatedTime": "2020-01-08T19:29:15.963000+00:00"}, {"name": "AWSRAMDefaultPermissionTransitGateway", "resourceType": "ec2:TransitGateway", "creationTime": "2020-01-08T19:29:14.069000+00:00", "version": "1", "defaultVersion": true, "arn": "arn:aws:ram::aws:permission/AWSRAMDefaultPermissionTransitGateway", "lastUpdatedTime": "2020-01-08T19:29:14.069000+00:00"}]}}