{"region": "ap-south-1", "operation": "ListResourceTypes", "service": "ram", "response": {"resourceTypes": [{"resourceType": "ec2:Subnet", "serviceName": "ec2"}, {"resourceType": "resource-groups:Group", "serviceName": "resource-groups"}, {"resourceType": "codebuild:Project", "serviceName": "codebuild"}, {"resourceType": "imagebuilder:ImageRecipe", "serviceName": "imagebuilder"}, {"resourceType": "ec2:DedicatedHost", "serviceName": "ec2"}, {"resourceType": "route53resolver:ResolverRule", "serviceName": "route53resolver"}, {"resourceType": "license-manager:LicenseConfiguration", "serviceName": "license-manager"}, {"resourceType": "codebuild:ReportGroup", "serviceName": "codebuild"}, {"resourceType": "rds:Cluster", "serviceName": "rds"}, {"resourceType": "ec2:TransitGateway", "serviceName": "ec2"}, {"resourceType": "ec2:CapacityReservation", "serviceName": "ec2"}, {"resourceType": "appmesh:Mesh", "serviceName": "appmesh"}, {"resourceType": "ec2:TrafficMirrorTarget", "serviceName": "ec2"}, {"resourceType": "imagebuilder:Component", "serviceName": "imagebuilder"}, {"resourceType": "imagebuilder:Image", "serviceName": "imagebuilder"}], "ResponseMetadata": {"RetryAttempts": 0, "HTTPStatusCode": 200, "RequestId": "ce619592-ea63-4ca9-a62f-fbf2a6095c4d", "HTTPHeaders": {"x-amzn-requestid": "ce619592-ea63-4ca9-a62f-fbf2a6095c4d", "content-length": "999", "x-amz-apigw-id": "MyPaDFWLhcwFTGw=", "x-amzn-trace-id": "Root=1-5ec3f90d-e947a3f7ecdf749c1154d03b", "connection": "keep-alive", "date": "Tue, 19 May 2020 15:19:41 GMT", "content-type": "application/json"}}}}