{"region": "ap-southeast-2", "operation": "ListResourceTypes", "service": "ram", "response": {"resourceTypes": [{"resourceType": "rds:Cluster", "serviceName": "rds"}, {"resourceType": "ec2:CoipPool", "serviceName": "ec2"}, {"resourceType": "ec2:Subnet", "serviceName": "ec2"}, {"resourceType": "codebuild:ReportGroup", "serviceName": "codebuild"}, {"resourceType": "route53resolver:ResolverRule", "serviceName": "route53resolver"}, {"resourceType": "codebuild:Project", "serviceName": "codebuild"}, {"resourceType": "imagebuilder:Image", "serviceName": "imagebuilder"}, {"resourceType": "ec2:TransitGateway", "serviceName": "ec2"}, {"resourceType": "ec2:CapacityReservation", "serviceName": "ec2"}, {"resourceType": "resource-groups:Group", "serviceName": "resource-groups"}, {"resourceType": "ec2:TrafficMirrorTarget", "serviceName": "ec2"}, {"resourceType": "imagebuilder:Component", "serviceName": "imagebuilder"}, {"resourceType": "imagebuilder:ImageRecipe", "serviceName": "imagebuilder"}, {"resourceType": "appmesh:Mesh", "serviceName": "appmesh"}, {"resourceType": "license-manager:LicenseConfiguration", "serviceName": "license-manager"}, {"resourceType": "ec2:DedicatedHost", "serviceName": "ec2"}], "ResponseMetadata": {"RetryAttempts": 0, "HTTPStatusCode": 200, "RequestId": "5e626f11-c448-431d-a363-d452bce3d2e7", "HTTPHeaders": {"x-amzn-requestid": "5e626f11-c448-431d-a363-d452bce3d2e7", "content-length": "1051", "x-amz-apigw-id": "MyPaAEkLSwMFS1Q=", "x-amzn-trace-id": "Root=1-5ec3f90c-4b929680b144b4c201cdff98", "connection": "keep-alive", "date": "Tue, 19 May 2020 15:19:40 GMT", "content-type": "application/json"}}}}