{"region": "ap-northeast-2", "operation": "ListResourceTypes", "service": "ram", "response": {"resourceTypes": [{"resourceType": "imagebuilder:ImageRecipe", "serviceName": "imagebuilder"}, {"resourceType": "license-manager:LicenseConfiguration", "serviceName": "license-manager"}, {"resourceType": "ec2:TransitGateway", "serviceName": "ec2"}, {"resourceType": "ec2:Subnet", "serviceName": "ec2"}, {"resourceType": "appmesh:Mesh", "serviceName": "appmesh"}, {"resourceType": "codebuild:ReportGroup", "serviceName": "codebuild"}, {"resourceType": "imagebuilder:Component", "serviceName": "imagebuilder"}, {"resourceType": "ec2:CapacityReservation", "serviceName": "ec2"}, {"resourceType": "ec2:DedicatedHost", "serviceName": "ec2"}, {"resourceType": "ec2:TrafficMirrorTarget", "serviceName": "ec2"}, {"resourceType": "ec2:CoipPool", "serviceName": "ec2"}, {"resourceType": "rds:Cluster", "serviceName": "rds"}, {"resourceType": "resource-groups:Group", "serviceName": "resource-groups"}, {"resourceType": "imagebuilder:Image", "serviceName": "imagebuilder"}, {"resourceType": "codebuild:Project", "serviceName": "codebuild"}, {"resourceType": "route53resolver:ResolverRule", "serviceName": "route53resolver"}], "ResponseMetadata": {"RetryAttempts": 0, "HTTPStatusCode": 200, "RequestId": "bcac8348-d7b8-4086-8cac-abd2742975dc", "HTTPHeaders": {"x-amzn-requestid": "bcac8348-d7b8-4086-8cac-abd2742975dc", "content-length": "1051", "x-amz-apigw-id": "MyPXUFLmIE0FhFw=", "x-amzn-trace-id": "Root=1-5ec3f8fb-ac408c7b28dc074f8cd6a07b", "connection": "keep-alive", "date": "Tue, 19 May 2020 15:19:23 GMT", "content-type": "application/json"}}}}