{"region": "eu-west-2", "operation": "ListResourceTypes", "service": "ram", "response": {"resourceTypes": [{"resourceType": "license-manager:LicenseConfiguration", "serviceName": "license-manager"}, {"resourceType": "codebuild:Project", "serviceName": "codebuild"}, {"resourceType": "codebuild:ReportGroup", "serviceName": "codebuild"}, {"resourceType": "imagebuilder:ImageRecipe", "serviceName": "imagebuilder"}, {"resourceType": "ec2:DedicatedHost", "serviceName": "ec2"}, {"resourceType": "ec2:Subnet", "serviceName": "ec2"}, {"resourceType": "appmesh:Mesh", "serviceName": "appmesh"}, {"resourceType": "ec2:TrafficMirrorTarget", "serviceName": "ec2"}, {"resourceType": "imagebuilder:Image", "serviceName": "imagebuilder"}, {"resourceType": "ec2:CoipPool", "serviceName": "ec2"}, {"resourceType": "rds:Cluster", "serviceName": "rds"}, {"resourceType": "imagebuilder:Component", "serviceName": "imagebuilder"}, {"resourceType": "resource-groups:Group", "serviceName": "resource-groups"}, {"resourceType": "ec2:CapacityReservation", "serviceName": "ec2"}, {"resourceType": "route53resolver:ResolverRule", "serviceName": "route53resolver"}, {"resourceType": "ec2:TransitGateway", "serviceName": "ec2"}], "ResponseMetadata": {"RetryAttempts": 0, "HTTPStatusCode": 200, "RequestId": "06caa746-3435-43dc-8ebe-fbcf8ca4d0dd", "HTTPHeaders": {"x-amzn-requestid": "06caa746-3435-43dc-8ebe-fbcf8ca4d0dd", "content-length": "1051", "x-amz-apigw-id": "MyPapEeMrPEFU0w=", "x-amzn-trace-id": "Root=1-5ec3f910-a42dfc807dae3b809def4980", "connection": "keep-alive", "date": "Tue, 19 May 2020 15:19:45 GMT", "content-type": "application/json"}}}}