{"region": "us-east-1", "operation": "ListResourceTypes", "service": "ram", "response": {"resourceTypes": [{"resourceType": "ec2:Subnet", "serviceName": "ec2"}, {"resourceType": "codebuild:Project", "serviceName": "codebuild"}, {"resourceType": "resource-groups:Group", "serviceName": "resource-groups"}, {"resourceType": "ec2:TransitGateway", "serviceName": "ec2"}, {"resourceType": "appmesh:Mesh", "serviceName": "appmesh"}, {"resourceType": "rds:Cluster", "serviceName": "rds"}, {"resourceType": "codebuild:ReportGroup", "serviceName": "codebuild"}, {"resourceType": "route53resolver:ResolverRule", "serviceName": "route53resolver"}, {"resourceType": "license-manager:LicenseConfiguration", "serviceName": "license-manager"}, {"resourceType": "imagebuilder:Image", "serviceName": "imagebuilder"}, {"resourceType": "imagebuilder:ImageRecipe", "serviceName": "imagebuilder"}, {"resourceType": "ec2:DedicatedHost", "serviceName": "ec2"}, {"resourceType": "ec2:TrafficMirrorTarget", "serviceName": "ec2"}, {"resourceType": "ec2:CoipPool", "serviceName": "ec2"}, {"resourceType": "ec2:CapacityReservation", "serviceName": "ec2"}, {"resourceType": "imagebuilder:Component", "serviceName": "imagebuilder"}], "ResponseMetadata": {"RetryAttempts": 0, "HTTPStatusCode": 200, "RequestId": "d2a4cec0-159b-455e-8205-60997facd51a", "HTTPHeaders": {"x-amzn-requestid": "d2a4cec0-159b-455e-8205-60997facd51a", "content-length": "1051", "x-amz-apigw-id": "MyPY9GqdIAMFqGA=", "x-amzn-trace-id": "Root=1-5ec3f906-c10ce84c4e07579e51b5ec34", "connection": "keep-alive", "date": "Tue, 19 May 2020 15:19:34 GMT", "content-type": "application/json"}}}}