{"region": "eu-central-1", "operation": "ListPermissions", "service": "ram", "response": {"ResponseMetadata": {"RetryAttempts": 0, "HTTPStatusCode": 200, "RequestId": "c818d04b-0dfb-4aa1-b3c4-458baec20d2b", "HTTPHeaders": {"x-amzn-requestid": "c818d04b-0dfb-4aa1-b3c4-458baec20d2b", "content-length": "4451", "x-amz-apigw-id": "MyPLfFPuFiAFbag=", "x-amzn-trace-id": "Root=1-5ec3f8af-f6fe22116c100276d9b0d7de", "connection": "keep-alive", "date": "Tue, 19 May 2020 15:18:08 GMT", "content-type": "application/json"}}, "permissions": [{"name": "AWSRAMDefaultPermissionAppMesh", "resourceType": "appmesh:Mesh", "creationTime": "2020-05-12T18:12:43.893000+00:00", "version": "1", "defaultVersion": true, "arn": "arn:aws:ram::aws:permission/AWSRAMDefaultPermissionAppMesh", "lastUpdatedTime": "2020-05-12T18:12:43.893000+00:00"}, {"name": "AWSRAMDefaultPermissionCapacityReservation", "resourceType": "ec2:CapacityReservation", "creationTime": "2020-02-27T18:50:49.379000+00:00", "version": "1", "defaultVersion": true, "arn": "arn:aws:ram::aws:permission/AWSRAMDefaultPermissionCapacityReservation", "lastUpdatedTime": "2020-02-27T18:50:49.379000+00:00"}, {"name": "AWSRAMDefaultPermissionCodeBuildProject", "resourceType": "codebuild:Project", "creationTime": "2020-02-27T18:50:49.831000+00:00", "version": "1", "defaultVersion": true, "arn": "arn:aws:ram::aws:permission/AWSRAMDefaultPermissionCodeBuildProject", "lastUpdatedTime": "2020-02-27T18:50:49.831000+00:00"}, {"name": "AWSRAMDefaultPermissionCodeBuildReportGroup", "resourceType": "codebuild:ReportGroup", "creationTime": "2020-02-27T18:50:50.273000+00:00", "version": "1", "defaultVersion": true, "arn": "arn:aws:ram::aws:permission/AWSRAMDefaultPermissionCodeBuildReportGroup", "lastUpdatedTime": "2020-02-27T18:50:50.273000+00:00"}, {"name": "AWSRAMDefaultPermissionCoipPool", "resourceType": "ec2:CoipPool", "creationTime": "2020-04-07T20:29:31.697000+00:00", "version": "1", "defaultVersion": true, "arn": "arn:aws:ram::aws:permission/AWSRAMDefaultPermissionCoipPool", "lastUpdatedTime": "2020-04-07T20:29:31.697000+00:00"}, {"name": "AWSRAMDefaultPermissionDedicatedHost", "resourceType": "ec2:DedicatedHost", "creationTime": "2020-02-27T18:50:50.692000+00:00", "version": "1", "defaultVersion": true, "arn": "arn:aws:ram::aws:permission/AWSRAMDefaultPermissionDedicatedHost", "lastUpdatedTime": "2020-02-27T18:50:50.692000+00:00"}, {"name": "AWSRAMDefaultPermissionImageBuilderComponent", "resourceType": "imagebuilder:Component", "creationTime": "2020-02-27T18:50:52.835000+00:00", "version": "1", "defaultVersion": true, "arn": "arn:aws:ram::aws:permission/AWSRAMDefaultPermissionImageBuilderComponent", "lastUpdatedTime": "2020-02-27T18:50:52.835000+00:00"}, {"name": "AWSRAMDefaultPermissionImageBuilderImage", "resourceType": "imagebuilder:Image", "creationTime": "2020-02-27T18:50:52.405000+00:00", "version": "1", "defaultVersion": true, "arn": "arn:aws:ram::aws:permission/AWSRAMDefaultPermissionImageBuilderImage", "lastUpdatedTime": "2020-02-27T18:50:52.405000+00:00"}, {"name": "AWSRAMDefaultPermissionImageBuilderImageRecipe", "resourceType": "imagebuilder:ImageRecipe", "creationTime": "2020-02-27T18:50:54.102000+00:00", "version": "1", "defaultVersion": true, "arn": "arn:aws:ram::aws:permission/AWSRAMDefaultPermissionImageBuilderImageRecipe", "lastUpdatedTime": "2020-02-27T18:50:54.102000+00:00"}, {"name": "AWSRAMDefaultPermissionLicenseConfiguration", "resourceType": "license-manager:LicenseConfiguration", "creationTime": "2020-02-27T18:50:48.925000+00:00", "version": "1", "defaultVersion": true, "arn": "arn:aws:ram::aws:permission/AWSRAMDefaultPermissionLicenseConfiguration", "lastUpdatedTime": "2020-02-27T18:50:48.925000+00:00"}, {"name": "AWSRAMDefaultPermissionRDSCluster", "resourceType": "rds:Cluster", "creationTime": "2020-02-27T18:50:48.073000+00:00", "version": "1", "defaultVersion": true, "arn": "arn:aws:ram::aws:permission/AWSRAMDefaultPermissionRDSCluster", "lastUpdatedTime": "2020-02-27T18:50:48.073000+00:00"}, {"name": "AWSRAMDefaultPermissionResolverRule", "resourceType": "route53resolver:ResolverRule", "creationTime": "2020-02-27T18:50:47.623000+00:00", "version": "1", "defaultVersion": true, "arn": "arn:aws:ram::aws:permission/AWSRAMDefaultPermissionResolverRule", "lastUpdatedTime": "2020-02-27T18:50:47.623000+00:00"}, {"name": "AWSRAMDefaultPermissionResourceGroup", "resourceType": "resource-groups:Group", "creationTime": "2020-02-27T18:50:44.720000+00:00", "version": "1", "defaultVersion": true, "arn": "arn:aws:ram::aws:permission/AWSRAMDefaultPermissionResourceGroup", "lastUpdatedTime": "2020-02-27T18:50:44.720000+00:00"}, {"name": "AWSRAMDefaultPermissionServerManageability", "resourceType": "ec2:DedicatedHost", "creationTime": "2020-02-27T18:50:51.106000+00:00", "version": "1", "defaultVersion": true, "arn": "arn:aws:ram::aws:permission/AWSRAMDefaultPermissionServerManageability", "lastUpdatedTime": "2020-02-27T18:50:51.106000+00:00"}, {"name": "AWSRAMDefaultPermissionSubnet", "resourceType": "ec2:Subnet", "creationTime": "2020-02-27T18:50:45.219000+00:00", "version": "1", "defaultVersion": true, "arn": "arn:aws:ram::aws:permission/AWSRAMDefaultPermissionSubnet", "lastUpdatedTime": "2020-02-27T18:50:45.219000+00:00"}, {"name": "AWSRAMDefaultPermissionTrafficMirror", "resourceType": "ec2:TrafficMirrorTarget", "creationTime": "2020-02-27T18:50:47.195000+00:00", "version": "1", "defaultVersion": true, "arn": "arn:aws:ram::aws:permission/AWSRAMDefaultPermissionTrafficMirror", "lastUpdatedTime": "2020-02-27T18:50:47.195000+00:00"}, {"name": "AWSRAMDefaultPermissionTransitGateway", "resourceType": "ec2:TransitGateway", "creationTime": "2020-02-27T18:50:46.345000+00:00", "version": "1", "defaultVersion": true, "arn": "arn:aws:ram::aws:permission/AWSRAMDefaultPermissionTransitGateway", "lastUpdatedTime": "2020-02-27T18:50:46.345000+00:00"}]}}