{"region": "eu-west-3", "operation": "ListResourceTypes", "service": "ram", "response": {"resourceTypes": [{"resourceType": "imagebuilder:Component", "serviceName": "imagebuilder"}, {"resourceType": "codebuild:Project", "serviceName": "codebuild"}, {"resourceType": "rds:Cluster", "serviceName": "rds"}, {"resourceType": "route53resolver:ResolverRule", "serviceName": "route53resolver"}, {"resourceType": "ec2:DedicatedHost", "serviceName": "ec2"}, {"resourceType": "imagebuilder:ImageRecipe", "serviceName": "imagebuilder"}, {"resourceType": "appmesh:Mesh", "serviceName": "appmesh"}, {"resourceType": "ec2:Subnet", "serviceName": "ec2"}, {"resourceType": "ec2:TransitGateway", "serviceName": "ec2"}, {"resourceType": "resource-groups:Group", "serviceName": "resource-groups"}, {"resourceType": "ec2:CapacityReservation", "serviceName": "ec2"}, {"resourceType": "ec2:CoipPool", "serviceName": "ec2"}, {"resourceType": "imagebuilder:Image", "serviceName": "imagebuilder"}, {"resourceType": "license-manager:LicenseConfiguration", "serviceName": "license-manager"}, {"resourceType": "codebuild:ReportGroup", "serviceName": "codebuild"}, {"resourceType": "ec2:TrafficMirrorTarget", "serviceName": "ec2"}], "ResponseMetadata": {"RetryAttempts": 0, "HTTPStatusCode": 200, "RequestId": "b94af710-ce11-4314-8f10-06836beb9fe7", "HTTPHeaders": {"x-amzn-requestid": "b94af710-ce11-4314-8f10-06836beb9fe7", "content-length": "1051", "x-amz-apigw-id": "MyPPREq3CGYFogA=", "x-amzn-trace-id": "Root=1-5ec3f8c8-bc9ce7469ae368dced267662", "connection": "keep-alive", "date": "Tue, 19 May 2020 15:18:32 GMT", "content-type": "application/json"}}}}