{"region": "us-east-2", "operation": "ListResourceTypes", "service": "ram", "response": {"resourceTypes": [{"resourceType": "route53resolver:ResolverRule", "serviceName": "route53resolver"}, {"resourceType": "codebuild:Project", "serviceName": "codebuild"}, {"resourceType": "ec2:TransitGateway", "serviceName": "ec2"}, {"resourceType": "appmesh:Mesh", "serviceName": "appmesh"}, {"resourceType": "imagebuilder:Component", "serviceName": "imagebuilder"}, {"resourceType": "ec2:TrafficMirrorTarget", "serviceName": "ec2"}, {"resourceType": "license-manager:LicenseConfiguration", "serviceName": "license-manager"}, {"resourceType": "ec2:CapacityReservation", "serviceName": "ec2"}, {"resourceType": "resource-groups:Group", "serviceName": "resource-groups"}, {"resourceType": "rds:Cluster", "serviceName": "rds"}, {"resourceType": "imagebuilder:Image", "serviceName": "imagebuilder"}, {"resourceType": "codebuild:ReportGroup", "serviceName": "codebuild"}, {"resourceType": "ec2:Subnet", "serviceName": "ec2"}, {"resourceType": "imagebuilder:ImageRecipe", "serviceName": "imagebuilder"}, {"resourceType": "ec2:DedicatedHost", "serviceName": "ec2"}, {"resourceType": "ec2:CoipPool", "serviceName": "ec2"}], "ResponseMetadata": {"RetryAttempts": 0, "HTTPStatusCode": 200, "RequestId": "18328f1a-b336-43de-9b89-46d5e19db7f3", "HTTPHeaders": {"x-amzn-requestid": "18328f1a-b336-43de-9b89-46d5e19db7f3", "content-length": "1051", "x-amz-apigw-id": "MyPSbE_1iYcFq2A=", "x-amzn-trace-id": "Root=1-5ec3f8dc-cfae8936cfbe7e9ec498fa70", "connection": "keep-alive", "date": "Tue, 19 May 2020 15:18:52 GMT", "content-type": "application/json"}}}}