{"region": "ap-northeast-1", "operation": "ListResourceTypes", "service": "ram", "response": {"resourceTypes": [{"resourceType": "ec2:Subnet", "serviceName": "ec2"}, {"resourceType": "codebuild:ReportGroup", "serviceName": "codebuild"}, {"resourceType": "codebuild:Project", "serviceName": "codebuild"}, {"resourceType": "imagebuilder:ImageRecipe", "serviceName": "imagebuilder"}, {"resourceType": "ec2:CoipPool", "serviceName": "ec2"}, {"resourceType": "ec2:CapacityReservation", "serviceName": "ec2"}, {"resourceType": "resource-groups:Group", "serviceName": "resource-groups"}, {"resourceType": "license-manager:LicenseConfiguration", "serviceName": "license-manager"}, {"resourceType": "ec2:DedicatedHost", "serviceName": "ec2"}, {"resourceType": "route53resolver:ResolverRule", "serviceName": "route53resolver"}, {"resourceType": "ec2:TransitGateway", "serviceName": "ec2"}, {"resourceType": "rds:Cluster", "serviceName": "rds"}, {"resourceType": "ec2:TrafficMirrorTarget", "serviceName": "ec2"}, {"resourceType": "imagebuilder:Image", "serviceName": "imagebuilder"}, {"resourceType": "appmesh:Mesh", "serviceName": "appmesh"}, {"resourceType": "imagebuilder:Component", "serviceName": "imagebuilder"}], "ResponseMetadata": {"RetryAttempts": 0, "HTTPStatusCode": 200, "RequestId": "3e756439-daa8-450e-9db9-2078297e9461", "HTTPHeaders": {"x-amzn-requestid": "3e756439-daa8-450e-9db9-2078297e9461", "content-length": "1051", "x-amz-apigw-id": "MyPOGEkDtjMFixg=", "x-amzn-trace-id": "Root=1-5ec3f8c0-2b74fdd8c79e2c045e924c58", "connection": "keep-alive", "date": "Tue, 19 May 2020 15:18:24 GMT", "content-type": "application/json"}}}}