{"region": "us-west-2", "operation": "ListResourceTypes", "service": "ram", "response": {"resourceTypes": [{"resourceType": "ec2:Subnet", "serviceName": "ec2"}, {"resourceType": "license-manager:LicenseConfiguration", "serviceName": "license-manager"}, {"resourceType": "route53resolver:ResolverRule", "serviceName": "route53resolver"}, {"resourceType": "rds:Cluster", "serviceName": "rds"}, {"resourceType": "ec2:CoipPool", "serviceName": "ec2"}, {"resourceType": "appmesh-preview:Mesh", "serviceName": "appmesh-preview"}, {"resourceType": "imagebuilder:Component", "serviceName": "imagebuilder"}, {"resourceType": "codebuild:Project", "serviceName": "codebuild"}, {"resourceType": "appmesh:Mesh", "serviceName": "appmesh"}, {"resourceType": "ec2:TransitGateway", "serviceName": "ec2"}, {"resourceType": "ec2:TrafficMirrorTarget", "serviceName": "ec2"}, {"resourceType": "imagebuilder:ImageRecipe", "serviceName": "imagebuilder"}, {"resourceType": "ec2:CapacityReservation", "serviceName": "ec2"}, {"resourceType": "resource-groups:Group", "serviceName": "resource-groups"}, {"resourceType": "codebuild:ReportGroup", "serviceName": "codebuild"}, {"resourceType": "ec2:DedicatedHost", "serviceName": "ec2"}, {"resourceType": "imagebuilder:Image", "serviceName": "imagebuilder"}], "ResponseMetadata": {"RetryAttempts": 0, "HTTPStatusCode": 200, "RequestId": "8d275248-cca6-48c4-8e9b-5c3d25b5c1e5", "HTTPHeaders": {"x-amzn-requestid": "8d275248-cca6-48c4-8e9b-5c3d25b5c1e5", "content-length": "1123", "x-amz-apigw-id": "MyPKgEABvHcF69A=", "x-amzn-trace-id": "Root=1-5ec3f8a9-c79188dcd6285cc051d6485c", "connection": "keep-alive", "date": "Tue, 19 May 2020 15:18:01 GMT", "content-type": "application/json"}}}}