{"region": null, "operation": "ListBuckets", "service": "s3", "response": {"Owner": {"DisplayName": "gcs.sharedservices.aws", "ID": "a097ab048a848fb6f0a9fd7e1a8badbe8e60b3fc9cdf1820d2c065c93d5e8e6d"}, "Buckets": [{"CreationDate": "2020-03-16T14:56:02+00:00", "Name": "carrier-qualys-agent-temp"}, {"CreationDate": "2020-03-17T21:06:18+00:00", "Name": "cf-templates-1y11fthyzpxak-us-east-1"}, {"CreationDate": "2020-03-05T22:04:18+00:00", "Name": "cf-templates-1y11fthyzpxak-us-west-2"}, {"CreationDate": "2020-02-19T16:16:15+00:00", "Name": "config-bucket-043898046743"}, {"CreationDate": "2020-05-13T17:38:12+00:00", "Name": "ec2builder-items"}, {"CreationDate": "2020-03-16T13:51:37+00:00", "Name": "gcs-oag-prod-bucket"}, {"CreationDate": "2020-03-17T21:13:54+00:00", "Name": "migration-factory-test-043898046743-front-end"}], "ResponseMetadata": {"HTTPStatusCode": 200, "RetryAttempts": 0, "HostId": "4jsisApN9/1v5p1/3IVUkefrZCJWO2Pxxq6IvgKYIxcR/JDJjegnJ3iH5HiWbPjNgkecWchUqzI=", "RequestId": "715E4DAE3309120F", "HTTPHeaders": {"x-amz-id-2": "4jsisApN9/1v5p1/3IVUkefrZCJWO2Pxxq6IvgKYIxcR/JDJjegnJ3iH5HiWbPjNgkecWchUqzI=", "server": "AmazonS3", "transfer-encoding": "chunked", "x-amz-request-id": "715E4DAE3309120F", "date": "Tue, 19 May 2020 15:19:36 GMT", "content-type": "application/xml"}}}}