{"region": "us-east-1", "operation": "ListSecrets", "service": "secretsmanager", "response": {"ResponseMetadata": {"RetryAttempts": 0, "HTTPStatusCode": 200, "RequestId": "845427b3-ead7-47a0-ac2f-7bc6680a07d9", "HTTPHeaders": {"date": "Tue, 19 May 2020 15:18:38 GMT", "x-amzn-requestid": "845427b3-ead7-47a0-ac2f-7bc6680a07d9", "content-length": "1860", "content-type": "application/x-amz-json-1.1", "connection": "keep-alive"}}, "SecretList": [{"Name": "trend-micro-subscription", "Tags": [], "LastChangedDate": "2020-02-17T14:34:23.958000+00:00", "SecretVersionsToStages": {"b8d406ba-6250-4941-a9e4-a0294ebae604": ["AWSCURRENT"]}, "LastAccessedDate": "2020-02-17T00:00:00+00:00", "ARN": "arn:aws:secretsmanager:us-east-1:043898046743:secret:trend-micro-subscription-kxa6vJ"}, {"Name": "join-043898046743", "LastChangedDate": "2020-01-30T01:43:15.173000+00:00", "SecretVersionsToStages": {"2bc4976a-a8a0-4b09-beb0-1550e4582c10": ["AWSCURRENT"], "e7da5e8e-3376-4059-9772-36429a2376a5": ["AWSPREVIOUS"]}, "KmsKeyId": "arn:aws:kms:us-east-1:043898046743:alias/ams/domain-join", "LastAccessedDate": "2020-01-30T00:00:00+00:00", "ARN": "arn:aws:secretsmanager:us-east-1:043898046743:secret:join-043898046743-xViUDs"}, {"Name": "join-396880251169", "LastChangedDate": "2020-01-30T02:30:55.053000+00:00", "SecretVersionsToStages": {"cec3e902-f415-409b-8360-762ba08837a7": ["AWSPREVIOUS"], "885f69e8-3392-42db-bf22-ba07d6d95dd3": ["AWSCURRENT"]}, "KmsKeyId": "arn:aws:kms:us-east-1:043898046743:alias/ams/domain-join", "LastAccessedDate": "2020-01-30T00:00:00+00:00", "ARN": "arn:aws:secretsmanager:us-east-1:043898046743:secret:join-396880251169-7TSmoW"}, {"Name": "svc-adconnector", "LastChangedDate": "2020-01-28T22:53:42.309000+00:00", "SecretVersionsToStages": {"ac886304-e3e5-4170-876e-3e925e5aead0": ["AWSCURRENT"], "19408c30-59ae-46ba-8109-3a6ab99b53b4": ["AWSPREVIOUS"]}, "KmsKeyId": "arn:aws:kms:us-east-1:043898046743:alias/ams/svc-adconnector", "LastAccessedDate": "2020-01-28T00:00:00+00:00", "ARN": "arn:aws:secretsmanager:us-east-1:043898046743:secret:svc-adconnector-qrIB6o"}, {"Name": "join-managementhost", "LastChangedDate": "2020-01-30T02:04:58.348000+00:00", "SecretVersionsToStages": {"60d90c80-11a1-4811-af3c-e3841092c9a6": ["AWSPREVIOUS"], "16f753a7-eff7-4d44-bb2d-ce4f153f0b08": ["AWSCURRENT"]}, "KmsKeyId": "arn:aws:kms:us-east-1:043898046743:alias/ams/access-management", "LastAccessedDate": "2020-01-30T00:00:00+00:00", "ARN": "arn:aws:secretsmanager:us-east-1:043898046743:secret:join-managementhost-5CCglX"}]}}