{"region": "eu-west-3", "operation": "GetEnabledStandards", "service": "securityhub", "response": {"StandardsSubscriptions": [{"StandardsArn": "arn:aws:securityhub:::ruleset/cis-aws-foundations-benchmark/v/1.2.0", "StandardsInput": {}, "StandardsSubscriptionArn": "arn:aws:securityhub:eu-west-3:043898046743:subscription/cis-aws-foundations-benchmark/v/1.2.0", "StandardsStatus": "INCOMPLETE"}], "ResponseMetadata": {"RetryAttempts": 0, "HTTPStatusCode": 200, "RequestId": "4cb55f47-55bb-49af-b933-2665ea1a7351", "HTTPHeaders": {"x-amzn-requestid": "4cb55f47-55bb-49af-b933-2665ea1a7351", "content-length": "289", "x-amz-apigw-id": "MyPLjEwBiGYFY5g=", "x-amzn-trace-id": "Root=1-5ec3f8b0-bc1e13d5fc5406e824917146;Sampled=0", "connection": "keep-alive", "date": "Tue, 19 May 2020 15:18:08 GMT", "content-type": "application/json"}}}}