{"region": "us-west-2", "operation": "ListEnabledProductsForImport", "service": "securityhub", "response": {"ProductSubscriptions": ["arn:aws:securityhub:us-west-2:043898046743:product-subscription/aws/access-analyzer", "arn:aws:securityhub:us-west-2:043898046743:product-subscription/aws/firewall-manager", "arn:aws:securityhub:us-west-2:043898046743:product-subscription/aws/guardduty", "arn:aws:securityhub:us-west-2:043898046743:product-subscription/aws/inspector", "arn:aws:securityhub:us-west-2:043898046743:product-subscription/aws/macie", "arn:aws:securityhub:us-west-2:043898046743:product-subscription/aws/securityhub"], "ResponseMetadata": {"RetryAttempts": 0, "HTTPStatusCode": 200, "RequestId": "9ebed6e3-589f-4524-b1ff-f30fa7e8da7f", "HTTPHeaders": {"x-amzn-requestid": "9ebed6e3-589f-4524-b1ff-f30fa7e8da7f", "content-length": "517", "x-amz-apigw-id": "MyPZTHshvHcFweg=", "x-amzn-trace-id": "Root=1-5ec3f908-bbfd9239f813c20be25cc0c7;Sampled=0", "connection": "keep-alive", "date": "Tue, 19 May 2020 15:19:36 GMT", "content-type": "application/json"}}}}