{"region": "ap-southeast-2", "operation": "ListEnabledProductsForImport", "service": "securityhub", "response": {"ProductSubscriptions": ["arn:aws:securityhub:ap-southeast-2:043898046743:product-subscription/aws/access-analyzer", "arn:aws:securityhub:ap-southeast-2:043898046743:product-subscription/aws/firewall-manager", "arn:aws:securityhub:ap-southeast-2:043898046743:product-subscription/aws/guardduty", "arn:aws:securityhub:ap-southeast-2:043898046743:product-subscription/aws/inspector", "arn:aws:securityhub:ap-southeast-2:043898046743:product-subscription/aws/macie", "arn:aws:securityhub:ap-southeast-2:043898046743:product-subscription/aws/securityhub"], "ResponseMetadata": {"RetryAttempts": 0, "HTTPStatusCode": 200, "RequestId": "3dd7e26e-5bb7-4ab9-b922-807180750ddc", "HTTPHeaders": {"x-amzn-requestid": "3dd7e26e-5bb7-4ab9-b922-807180750ddc", "content-length": "547", "x-amz-apigw-id": "MyPW5FjeywMF9OQ=", "x-amzn-trace-id": "Root=1-5ec3f8f8-52fbe34d4cac7dd38bd09dda;Sampled=0", "connection": "keep-alive", "date": "Tue, 19 May 2020 15:19:20 GMT", "content-type": "application/json"}}}}