{"region": "eu-west-3", "operation": "ListEnabledProductsForImport", "service": "securityhub", "response": {"ProductSubscriptions": ["arn:aws:securityhub:eu-west-3:043898046743:product-subscription/aws/access-analyzer", "arn:aws:securityhub:eu-west-3:043898046743:product-subscription/aws/firewall-manager", "arn:aws:securityhub:eu-west-3:043898046743:product-subscription/aws/guardduty", "arn:aws:securityhub:eu-west-3:043898046743:product-subscription/aws/inspector", "arn:aws:securityhub:eu-west-3:043898046743:product-subscription/aws/macie", "arn:aws:securityhub:eu-west-3:043898046743:product-subscription/aws/securityhub"], "ResponseMetadata": {"RetryAttempts": 0, "HTTPStatusCode": 200, "RequestId": "00ad5753-df65-4d98-87dc-9ab4a30a5063", "HTTPHeaders": {"x-amzn-requestid": "00ad5753-df65-4d98-87dc-9ab4a30a5063", "content-length": "517", "x-amz-apigw-id": "MyPNoHsoiGYFlCw=", "x-amzn-trace-id": "Root=1-5ec3f8bd-c73833ee1acf7e98419d5557;Sampled=0", "connection": "keep-alive", "date": "Tue, 19 May 2020 15:18:21 GMT", "content-type": "application/json"}}}}