{"region": "sa-east-1", "operation": "ListEnabledProductsForImport", "service": "securityhub", "response": {"ProductSubscriptions": ["arn:aws:securityhub:sa-east-1:043898046743:product-subscription/aws/access-analyzer", "arn:aws:securityhub:sa-east-1:043898046743:product-subscription/aws/firewall-manager", "arn:aws:securityhub:sa-east-1:043898046743:product-subscription/aws/guardduty", "arn:aws:securityhub:sa-east-1:043898046743:product-subscription/aws/inspector", "arn:aws:securityhub:sa-east-1:043898046743:product-subscription/aws/macie", "arn:aws:securityhub:sa-east-1:043898046743:product-subscription/aws/securityhub"], "ResponseMetadata": {"RetryAttempts": 0, "HTTPStatusCode": 200, "RequestId": "8e28ec0b-55e5-425c-94f1-96efde7e082f", "HTTPHeaders": {"x-amzn-requestid": "8e28ec0b-55e5-425c-94f1-96efde7e082f", "content-length": "517", "x-amz-apigw-id": "MyPVKHuNmjQFj1Q=", "x-amzn-trace-id": "Root=1-5ec3f8ed-41bfd20eba206b7268ed0f38;Sampled=0", "connection": "keep-alive", "date": "Tue, 19 May 2020 15:19:09 GMT", "content-type": "application/json"}}}}