{"region": "us-east-1", "operation": "GetEnabledStandards", "service": "securityhub", "response": {"StandardsSubscriptions": [{"StandardsArn": "arn:aws:securityhub:::ruleset/cis-aws-foundations-benchmark/v/1.2.0", "StandardsInput": {}, "StandardsSubscriptionArn": "arn:aws:securityhub:us-east-1:043898046743:subscription/cis-aws-foundations-benchmark/v/1.2.0", "StandardsStatus": "READY"}], "ResponseMetadata": {"RetryAttempts": 0, "HTTPStatusCode": 200, "RequestId": "795db1ae-e034-4855-b548-1997f2f75976", "HTTPHeaders": {"x-amzn-requestid": "795db1ae-e034-4855-b548-1997f2f75976", "content-length": "284", "x-amz-apigw-id": "MyPftHDsIAMFrHw=", "x-amzn-trace-id": "Root=1-5ec3f931-21cfc895d8f9e9b1a94070ac;Sampled=0", "connection": "keep-alive", "date": "Tue, 19 May 2020 15:20:17 GMT", "content-type": "application/json"}}}}