{"region": "ap-southeast-1", "operation": "ListEnabledProductsForImport", "service": "securityhub", "response": {"ProductSubscriptions": ["arn:aws:securityhub:ap-southeast-1:043898046743:product-subscription/aws/access-analyzer", "arn:aws:securityhub:ap-southeast-1:043898046743:product-subscription/aws/firewall-manager", "arn:aws:securityhub:ap-southeast-1:043898046743:product-subscription/aws/guardduty", "arn:aws:securityhub:ap-southeast-1:043898046743:product-subscription/aws/inspector", "arn:aws:securityhub:ap-southeast-1:043898046743:product-subscription/aws/macie", "arn:aws:securityhub:ap-southeast-1:043898046743:product-subscription/aws/securityhub"], "ResponseMetadata": {"RetryAttempts": 0, "HTTPStatusCode": 200, "RequestId": "fd32530c-0b40-426f-ba34-7a7cb9429c86", "HTTPHeaders": {"x-amzn-requestid": "fd32530c-0b40-426f-ba34-7a7cb9429c86", "content-length": "547", "x-amz-apigw-id": "MyPMUHgMyQ0Fd_Q=", "x-amzn-trace-id": "Root=1-5ec3f8b5-0f6cbc4d2678ae047dcb2a18;Sampled=0", "connection": "keep-alive", "date": "Tue, 19 May 2020 15:18:13 GMT", "content-type": "application/json"}}}}