{"region": "eu-west-1", "operation": "ListEnabledProductsForImport", "service": "securityhub", "response": {"ProductSubscriptions": ["arn:aws:securityhub:eu-west-1:043898046743:product-subscription/aws/access-analyzer", "arn:aws:securityhub:eu-west-1:043898046743:product-subscription/aws/firewall-manager", "arn:aws:securityhub:eu-west-1:043898046743:product-subscription/aws/guardduty", "arn:aws:securityhub:eu-west-1:043898046743:product-subscription/aws/inspector", "arn:aws:securityhub:eu-west-1:043898046743:product-subscription/aws/macie", "arn:aws:securityhub:eu-west-1:043898046743:product-subscription/aws/securityhub"], "ResponseMetadata": {"RetryAttempts": 0, "HTTPStatusCode": 200, "RequestId": "f3568dcc-84f7-4bc0-acd2-80c318a11ed4", "HTTPHeaders": {"x-amzn-requestid": "f3568dcc-84f7-4bc0-acd2-80c318a11ed4", "content-length": "517", "x-amz-apigw-id": "MyPL5FHUjoEF70A=", "x-amzn-trace-id": "Root=1-5ec3f8b2-725f50769b0cdd7bd7e013e5;Sampled=0", "connection": "keep-alive", "date": "Tue, 19 May 2020 15:18:10 GMT", "content-type": "application/json"}}}}