{"region": "eu-west-2", "operation": "DescribeStandards", "service": "securityhub", "response": {"ResponseMetadata": {"RetryAttempts": 0, "HTTPStatusCode": 200, "RequestId": "2317449f-ee74-467f-a540-a8fab3aece90", "HTTPHeaders": {"x-amzn-requestid": "2317449f-ee74-467f-a540-a8fab3aece90", "content-length": "1437", "x-amz-apigw-id": "MyPJTFUfrPEFu6w=", "x-amzn-trace-id": "Root=1-5ec3f8a1-e0c6c440b9c797d04856dbe0;Sampled=0", "connection": "keep-alive", "date": "Tue, 19 May 2020 15:17:53 GMT", "content-type": "application/json"}}, "Standards": [{"StandardsArn": "arn:aws:securityhub:eu-west-2::standards/aws-foundational-security-best-practices/v/1.0.0", "EnabledByDefault": true, "Name": "AWS Foundational Security Best Practices v1.0.0", "Description": "The AWS Foundational Security Best Practices standard is a set of automated security checks that detect when AWS accounts and deployed resources do not align to security best practices. The standard is defined by AWS security experts. This curated set of controls helps improve your security posture in AWS, and cover AWS\u2019s most popular and foundational services."}, {"StandardsArn": "arn:aws:securityhub:::ruleset/cis-aws-foundations-benchmark/v/1.2.0", "EnabledByDefault": true, "Name": "CIS AWS Foundations Benchmark v1.2.0", "Description": "The Center for Internet Security (CIS) AWS Foundations Benchmark v1.2.0 is a set of security configuration best practices for AWS. This Security Hub standard automatically checks for your compliance readiness against a subset of CIS requirements."}, {"StandardsArn": "arn:aws:securityhub:eu-west-2::standards/pci-dss/v/3.2.1", "EnabledByDefault": false, "Name": "PCI DSS v3.2.1", "Description": "The Payment Card Industry Data Security Standard (PCI DSS) v3.2.1 is an information security standard for entities that store, process, and/or transmit cardholder data. This Security Hub standard automatically checks for your compliance readiness against a subset of PCI DSS requirements."}]}}