{"region": "eu-west-1", "operation": "GetEnabledStandards", "service": "securityhub", "response": {"StandardsSubscriptions": [{"StandardsArn": "arn:aws:securityhub:::ruleset/cis-aws-foundations-benchmark/v/1.2.0", "StandardsInput": {}, "StandardsSubscriptionArn": "arn:aws:securityhub:eu-west-1:043898046743:subscription/cis-aws-foundations-benchmark/v/1.2.0", "StandardsStatus": "READY"}], "ResponseMetadata": {"RetryAttempts": 0, "HTTPStatusCode": 200, "RequestId": "fefc05b7-3249-4054-baed-e10f198ef369", "HTTPHeaders": {"x-amzn-requestid": "fefc05b7-3249-4054-baed-e10f198ef369", "content-length": "284", "x-amz-apigw-id": "MyPgbHJyjoEF0-w=", "x-amzn-trace-id": "Root=1-5ec3f935-5751d3e9d70b1c1d337ea506;Sampled=0", "connection": "keep-alive", "date": "Tue, 19 May 2020 15:20:21 GMT", "content-type": "application/json"}}}}