{"region": "ap-south-1", "operation": "ListEnabledProductsForImport", "service": "securityhub", "response": {"ProductSubscriptions": ["arn:aws:securityhub:ap-south-1:043898046743:product-subscription/aws/access-analyzer", "arn:aws:securityhub:ap-south-1:043898046743:product-subscription/aws/firewall-manager", "arn:aws:securityhub:ap-south-1:043898046743:product-subscription/aws/guardduty", "arn:aws:securityhub:ap-south-1:043898046743:product-subscription/aws/inspector", "arn:aws:securityhub:ap-south-1:043898046743:product-subscription/aws/macie", "arn:aws:securityhub:ap-south-1:043898046743:product-subscription/aws/securityhub"], "ResponseMetadata": {"RetryAttempts": 0, "HTTPStatusCode": 200, "RequestId": "c9bde9b3-449f-4f83-9342-45c05e2809ad", "HTTPHeaders": {"x-amzn-requestid": "c9bde9b3-449f-4f83-9342-45c05e2809ad", "content-length": "523", "x-amz-apigw-id": "MyPbwFWZBcwFvUA=", "x-amzn-trace-id": "Root=1-5ec3f917-fcc82477e98b82df7677d556;Sampled=0", "connection": "keep-alive", "date": "Tue, 19 May 2020 15:19:52 GMT", "content-type": "application/json"}}}}