{"region": "ap-northeast-2", "operation": "ListEnabledProductsForImport", "service": "securityhub", "response": {"ProductSubscriptions": ["arn:aws:securityhub:ap-northeast-2:043898046743:product-subscription/aws/access-analyzer", "arn:aws:securityhub:ap-northeast-2:043898046743:product-subscription/aws/firewall-manager", "arn:aws:securityhub:ap-northeast-2:043898046743:product-subscription/aws/guardduty", "arn:aws:securityhub:ap-northeast-2:043898046743:product-subscription/aws/inspector", "arn:aws:securityhub:ap-northeast-2:043898046743:product-subscription/aws/macie", "arn:aws:securityhub:ap-northeast-2:043898046743:product-subscription/aws/securityhub"], "ResponseMetadata": {"RetryAttempts": 0, "HTTPStatusCode": 200, "RequestId": "185cd017-06d1-42f1-a2bb-6284f9dd4161", "HTTPHeaders": {"x-amzn-requestid": "185cd017-06d1-42f1-a2bb-6284f9dd4161", "content-length": "547", "x-amz-apigw-id": "MyPM8FVPoE0Fr9Q=", "x-amzn-trace-id": "Root=1-5ec3f8b9-5a84bc053d05ef6f776e055b;Sampled=0", "connection": "keep-alive", "date": "Tue, 19 May 2020 15:18:17 GMT", "content-type": "application/json"}}}}