{"region": "ca-central-1", "operation": "ListEnabledProductsForImport", "service": "securityhub", "response": {"ProductSubscriptions": ["arn:aws:securityhub:ca-central-1:043898046743:product-subscription/aws/access-analyzer", "arn:aws:securityhub:ca-central-1:043898046743:product-subscription/aws/firewall-manager", "arn:aws:securityhub:ca-central-1:043898046743:product-subscription/aws/guardduty", "arn:aws:securityhub:ca-central-1:043898046743:product-subscription/aws/inspector", "arn:aws:securityhub:ca-central-1:043898046743:product-subscription/aws/macie", "arn:aws:securityhub:ca-central-1:043898046743:product-subscription/aws/securityhub"], "ResponseMetadata": {"RetryAttempts": 0, "HTTPStatusCode": 200, "RequestId": "5fcbe023-c12e-4a97-b027-3ea6a634343d", "HTTPHeaders": {"x-amzn-requestid": "5fcbe023-c12e-4a97-b027-3ea6a634343d", "content-length": "535", "x-amz-apigw-id": "MyPbwEXoYosFl4Q=", "x-amzn-trace-id": "Root=1-5ec3f917-441d328a79fa321e4f6767e3;Sampled=0", "connection": "keep-alive", "date": "Tue, 19 May 2020 15:19:52 GMT", "content-type": "application/json"}}}}