{"region": "ap-east-1", "operation": "GetEnabledStandards", "service": "securityhub", "response": {"StandardsSubscriptions": [{"StandardsArn": "arn:aws:securityhub:::ruleset/cis-aws-foundations-benchmark/v/1.2.0", "StandardsInput": {}, "StandardsSubscriptionArn": "arn:aws:securityhub:ap-east-1:043898046743:subscription/cis-aws-foundations-benchmark/v/1.2.0", "StandardsStatus": "READY"}], "ResponseMetadata": {"RetryAttempts": 0, "HTTPStatusCode": 200, "RequestId": "8002c09e-7fa3-485c-8e27-46c61a822711", "HTTPHeaders": {"x-amzn-requestid": "8002c09e-7fa3-485c-8e27-46c61a822711", "content-length": "284", "x-amz-apigw-id": "MyPTmFa5nUYFz8A=", "x-amzn-trace-id": "Root=1-5ec3f8e3-37ab0baae911ac25dd8e454c;Sampled=0", "connection": "keep-alive", "date": "Tue, 19 May 2020 15:18:59 GMT", "content-type": "application/json"}}}}