{"region": "sa-east-1", "operation": "GetEnabledStandards", "service": "securityhub", "response": {"StandardsSubscriptions": [{"StandardsArn": "arn:aws:securityhub:::ruleset/cis-aws-foundations-benchmark/v/1.2.0", "StandardsInput": {}, "StandardsSubscriptionArn": "arn:aws:securityhub:sa-east-1:043898046743:subscription/cis-aws-foundations-benchmark/v/1.2.0", "StandardsStatus": "INCOMPLETE"}], "ResponseMetadata": {"RetryAttempts": 0, "HTTPStatusCode": 200, "RequestId": "1c1ca2b6-a7b7-4a2e-b3e8-5cd5bf69ff91", "HTTPHeaders": {"x-amzn-requestid": "1c1ca2b6-a7b7-4a2e-b3e8-5cd5bf69ff91", "content-length": "289", "x-amz-apigw-id": "MyPPnEf5mjQFb2w=", "x-amzn-trace-id": "Root=1-5ec3f8ca-339702e6828dc528fefe32fc;Sampled=0", "connection": "keep-alive", "date": "Tue, 19 May 2020 15:18:34 GMT", "content-type": "application/json"}}}}