{"region": "ap-northeast-1", "operation": "GetEnabledStandards", "service": "securityhub", "response": {"StandardsSubscriptions": [{"StandardsArn": "arn:aws:securityhub:::ruleset/cis-aws-foundations-benchmark/v/1.2.0", "StandardsInput": {}, "StandardsSubscriptionArn": "arn:aws:securityhub:ap-northeast-1:043898046743:subscription/cis-aws-foundations-benchmark/v/1.2.0", "StandardsStatus": "INCOMPLETE"}], "ResponseMetadata": {"RetryAttempts": 0, "HTTPStatusCode": 200, "RequestId": "5c575a5c-cbb8-4a17-88a8-0f10b54cd92c", "HTTPHeaders": {"x-amzn-requestid": "5c575a5c-cbb8-4a17-88a8-0f10b54cd92c", "content-length": "294", "x-amz-apigw-id": "MyPUvHdrtjMFQVw=", "x-amzn-trace-id": "Root=1-5ec3f8eb-388e74d0d69b4f905772f2a0;Sampled=0", "connection": "keep-alive", "date": "Tue, 19 May 2020 15:19:07 GMT", "content-type": "application/json"}}}}