{"region": "us-east-2", "operation": "ListEnabledProductsForImport", "service": "securityhub", "response": {"ProductSubscriptions": ["arn:aws:securityhub:us-east-2:043898046743:product-subscription/aws/access-analyzer", "arn:aws:securityhub:us-east-2:043898046743:product-subscription/aws/firewall-manager", "arn:aws:securityhub:us-east-2:043898046743:product-subscription/aws/guardduty", "arn:aws:securityhub:us-east-2:043898046743:product-subscription/aws/inspector", "arn:aws:securityhub:us-east-2:043898046743:product-subscription/aws/macie", "arn:aws:securityhub:us-east-2:043898046743:product-subscription/aws/securityhub"], "ResponseMetadata": {"RetryAttempts": 0, "HTTPStatusCode": 200, "RequestId": "d56004d9-158e-4e03-b8c8-cf33927af47d", "HTTPHeaders": {"x-amzn-requestid": "d56004d9-158e-4e03-b8c8-cf33927af47d", "content-length": "517", "x-amz-apigw-id": "MyPc5EB_iYcFeHw=", "x-amzn-trace-id": "Root=1-5ec3f91f-bbf0d41cb2db02a4ad27198c;Sampled=0", "connection": "keep-alive", "date": "Tue, 19 May 2020 15:19:59 GMT", "content-type": "application/json"}}}}