{"region": "us-west-1", "operation": "GetEnabledStandards", "service": "securityhub", "response": {"StandardsSubscriptions": [{"StandardsArn": "arn:aws:securityhub:::ruleset/cis-aws-foundations-benchmark/v/1.2.0", "StandardsInput": {}, "StandardsSubscriptionArn": "arn:aws:securityhub:us-west-1:043898046743:subscription/cis-aws-foundations-benchmark/v/1.2.0", "StandardsStatus": "INCOMPLETE"}], "ResponseMetadata": {"RetryAttempts": 0, "HTTPStatusCode": 200, "RequestId": "2e4d28c8-b11a-41a0-bc4c-98698f9ac8e2", "HTTPHeaders": {"x-amzn-requestid": "2e4d28c8-b11a-41a0-bc4c-98698f9ac8e2", "content-length": "289", "x-amz-apigw-id": "MyPS0EERyK4Fo0w=", "x-amzn-trace-id": "Root=1-5ec3f8de-fa6c9ba4e4dd853e442504d2;Sampled=0", "connection": "keep-alive", "date": "Tue, 19 May 2020 15:18:54 GMT", "content-type": "application/json"}}}}