{"region": "eu-north-1", "operation": "ListEnabledProductsForImport", "service": "securityhub", "response": {"ProductSubscriptions": ["arn:aws:securityhub:eu-north-1:043898046743:product-subscription/aws/access-analyzer", "arn:aws:securityhub:eu-north-1:043898046743:product-subscription/aws/firewall-manager", "arn:aws:securityhub:eu-north-1:043898046743:product-subscription/aws/guardduty", "arn:aws:securityhub:eu-north-1:043898046743:product-subscription/aws/inspector", "arn:aws:securityhub:eu-north-1:043898046743:product-subscription/aws/securityhub"], "ResponseMetadata": {"RetryAttempts": 0, "HTTPStatusCode": 200, "RequestId": "f07960e0-c6f4-421e-8b72-64f4e86d4f7e", "HTTPHeaders": {"x-amzn-requestid": "f07960e0-c6f4-421e-8b72-64f4e86d4f7e", "content-length": "446", "x-amz-apigw-id": "MyPOhFQaAi0FZCQ=", "x-amzn-trace-id": "Root=1-5ec3f8c3-ff28346afcfe404ee1b918f8;Sampled=0", "connection": "keep-alive", "date": "Tue, 19 May 2020 15:18:27 GMT", "content-type": "application/json"}}}}