{"region": "us-west-2", "operation": "GetEnabledStandards", "service": "securityhub", "response": {"StandardsSubscriptions": [{"StandardsArn": "arn:aws:securityhub:::ruleset/cis-aws-foundations-benchmark/v/1.2.0", "StandardsInput": {}, "StandardsSubscriptionArn": "arn:aws:securityhub:us-west-2:043898046743:subscription/cis-aws-foundations-benchmark/v/1.2.0", "StandardsStatus": "INCOMPLETE"}], "ResponseMetadata": {"RetryAttempts": 0, "HTTPStatusCode": 200, "RequestId": "c71f1adc-482b-452e-915f-28166a392a7a", "HTTPHeaders": {"x-amzn-requestid": "c71f1adc-482b-452e-915f-28166a392a7a", "content-length": "289", "x-amz-apigw-id": "MyPfQEPNvHcFbvg=", "x-amzn-trace-id": "Root=1-5ec3f92e-9bf1ecea84d1a19a07dc03bf;Sampled=0", "connection": "keep-alive", "date": "Tue, 19 May 2020 15:20:14 GMT", "content-type": "application/json"}}}}