{"region": "eu-west-2", "operation": "GetEnabledStandards", "service": "securityhub", "response": {"StandardsSubscriptions": [{"StandardsArn": "arn:aws:securityhub:::ruleset/cis-aws-foundations-benchmark/v/1.2.0", "StandardsInput": {}, "StandardsSubscriptionArn": "arn:aws:securityhub:eu-west-2:043898046743:subscription/cis-aws-foundations-benchmark/v/1.2.0", "StandardsStatus": "INCOMPLETE"}], "ResponseMetadata": {"RetryAttempts": 0, "HTTPStatusCode": 200, "RequestId": "83fd4b30-eed5-40e9-95f7-8bf655f14942", "HTTPHeaders": {"x-amzn-requestid": "83fd4b30-eed5-40e9-95f7-8bf655f14942", "content-length": "289", "x-amz-apigw-id": "MyPVlG9SLPEFnfw=", "x-amzn-trace-id": "Root=1-5ec3f8f0-dc778170e583ac187486ea30;Sampled=0", "connection": "keep-alive", "date": "Tue, 19 May 2020 15:19:12 GMT", "content-type": "application/json"}}}}