{"region": "ca-central-1", "operation": "GetEnabledStandards", "service": "securityhub", "response": {"StandardsSubscriptions": [{"StandardsArn": "arn:aws:securityhub:::ruleset/cis-aws-foundations-benchmark/v/1.2.0", "StandardsInput": {}, "StandardsSubscriptionArn": "arn:aws:securityhub:ca-central-1:043898046743:subscription/cis-aws-foundations-benchmark/v/1.2.0", "StandardsStatus": "INCOMPLETE"}], "ResponseMetadata": {"RetryAttempts": 0, "HTTPStatusCode": 200, "RequestId": "7a702d5e-2c7f-42fb-b918-15123ee16f64", "HTTPHeaders": {"x-amzn-requestid": "7a702d5e-2c7f-42fb-b918-15123ee16f64", "content-length": "292", "x-amz-apigw-id": "MyPJcFM3YosFY_w=", "x-amzn-trace-id": "Root=1-5ec3f8a2-cac66d9913cea1a7a76b4f27;Sampled=0", "connection": "keep-alive", "date": "Tue, 19 May 2020 15:17:54 GMT", "content-type": "application/json"}}}}