{"region": "ap-southeast-2", "operation": "GetEnabledStandards", "service": "securityhub", "response": {"StandardsSubscriptions": [{"StandardsArn": "arn:aws:securityhub:::ruleset/cis-aws-foundations-benchmark/v/1.2.0", "StandardsInput": {}, "StandardsSubscriptionArn": "arn:aws:securityhub:ap-southeast-2:043898046743:subscription/cis-aws-foundations-benchmark/v/1.2.0", "StandardsStatus": "READY"}], "ResponseMetadata": {"RetryAttempts": 0, "HTTPStatusCode": 200, "RequestId": "35abd27c-a8f2-4fb4-9eb5-aa10679f4e75", "HTTPHeaders": {"x-amzn-requestid": "35abd27c-a8f2-4fb4-9eb5-aa10679f4e75", "content-length": "289", "x-amz-apigw-id": "MyPRvGVqywMFaQQ=", "x-amzn-trace-id": "Root=1-5ec3f8d7-22d3376dc281bc41f479d1b5;Sampled=0", "connection": "keep-alive", "date": "Tue, 19 May 2020 15:18:47 GMT", "content-type": "application/json"}}}}