{"region": "ap-east-1", "operation": "ListEnabledProductsForImport", "service": "securityhub", "response": {"ProductSubscriptions": ["arn:aws:securityhub:ap-east-1:043898046743:product-subscription/aws/access-analyzer", "arn:aws:securityhub:ap-east-1:043898046743:product-subscription/aws/guardduty", "arn:aws:securityhub:ap-east-1:043898046743:product-subscription/aws/securityhub"], "ResponseMetadata": {"RetryAttempts": 0, "HTTPStatusCode": 200, "RequestId": "d945ea1b-330f-4a12-bf3a-68291ebbd41e", "HTTPHeaders": {"x-amzn-requestid": "d945ea1b-330f-4a12-bf3a-68291ebbd41e", "content-length": "274", "x-amz-apigw-id": "MyParGAIHUYFoYw=", "x-amzn-trace-id": "Root=1-5ec3f911-d77f967e2c2f45d9ddf9fdd4;Sampled=0", "connection": "keep-alive", "date": "Tue, 19 May 2020 15:19:45 GMT", "content-type": "application/json"}}}}