{"region": "eu-north-1", "operation": "GetEnabledStandards", "service": "securityhub", "response": {"StandardsSubscriptions": [{"StandardsArn": "arn:aws:securityhub:::ruleset/cis-aws-foundations-benchmark/v/1.2.0", "StandardsInput": {}, "StandardsSubscriptionArn": "arn:aws:securityhub:eu-north-1:043898046743:subscription/cis-aws-foundations-benchmark/v/1.2.0", "StandardsStatus": "INCOMPLETE"}], "ResponseMetadata": {"RetryAttempts": 0, "HTTPStatusCode": 200, "RequestId": "568e399a-3c8c-456c-8994-4d14ee145fd3", "HTTPHeaders": {"x-amzn-requestid": "568e399a-3c8c-456c-8994-4d14ee145fd3", "content-length": "290", "x-amz-apigw-id": "MyPQoGjnAi0F3RQ=", "x-amzn-trace-id": "Root=1-5ec3f8d0-1faad9bb555027dd6253f992;Sampled=0", "connection": "keep-alive", "date": "Tue, 19 May 2020 15:18:40 GMT", "content-type": "application/json"}}}}