{"region": "eu-west-1", "operation": "DescribeProducts", "service": "securityhub", "response": {"Products": [{"IntegrationTypes": ["SEND_FINDINGS_TO_SECURITY_HUB"], "Description": "Armor Anywhere delivers managed security and compliance for AWS.", "ActivationUrl": "https://amp.armor.com/account/cloud-connections", "CompanyName": "ARMOR", "MarketplaceUrl": "https://aws.amazon.com/marketplace/seller-profile?id=797425f4-6823-4cf6-82b5-634f9a9ec347", "ProductArn": "arn:aws:securityhub:eu-west-1:679703615338:product/armordefense/armoranywhere", "ProductName": "Armor Anywhere", "Categories": ["Managed Security Service Provider (MSSP)"], "ProductSubscriptionResourcePolicy": "{\"Version\":\"2012-10-17\",\"Statement\":[{\"Effect\":\"Allow\",\"Principal\":{\"AWS\":\"679703615338\"},\"Action\":[\"securityhub:BatchImportFindings\"],\"Resource\":\"arn:aws:securityhub:eu-west-1:043898046743:product-subscription/armordefense/armoranywhere\",\"Condition\":{\"StringEquals\":{\"securityhub:TargetAccount\":\"043898046743\"}}},{\"Effect\":\"Allow\",\"Principal\":{\"AWS\":\"043898046743\"},\"Action\":[\"securityhub:BatchImportFindings\"],\"Resource\":\"arn:aws:securityhub:eu-west-1:679703615338:product/armordefense/armoranywhere\",\"Condition\":{\"StringEquals\":{\"securityhub:TargetAccount\":\"043898046743\"}}}]}"}, {"IntegrationTypes": ["SEND_FINDINGS_TO_SECURITY_HUB"], "Description": "Firewall Manager allows you to centrally configure and manage firewall rules across your accounts and applications in AWS Organization", "ActivationUrl": "https://docs.aws.amazon.com/waf/latest/developerguide/fms-findings.html", "CompanyName": "AWS", "MarketplaceUrl": "https://console.aws.amazon.com/wafv2/fms#/home", "ProductArn": "arn:aws:securityhub:eu-west-1::product/aws/firewall-manager", "ProductName": "Firewall Manager", "Categories": ["Enterprise Firewalls and Intrusion Prevention Systems (IPS)", "Web Application Firewall (WAF)", "DDoS Protection"], "ProductSubscriptionResourcePolicy": "{\"Version\":\"2012-10-17\",\"Statement\":[{\"Effect\":\"Allow\",\"Principal\":{\"AWS\":\"600349266714\"},\"Action\":[\"securityhub:BatchImportFindings\"],\"Resource\":\"arn:aws:securityhub:eu-west-1:043898046743:product-subscription/aws/firewall-manager\",\"Condition\":{\"StringEquals\":{\"securityhub:TargetAccount\":\"043898046743\"}}}]}"}, {"IntegrationTypes": ["SEND_FINDINGS_TO_SECURITY_HUB"], "Description": "An AWS Identity and Access Management (IAM) feature that monitors and analyzes policies applied to your AWS resources. When Access Analyzer identifies a policy that allows access to a resource from outside of your account, it generates a finding.", "ActivationUrl": "https://console.aws.amazon.com/access-analyzer/home", "CompanyName": "AWS", "MarketplaceUrl": "https://docs.aws.amazon.com/console/iam/what-is-access-analyzer", "ProductArn": "arn:aws:securityhub:eu-west-1::product/aws/access-analyzer", "ProductName": "IAM Access Analyzer", "Categories": ["Cloud Compliance and Best Practices Checks", "Data Access Management"], "ProductSubscriptionResourcePolicy": "{\"Version\":\"2012-10-17\",\"Statement\":[{\"Effect\":\"Allow\",\"Principal\":{\"AWS\":\"656260116083\"},\"Action\":[\"securityhub:BatchImportFindings\"],\"Resource\":\"arn:aws:securityhub:eu-west-1:043898046743:product-subscription/aws/access-analyzer\",\"Condition\":{\"StringEquals\":{\"securityhub:TargetAccount\":\"043898046743\"}}}]}"}, {"IntegrationTypes": ["SEND_FINDINGS_TO_SECURITY_HUB"], "Description": "Get the right level of coverage: Vulnerability and asset visibility, threat detection and incident management, WAF, and assigned SOC analyst options.", "ActivationUrl": "https://docs.alertlogic.com/configure/aws-security-hub.htm", "CompanyName": "Alert Logic", "MarketplaceUrl": "http://aws.amazon.com/marketplace/pp/B07K2J16QH", "ProductArn": "arn:aws:securityhub:eu-west-1:733251395267:product/alertlogic/althreatmanagement", "ProductName": "SIEMless ThreatManagement", "Categories": [], "ProductSubscriptionResourcePolicy": "{\"Version\":\"2012-10-17\",\"Statement\":[{\"Effect\":\"Allow\",\"Principal\":{\"AWS\":\"733251395267\"},\"Action\":[\"securityhub:BatchImportFindings\"],\"Resource\":\"arn:aws:securityhub:eu-west-1:043898046743:product-subscription/alertlogic/althreatmanagement\",\"Condition\":{\"StringEquals\":{\"securityhub:TargetAccount\":\"043898046743\"}}}]}"}, {"IntegrationTypes": ["RECEIVE_FINDINGS_FROM_SECURITY_HUB"], "Description": "Amazon Detective makes it easy to analyze, investigate, and quickly identify the root cause of security findings or suspicious activities", "ActivationUrl": "https://docs.aws.amazon.com/detective/latest/userguide/profile-pivot-from-service.html", "CompanyName": "Amazon", "MarketplaceUrl": "https://console.aws.amazon.com/detective/", "ProductArn": "arn:aws:securityhub:eu-west-1::product/amazon/detective", "ProductName": "Detective", "Categories": ["Forensics Lab or Toolkit", "Threat Modeling"]}, {"IntegrationTypes": ["SEND_FINDINGS_TO_SECURITY_HUB"], "Description": "A threat detection service that continuously monitors for malicious or unauthorized behavior to help you protect your AWS accounts and workloads.", "ActivationUrl": "https://console.aws.amazon.com/guardduty/home", "CompanyName": "Amazon", "MarketplaceUrl": "https://console.aws.amazon.com/guardduty/home", "ProductArn": "arn:aws:securityhub:eu-west-1::product/aws/guardduty", "ProductName": "GuardDuty", "Categories": ["User and Entity Behavior Analytics (UEBA)", "Network Intrusion Detection Systems (IDS)"], "ProductSubscriptionResourcePolicy": "{\"Version\":\"2012-10-17\",\"Statement\":[{\"Effect\":\"Allow\",\"Principal\":{\"AWS\":\"838864981277\"},\"Action\":[\"securityhub:BatchImportFindings\"],\"Resource\":\"arn:aws:securityhub:eu-west-1:043898046743:product-subscription/aws/guardduty\",\"Condition\":{\"StringEquals\":{\"securityhub:TargetAccount\":\"043898046743\"}}}]}"}, {"IntegrationTypes": ["SEND_FINDINGS_TO_SECURITY_HUB"], "Description": "An automated security assessment service that helps improve the security and compliance of applications deployed on AWS.", "ActivationUrl": "https://console.aws.amazon.com/inspector/home", "CompanyName": "Amazon", "MarketplaceUrl": "https://console.aws.amazon.com/inspector/home", "ProductArn": "arn:aws:securityhub:eu-west-1::product/aws/inspector", "ProductName": "Inspector", "Categories": ["Vulnerability Assessment and Management"], "ProductSubscriptionResourcePolicy": "{\"Version\":\"2012-10-17\",\"Statement\":[{\"Effect\":\"Allow\",\"Principal\":{\"AWS\":\"357557129151\"},\"Action\":[\"securityhub:BatchImportFindings\"],\"Resource\":\"arn:aws:securityhub:eu-west-1:043898046743:product-subscription/aws/inspector\",\"Condition\":{\"StringEquals\":{\"securityhub:TargetAccount\":\"043898046743\"}}}]}"}, {"IntegrationTypes": ["SEND_FINDINGS_TO_SECURITY_HUB"], "Description": "A security service that uses machine learning to automatically discover, classify, and protect sensitive data in AWS.", "ActivationUrl": "https://aws.amazon.com/macie/", "CompanyName": "Amazon", "MarketplaceUrl": "https://aws.amazon.com/macie/", "ProductArn": "arn:aws:securityhub:eu-west-1::product/aws/macie", "ProductName": "Macie", "Categories": ["Data Loss Protection"], "ProductSubscriptionResourcePolicy": "{\"Version\":\"2012-10-17\",\"Statement\":[{\"Effect\":\"Allow\",\"Principal\":{\"AWS\":\"403784682268\"},\"Action\":[\"securityhub:BatchImportFindings\"],\"Resource\":\"arn:aws:securityhub:eu-west-1:043898046743:product-subscription/aws/macie\",\"Condition\":{\"StringEquals\":{\"securityhub:TargetAccount\":\"043898046743\"}}}]}"}, {"IntegrationTypes": ["SEND_FINDINGS_TO_SECURITY_HUB"], "Description": "Aqua Cloud Native Security Platform (CSP) provides full lifecycle security for container-based and serverless applications, from your CI/CD pipeline to runtime production environments.", "ActivationUrl": "https://github.com/aquasecurity/aws-security-hub-plugin", "CompanyName": "Aqua Security", "MarketplaceUrl": "https://aws.amazon.com/marketplace/seller-profile?id=db84c051-5747-4bab-964c-d4e858e832d9", "ProductArn": "arn:aws:securityhub:eu-west-1::product/aquasecurity/aquasecurity", "ProductName": "Aqua Security", "Categories": ["DevSecOps Management and Orchestration", "Container Security", "Serverless Security"], "ProductSubscriptionResourcePolicy": "{\"Version\":\"2012-10-17\",\"Statement\":[{\"Effect\":\"Allow\",\"Principal\":{\"AWS\":\"043898046743\"},\"Action\":[\"securityhub:BatchImportFindings\"],\"Resource\":\"arn:aws:securityhub:eu-west-1::product/aquasecurity/aquasecurity\",\"Condition\":{\"StringEquals\":{\"securityhub:TargetAccount\":\"043898046743\"}}}]}"}, {"IntegrationTypes": ["RECEIVE_FINDINGS_FROM_SECURITY_HUB"], "Description": "Forward Amazon Security Hub findings to Atlassian Opsgenie where you will then be able to initiate and accelerate incident response and resolution", "ActivationUrl": "https://docs.opsgenie.com/docs/amazon-security-hub-integration", "CompanyName": "Atlassian", "MarketplaceUrl": "https://aws.amazon.com/partners/find/partnerdetails/?n=Atlassian&id=001E000000UfZWPIA3", "ProductArn": "arn:aws:securityhub:eu-west-1::product/atlassian/opsgenie", "ProductName": "Opsgenie", "Categories": ["On-Call Management", "Security Orchestration, Automation, and Response (SOAR)"]}, {"IntegrationTypes": ["SEND_FINDINGS_TO_SECURITY_HUB"], "Description": "AttackIQ Platform emulates real adversarial behavior aligned with the MITRE ATT&CK Framework to help validate and improve your overall security posture.", "ActivationUrl": "https://github.com/AttackIQ/attackiq.github.io", "CompanyName": "AttackIQ", "ProductArn": "arn:aws:securityhub:eu-west-1::product/attackiq/attackiq-platform", "ProductName": "AttackIQ Platform", "Categories": ["Cloud Compliance and Best Practices Check", "Cyber Risk Management", "Cyber Ranges and Training Simulations"], "ProductSubscriptionResourcePolicy": "{\"Version\":\"2012-10-17\",\"Statement\":[{\"Effect\":\"Allow\",\"Principal\":{\"AWS\":\"381031177744\"},\"Action\":[\"securityhub:BatchImportFindings\"],\"Resource\":\"arn:aws:securityhub:eu-west-1:043898046743:product-subscription/attackiq/attackiq-platform\",\"Condition\":{\"StringEquals\":{\"securityhub:TargetAccount\":\"043898046743\"}}}]}"}, {"IntegrationTypes": ["SEND_FINDINGS_TO_SECURITY_HUB"], "Description": "Barracuda Cloud Security Guardian is a SaaS service that makes it simple and easy to stay secure while building applications in, and moving workloads to, public-cloud infrastructures.", "ActivationUrl": "https://guardian.barracuda.com", "CompanyName": "Barracuda Networks", "ProductArn": "arn:aws:securityhub:eu-west-1:151784055945:product/barracuda/cloudsecurityguardian", "ProductName": "Cloud Security Guardian", "Categories": ["Cloud Compliance and Best Practices Checks", "AV Scanning and Sandboxing", "Web Application Firewall (WAF)", "Network Forensics"], "ProductSubscriptionResourcePolicy": "{\"Version\":\"2012-10-17\",\"Statement\":[{\"Effect\":\"Allow\",\"Principal\":{\"AWS\":\"151784055945\"},\"Action\":[\"securityhub:BatchImportFindings\"],\"Resource\":\"arn:aws:securityhub:eu-west-1:043898046743:product-subscription/barracuda/cloudsecurityguardian\",\"Condition\":{\"StringEquals\":{\"securityhub:TargetAccount\":\"043898046743\"}}},{\"Effect\":\"Allow\",\"Principal\":{\"AWS\":\"043898046743\"},\"Action\":[\"securityhub:BatchImportFindings\"],\"Resource\":\"arn:aws:securityhub:eu-west-1:151784055945:product/barracuda/cloudsecurityguardian\",\"Condition\":{\"StringEquals\":{\"securityhub:TargetAccount\":\"043898046743\"}}}]}"}, {"IntegrationTypes": ["SEND_FINDINGS_TO_SECURITY_HUB"], "Description": "BigID Enterprise Privacy Management Platform", "ActivationUrl": "https://github.com/bigidsecure/aws-security-hub", "CompanyName": "BigID", "ProductArn": "arn:aws:securityhub:eu-west-1::product/bigid/bigid-enterprise", "ProductName": "BigID Enterprise", "Categories": ["Data Access Management", "Data Loss Prevention", "Data Masking and Tokenization"], "ProductSubscriptionResourcePolicy": "{\"Version\":\"2012-10-17\",\"Statement\":[{\"Effect\":\"Allow\",\"Principal\":{\"AWS\":\"043898046743\"},\"Action\":[\"securityhub:BatchImportFindings\"],\"Resource\":\"arn:aws:securityhub:eu-west-1::product/bigid/bigid-enterprise\",\"Condition\":{\"StringEquals\":{\"securityhub:TargetAccount\":\"043898046743\"}}}]}"}, {"IntegrationTypes": ["SEND_FINDINGS_TO_SECURITY_HUB"], "Description": "C2VS is a customizable compliance solution designed to automatically identify your application specific misconfigurations and their root cause.", "ActivationUrl": "https://www.capitissolutions.com/security-hub-configuration/", "CompanyName": "Capitis", "ProductArn": "arn:aws:securityhub:eu-west-1::product/capitis/c2vs", "ProductName": "C2VS", "Categories": ["Cloud Compliance and Best Practices Checks", "Third-Party Risk Assessment", "Vulnerability Assessment and Management"], "ProductSubscriptionResourcePolicy": "{\"Version\":\"2012-10-17\",\"Statement\":[{\"Effect\":\"Allow\",\"Principal\":{\"AWS\":\"043898046743\"},\"Action\":[\"securityhub:BatchImportFindings\"],\"Resource\":\"arn:aws:securityhub:eu-west-1::product/capitis/c2vs\",\"Condition\":{\"StringEquals\":{\"securityhub:TargetAccount\":\"043898046743\"}}}]}"}, {"IntegrationTypes": ["SEND_FINDINGS_TO_SECURITY_HUB", "RECEIVE_FINDINGS_FROM_SECURITY_HUB"], "Description": "A SaaS risk mitigation platform that delivers automated compliance and hybrid-cloud security posture management for comprehensive workload protection.", "ActivationUrl": "https://www.caveonix.com/support/aws-security-hub/", "CompanyName": "Caveonix", "ProductArn": "arn:aws:securityhub:eu-west-1::product/caveonix/riskforesight-io", "ProductName": "RiskForesight.io", "Categories": ["Cloud Compliance and Best Practices Check", "Cyber Risk Management", "Cyber Ranges and Training Simulations"], "ProductSubscriptionResourcePolicy": "{\"Version\":\"2012-10-17\",\"Statement\":[{\"Effect\":\"Allow\",\"Principal\":{\"AWS\":\"436477802974\"},\"Action\":[\"securityhub:BatchImportFindings\"],\"Resource\":\"arn:aws:securityhub:eu-west-1:043898046743:product-subscription/caveonix/riskforesight-io\",\"Condition\":{\"StringEquals\":{\"securityhub:TargetAccount\":\"043898046743\"}}},{\"Effect\":\"Allow\",\"Principal\":{\"AWS\":\"043898046743\"},\"Action\":[\"securityhub:BatchImportFindings\"],\"Resource\":\"arn:aws:securityhub:eu-west-1::product/caveonix/riskforesight-io\",\"Condition\":{\"StringEquals\":{\"securityhub:TargetAccount\":\"043898046743\"}}}]}"}, {"IntegrationTypes": ["SEND_FINDINGS_TO_SECURITY_HUB"], "Description": "Check Point CloudGuard easily extends comprehensive threat prevention security to AWS while protecting assets in the cloud.", "ActivationUrl": "https://supportcenter.checkpoint.com/supportcenter/portal?eventSubmit_doGoviewsolutiondetails=&solutionid=sk140412", "CompanyName": "Check Point", "MarketplaceUrl": "https://aws.amazon.com/marketplace/pp/B07D77VMSJ", "ProductArn": "arn:aws:securityhub:eu-west-1:758245563457:product/checkpoint/cloudguard-iaas", "ProductName": "CloudGuard IaaS", "Categories": ["Enterprise Firewalls and Intrusion Prevention Systems (IPS)", "Micro-Segmentation", "Data Loss Prevention", "AV Scanning and Sandboxing", "Vulnerability Assessment and Management", "Threat Intelligence Feeds and Reports", "Software-Defined Perimeter"], "ProductSubscriptionResourcePolicy": "{\"Version\":\"2012-10-17\",\"Statement\":[{\"Effect\":\"Allow\",\"Principal\":{\"AWS\":\"758245563457\"},\"Action\":[\"securityhub:BatchImportFindings\"],\"Resource\":\"arn:aws:securityhub:eu-west-1:043898046743:product-subscription/checkpoint/cloudguard-iaas\",\"Condition\":{\"StringEquals\":{\"securityhub:TargetAccount\":\"043898046743\"}}},{\"Effect\":\"Allow\",\"Principal\":{\"AWS\":\"043898046743\"},\"Action\":[\"securityhub:BatchImportFindings\"],\"Resource\":\"arn:aws:securityhub:eu-west-1:758245563457:product/checkpoint/cloudguard-iaas\",\"Condition\":{\"StringEquals\":{\"securityhub:TargetAccount\":\"043898046743\"}}}]}"}, {"IntegrationTypes": ["SEND_FINDINGS_TO_SECURITY_HUB"], "Description": "A SaaS Platform that delivers verifiable cloud network security, advanced IAM protection and comprehensive compliance and governance.", "ActivationUrl": "https://supportcenter.checkpoint.com/supportcenter/portal?eventSubmit_doGoviewsolutiondetails=&solutionid=sk144592&partition=General&product=CloudGuard", "CompanyName": "Check Point", "MarketplaceUrl": "https://aws.amazon.com/marketplace/seller-profile?id=59a38c69-0c0e-490c-8427-e4c4ed1b4371", "ProductArn": "arn:aws:securityhub:eu-west-1:634729597623:product/checkpoint/dome9-arc", "ProductName": "Dome9 Arc", "Categories": ["Network Intrusion Detection Systems (IDS)", "Cloud Compliance and Best Practices Checks", "Configuration and Patch Management", "Multi-Cloud Management", "Vulnerability Assessment and Management"], "ProductSubscriptionResourcePolicy": "{\"Version\":\"2012-10-17\",\"Statement\":[{\"Effect\":\"Allow\",\"Principal\":{\"AWS\":\"634729597623\"},\"Action\":[\"securityhub:BatchImportFindings\"],\"Resource\":\"arn:aws:securityhub:eu-west-1:043898046743:product-subscription/checkpoint/dome9-arc\",\"Condition\":{\"StringEquals\":{\"securityhub:TargetAccount\":\"043898046743\"}}},{\"Effect\":\"Allow\",\"Principal\":{\"AWS\":\"043898046743\"},\"Action\":[\"securityhub:BatchImportFindings\"],\"Resource\":\"arn:aws:securityhub:eu-west-1:634729597623:product/checkpoint/dome9-arc\",\"Condition\":{\"StringEquals\":{\"securityhub:TargetAccount\":\"043898046743\"}}}]}"}, {"IntegrationTypes": ["SEND_FINDINGS_TO_SECURITY_HUB", "RECEIVE_FINDINGS_FROM_SECURITY_HUB"], "Description": "Cloud Custodian enables users to be well managed in the cloud. The simple YAML DSL allows easily define rules to enable a well-managed cloud infrastructure, that's both secure and cost optimized.", "ActivationUrl": "https://cloudcustodian.io/docs/aws/topics/securityhub.html", "CompanyName": "Cloud Custodian", "ProductArn": "arn:aws:securityhub:eu-west-1::product/cloud-custodian/cloud-custodian", "ProductName": "Cloud Custodian", "Categories": ["Cloud Compliance and Best Practices Checks"], "ProductSubscriptionResourcePolicy": "{\"Version\":\"2012-10-17\",\"Statement\":[{\"Effect\":\"Allow\",\"Principal\":{\"AWS\":\"043898046743\"},\"Action\":[\"securityhub:BatchImportFindings\"],\"Resource\":\"arn:aws:securityhub:eu-west-1::product/cloud-custodian/cloud-custodian\",\"Condition\":{\"StringEquals\":{\"securityhub:TargetAccount\":\"043898046743\"}}}]}"}, {"IntegrationTypes": ["SEND_FINDINGS_TO_SECURITY_HUB"], "Description": "CrowdStrike Falcon's single lightweight sensor unifies next-gen antivirus, endpoint detection and response, and 24/7 managed hunting, via the cloud.", "ActivationUrl": "https://falcon.crowdstrike.com/support/documentation", "CompanyName": "CrowdStrike", "MarketplaceUrl": "https://aws.amazon.com/marketplace/seller-profile?id=f4fb055a-5333-4b6e-8d8b-a4143ad7f6c7", "ProductArn": "arn:aws:securityhub:eu-west-1:517716713836:product/crowdstrike/crowdstrike-falcon", "ProductName": "CrowdStrike Falcon", "Categories": ["Endpoint Detection and Response (EDR)", "AV Scanning and Sandboxing", "Threat Intelligence Feeds and Reports", "Endpoint Forensics", "Network Forensics"], "ProductSubscriptionResourcePolicy": "{\"Version\":\"2012-10-17\",\"Statement\":[{\"Effect\":\"Allow\",\"Principal\":{\"AWS\":\"517716713836\"},\"Action\":[\"securityhub:BatchImportFindings\"],\"Resource\":\"arn:aws:securityhub:eu-west-1:043898046743:product-subscription/crowdstrike/crowdstrike-falcon\",\"Condition\":{\"StringEquals\":{\"securityhub:TargetAccount\":\"043898046743\"}}},{\"Effect\":\"Allow\",\"Principal\":{\"AWS\":\"043898046743\"},\"Action\":[\"securityhub:BatchImportFindings\"],\"Resource\":\"arn:aws:securityhub:eu-west-1:517716713836:product/crowdstrike/crowdstrike-falcon\",\"Condition\":{\"StringEquals\":{\"securityhub:TargetAccount\":\"043898046743\"}}}]}"}, {"IntegrationTypes": ["SEND_FINDINGS_TO_SECURITY_HUB"], "Description": "Privileged Threat Analytics collect, detect, alert & respond to high-risk activity & behavior of privileged accounts to contain in-progress attacks.", "ActivationUrl": "https://cyberark-customers.force.com/mplace/s/#a352J000000dZATQA2-a392J000001Z3eaQAC", "CompanyName": "CyberArk", "MarketplaceUrl": "https://aws.amazon.com/marketplace/pp/B07DHVTDYV?qid=1561054670233&sr=0-2&ref_=srh_res_product_title", "ProductArn": "arn:aws:securityhub:eu-west-1:749430749651:product/cyberark/cyberark-pta", "ProductName": "Privileged Threat Analytics", "Categories": ["Privileged Access Management"], "ProductSubscriptionResourcePolicy": "{\"Version\":\"2012-10-17\",\"Statement\":[{\"Effect\":\"Allow\",\"Principal\":{\"AWS\":\"749430749651\"},\"Action\":[\"securityhub:BatchImportFindings\"],\"Resource\":\"arn:aws:securityhub:eu-west-1:043898046743:product-subscription/cyberark/cyberark-pta\",\"Condition\":{\"StringEquals\":{\"securityhub:TargetAccount\":\"043898046743\"}}},{\"Effect\":\"Allow\",\"Principal\":{\"AWS\":\"043898046743\"},\"Action\":[\"securityhub:BatchImportFindings\"],\"Resource\":\"arn:aws:securityhub:eu-west-1:749430749651:product/cyberark/cyberark-pta\",\"Condition\":{\"StringEquals\":{\"securityhub:TargetAccount\":\"043898046743\"}}}]}"}, {"IntegrationTypes": ["SEND_FINDINGS_TO_SECURITY_HUB", "RECEIVE_FINDINGS_FROM_SECURITY_HUB"], "Description": "DisruptOps\u2019 Security Operations Platform helps organizations maintain best security practices in your cloud through the use of automated guardrails", "ActivationUrl": "https://disruptops.com/securityhub", "CompanyName": "DisruptOps, Inc.", "ProductArn": "arn:aws:securityhub:eu-west-1::product/disruptops-inc/disruptops", "ProductName": "DisruptOps", "Categories": ["Cloud Compliance and Best Practices Checks", "DevSecOps Management and Orchestration", "Security Orchestration, Automation, and Response (SOAR)"], "ProductSubscriptionResourcePolicy": "{\"Version\":\"2012-10-17\",\"Statement\":[{\"Effect\":\"Allow\",\"Principal\":{\"AWS\":\"013944500484\"},\"Action\":[\"securityhub:BatchImportFindings\"],\"Resource\":\"arn:aws:securityhub:eu-west-1:043898046743:product-subscription/disruptops-inc/disruptops\",\"Condition\":{\"StringEquals\":{\"securityhub:TargetAccount\":\"043898046743\"}}},{\"Effect\":\"Allow\",\"Principal\":{\"AWS\":\"043898046743\"},\"Action\":[\"securityhub:BatchImportFindings\"],\"Resource\":\"arn:aws:securityhub:eu-west-1::product/disruptops-inc/disruptops\",\"Condition\":{\"StringEquals\":{\"securityhub:TargetAccount\":\"043898046743\"}}}]}"}, {"IntegrationTypes": ["SEND_FINDINGS_TO_SECURITY_HUB"], "Description": "Advanced WAF provides malicious bot protection, L7 DoS mitigation, API inspection, behavior analytics and more to defend against web app attacks.", "ActivationUrl": "https://clouddocs.f5.com/cloud/public/v1/aws_index.html", "CompanyName": "F5 Networks", "MarketplaceUrl": "https://aws.amazon.com/marketplace/pp/B07F239Y87?qid=1541098212579&sr=0-3&ref_=srh_res_product_title", "ProductArn": "arn:aws:securityhub:eu-west-1:250871914685:product/f5networks/f5-advanced-waf", "ProductName": "Advanced WAF", "Categories": ["Web Application Firewall (WAF)", "API Firewall", "DDoS Protection"], "ProductSubscriptionResourcePolicy": "{\"Version\":\"2012-10-17\",\"Statement\":[{\"Effect\":\"Allow\",\"Principal\":{\"AWS\":\"250871914685\"},\"Action\":[\"securityhub:BatchImportFindings\"],\"Resource\":\"arn:aws:securityhub:eu-west-1:043898046743:product-subscription/f5networks/f5-advanced-waf\",\"Condition\":{\"StringEquals\":{\"securityhub:TargetAccount\":\"043898046743\"}}},{\"Effect\":\"Allow\",\"Principal\":{\"AWS\":\"043898046743\"},\"Action\":[\"securityhub:BatchImportFindings\"],\"Resource\":\"arn:aws:securityhub:eu-west-1:250871914685:product/f5networks/f5-advanced-waf\",\"Condition\":{\"StringEquals\":{\"securityhub:TargetAccount\":\"043898046743\"}}}]}"}, {"IntegrationTypes": ["RECEIVE_FINDINGS_FROM_SECURITY_HUB"], "Description": "FireEye Helix is a cloud-hosted security operations platform that allows organizations to take control of any incident from alert to fix.", "ActivationUrl": "https://docs.fireeye.com/docs/index.html#helix", "CompanyName": "FireEye", "ProductArn": "arn:aws:securityhub:eu-west-1:264756907367:product/fireeye/fireeye-helix", "ProductName": "FireEye Helix", "Categories": ["Security Information and Event Management (SIEM)"]}, {"IntegrationTypes": ["SEND_FINDINGS_TO_SECURITY_HUB"], "Description": "Forcepoint CASB allows you to discover cloud application use, analyze risk, and enforce appropriate controls for SaaS and custom applications.", "ActivationUrl": "https://support.forcepoint.com/knowledgebase", "CompanyName": "Forcepoint", "ProductArn": "arn:aws:securityhub:eu-west-1:365761988620:product/forcepoint/forcepoint-casb", "ProductName": "Forcepoint CASB", "Categories": ["Cloud Compliance and Best Practices Checks", "Cloud Access Security Broker (CASB)", "Application and User Governance"], "ProductSubscriptionResourcePolicy": "{\"Version\":\"2012-10-17\",\"Statement\":[{\"Effect\":\"Allow\",\"Principal\":{\"AWS\":\"043898046743\"},\"Action\":[\"securityhub:BatchImportFindings\"],\"Resource\":\"arn:aws:securityhub:eu-west-1:365761988620:product/forcepoint/forcepoint-casb\",\"Condition\":{\"StringEquals\":{\"securityhub:TargetAccount\":\"043898046743\"}}}]}"}, {"IntegrationTypes": ["SEND_FINDINGS_TO_SECURITY_HUB"], "Description": "Forcepoint DLP addresses human-centric risk with visibility and control everywhere your people work and everywhere your data resides.", "ActivationUrl": "https://support.forcepoint.com/knowledgebase", "CompanyName": "Forcepoint", "ProductArn": "arn:aws:securityhub:eu-west-1:365761988620:product/forcepoint/forcepoint-dlp", "ProductName": "Forcepoint DLP", "Categories": ["Data Loss Prevention", "Data Loss Protection", "Security Information and Event Management (SIEM)"], "ProductSubscriptionResourcePolicy": "{\"Version\":\"2012-10-17\",\"Statement\":[{\"Effect\":\"Allow\",\"Principal\":{\"AWS\":\"043898046743\"},\"Action\":[\"securityhub:BatchImportFindings\"],\"Resource\":\"arn:aws:securityhub:eu-west-1:365761988620:product/forcepoint/forcepoint-dlp\",\"Condition\":{\"StringEquals\":{\"securityhub:TargetAccount\":\"043898046743\"}}}]}"}, {"IntegrationTypes": ["SEND_FINDINGS_TO_SECURITY_HUB"], "Description": "Forcepoint NGFW lets you connect your AWS environment into your enterprise network with the scalability, protection, and insights needed to manage your network and respond to threats.", "ActivationUrl": "https://support.forcepoint.com/knowledgebase", "CompanyName": "Forcepoint", "MarketplaceUrl": "https://aws.amazon.com/marketplace/pp/B01MG1OZPX?qid=1551295709746&sr=0-2&ref=srh_res_product_title#pdp-reviews", "ProductArn": "arn:aws:securityhub:eu-west-1:365761988620:product/forcepoint/forcepoint-ngfw", "ProductName": "Forcepoint NGFW", "Categories": ["Enterprise Firewalls and Intrusion Prevention Systems (IPS)", "Network Intrusion Detection Systems (IDS)", "Security Information and Event Management (SIEM)"], "ProductSubscriptionResourcePolicy": "{\"Version\":\"2012-10-17\",\"Statement\":[{\"Effect\":\"Allow\",\"Principal\":{\"AWS\":\"043898046743\"},\"Action\":[\"securityhub:BatchImportFindings\"],\"Resource\":\"arn:aws:securityhub:eu-west-1:365761988620:product/forcepoint/forcepoint-ngfw\",\"Condition\":{\"StringEquals\":{\"securityhub:TargetAccount\":\"043898046743\"}}}]}"}, {"IntegrationTypes": ["SEND_FINDINGS_TO_SECURITY_HUB"], "Description": "The Infection Monkey is an open source attack simulation tool", "ActivationUrl": "https://github.com/guardicore/monkey/wiki/Infection-Monkey-and-AWS-Security-Hub", "CompanyName": "GuardiCore", "MarketplaceUrl": "https://aws.amazon.com/marketplace/pp/B07B3J7K6D", "ProductArn": "arn:aws:securityhub:eu-west-1:324264561773:product/guardicore/aws-infection-monkey", "ProductName": "AWS Infection Monkey", "Categories": ["Cloud Compliance and Best Practices Checks", "Micro-Segmentation", "Deception", "Network Forensics", "Security Orchestration, Automation, and Response (SOAR)"], "ProductSubscriptionResourcePolicy": "{\"Version\":\"2012-10-17\",\"Statement\":[{\"Effect\":\"Allow\",\"Principal\":{\"AWS\":\"324264561773\"},\"Action\":[\"securityhub:BatchImportFindings\"],\"Resource\":\"arn:aws:securityhub:eu-west-1:043898046743:product-subscription/guardicore/aws-infection-monkey\",\"Condition\":{\"StringEquals\":{\"securityhub:TargetAccount\":\"043898046743\"}}},{\"Effect\":\"Allow\",\"Principal\":{\"AWS\":\"043898046743\"},\"Action\":[\"securityhub:BatchImportFindings\"],\"Resource\":\"arn:aws:securityhub:eu-west-1:324264561773:product/guardicore/aws-infection-monkey\",\"Condition\":{\"StringEquals\":{\"securityhub:TargetAccount\":\"043898046743\"}}}]}"}, {"IntegrationTypes": ["SEND_FINDINGS_TO_SECURITY_HUB"], "Description": "GuardiCore Centra provides flow visualization, micro-segmentation and breach detection for workloads in modern data centers and clouds.", "ActivationUrl": "https://customers.guardicore.com/login", "CompanyName": "GuardiCore", "MarketplaceUrl": "https://aws.amazon.com/marketplace/pp/B07DHTS4Z1?qid=1561412120252&sr=0-2&ref_=srh_res_product_title", "ProductArn": "arn:aws:securityhub:eu-west-1:324264561773:product/guardicore/centra", "ProductName": "Centra 4.0", "Categories": ["Cloud Compliance and Best Practices Checks", "Micro-Segmentation", "Deception", "Network Forensics", "Security Orchestration, Automation, and Response (SOAR)"], "ProductSubscriptionResourcePolicy": "{\"Version\":\"2012-10-17\",\"Statement\":[{\"Effect\":\"Allow\",\"Principal\":{\"AWS\":\"324264561773\"},\"Action\":[\"securityhub:BatchImportFindings\"],\"Resource\":\"arn:aws:securityhub:eu-west-1:043898046743:product-subscription/guardicore/centra\",\"Condition\":{\"StringEquals\":{\"securityhub:TargetAccount\":\"043898046743\"}}},{\"Effect\":\"Allow\",\"Principal\":{\"AWS\":\"043898046743\"},\"Action\":[\"securityhub:BatchImportFindings\"],\"Resource\":\"arn:aws:securityhub:eu-west-1:324264561773:product/guardicore/centra\",\"Condition\":{\"StringEquals\":{\"securityhub:TargetAccount\":\"043898046743\"}}}]}"}, {"IntegrationTypes": ["SEND_FINDINGS_TO_SECURITY_HUB", "RECEIVE_FINDINGS_FROM_SECURITY_HUB"], "Description": "IBM QRadar SIEM provides security teams with the ability to quickly and accurately detect, prioritize, investigate and respond to threats.", "ActivationUrl": "https://www.ibm.com/support/knowledgecenter/SS42VS_DSM/com.ibm.dsm.doc/t_dsm_guide_Amazon_AWS_sh_Amazon_Web_Services.html?cp=SS42VS_7.3.1", "CompanyName": "IBM", "ProductArn": "arn:aws:securityhub:eu-west-1:949680696695:product/ibm/qradar-siem", "ProductName": "QRadar SIEM", "Categories": ["Security Information and Event Management (SIEM)", "User and Entity Behavior Analytics (UEBA)"], "ProductSubscriptionResourcePolicy": "{\"Version\":\"2012-10-17\",\"Statement\":[{\"Effect\":\"Allow\",\"Principal\":{\"AWS\":\"043898046743\"},\"Action\":[\"securityhub:BatchImportFindings\"],\"Resource\":\"arn:aws:securityhub:eu-west-1:949680696695:product/ibm/qradar-siem\",\"Condition\":{\"StringEquals\":{\"securityhub:TargetAccount\":\"043898046743\"}}}]}"}, {"IntegrationTypes": ["SEND_FINDINGS_TO_SECURITY_HUB"], "Description": "Imperva Attack Analytics correlates and distills thousands of security events into a few readable security incidents.", "ActivationUrl": "https://github.com/imperva", "CompanyName": "Imperva", "MarketplaceUrl": "https://aws.amazon.com/marketplace/pp/B00LNJN2AW", "ProductArn": "arn:aws:securityhub:eu-west-1:955745153808:product/imperva/imperva-attack-analytics", "ProductName": "Attack Analytics", "Categories": ["Web Application Firewall (WAF)", "API Firewall", "DDoS Protection"], "ProductSubscriptionResourcePolicy": "{\"Version\":\"2012-10-17\",\"Statement\":[{\"Effect\":\"Allow\",\"Principal\":{\"AWS\":\"955745153808\"},\"Action\":[\"securityhub:BatchImportFindings\"],\"Resource\":\"arn:aws:securityhub:eu-west-1:043898046743:product-subscription/imperva/imperva-attack-analytics\",\"Condition\":{\"StringEquals\":{\"securityhub:TargetAccount\":\"043898046743\"}}}]}"}, {"IntegrationTypes": ["SEND_FINDINGS_TO_SECURITY_HUB"], "Description": "McAfee MVISION Cloud offers compliance, data and threat protection through configuration audit, DLP and advanced threat analytics for your AWS environment.", "ActivationUrl": "https://www.skyhighnetworks.com/cloud-security-blog/enhancing-aws-security-hub-with-mcafee-mvision-cloud/", "CompanyName": "McAfee", "MarketplaceUrl": "https://aws.amazon.com/marketplace/pp/B07K372WD6?qid=1556256779639&sr=0-1&ref_=srh_res_product_title", "ProductArn": "arn:aws:securityhub:eu-west-1:297986523463:product/mcafee-skyhigh/mcafee-mvision-cloud-aws", "ProductName": "MVISION Cloud for AWS", "Categories": ["Cloud Compliance and Best Practices Checks"], "ProductSubscriptionResourcePolicy": "{\"Version\":\"2012-10-17\",\"Statement\":[{\"Effect\":\"Allow\",\"Principal\":{\"AWS\":\"297986523463\"},\"Action\":[\"securityhub:BatchImportFindings\"],\"Resource\":\"arn:aws:securityhub:eu-west-1:043898046743:product-subscription/mcafee-skyhigh/mcafee-mvision-cloud-aws\",\"Condition\":{\"StringEquals\":{\"securityhub:TargetAccount\":\"043898046743\"}}}]}"}, {"IntegrationTypes": ["RECEIVE_FINDINGS_FROM_SECURITY_HUB"], "Description": "PagerDuty provides real-time alerting & notification to help your teams quickly collaborate, prioritize, and remediate security incidents.", "ActivationUrl": "https://aws.amazon.com/blogs/apn/how-to-integrate-aws-security-hub-custom-actions-with-pagerduty/", "CompanyName": "PagerDuty", "MarketplaceUrl": "https://aws.amazon.com/marketplace/pp/B07HH6FNLP?qid=1559677378881&sr=0-3&ref_=srh_res_product_title", "ProductArn": "arn:aws:securityhub:eu-west-1::product/pagerduty/pagerduty", "ProductName": "PagerDuty", "Categories": ["On-Call Management", "Security Orchestration, Automation, and Response (SOAR)"]}, {"IntegrationTypes": ["RECEIVE_FINDINGS_FROM_SECURITY_HUB"], "Description": "Demisto integrates with AWS Security Hub to provide unified, automated security intelligence and incident response across cloud and on-premise infrastructures.", "ActivationUrl": "https://support.demisto.com/hc/en-us/restricted?return_to=https%3A%2F%2Fsupport.demisto.com%2Fhc%2Fen-us%2Farticles%2F360016525493-AWS-Security-Hub", "CompanyName": "Palo Alto Networks", "MarketplaceUrl": "https://aws.amazon.com/marketplace/pp/B07K2T9JBZ?qid=1560882125707&sr=0-1&ref_=srh_res_product_title", "ProductArn": "arn:aws:securityhub:eu-west-1::product/paloaltonetworks/demisto", "ProductName": "Demisto", "Categories": ["Security Orchestration, Automation, and Response (SOAR)"]}, {"IntegrationTypes": ["SEND_FINDINGS_TO_SECURITY_HUB"], "Description": "Protects your AWS deployment with cloud security analytics, advanced threat detection, and compliance monitoring.", "ActivationUrl": "https://docs.paloaltonetworks.com/redlock/redlock-admin/configure-external-integrations-on-redlock/integrate-redlock-with-aws-security-hub#", "CompanyName": "Palo Alto Networks", "MarketplaceUrl": "https://aws.amazon.com/marketplace/pp/B07QDBGS6L?qid=1555608535425&sr=0-5&ref_=srh_res_product_title", "ProductArn": "arn:aws:securityhub:eu-west-1:188619942792:product/paloaltonetworks/redlock", "ProductName": "RedLock", "Categories": ["Cloud Compliance and Best Practices Checks", "Configuration and Patch Management", "Multi-Cloud Management", "Privileged Access Management", "Vulnerability Assessment and Management", "Event Management (SIEM)", "User and Entity Behavior Analytics (UEBA)", "Network Intrusion Detection Systems (IDS)", "Threat Intelligence Feeds and Reports", "Endpoint Forensics", "Network Forensics", "Security Orchestration, Automation, and Response (SOAR)"], "ProductSubscriptionResourcePolicy": "{\"Version\":\"2012-10-17\",\"Statement\":[{\"Effect\":\"Allow\",\"Principal\":{\"AWS\":\"188619942792\"},\"Action\":[\"securityhub:BatchImportFindings\"],\"Resource\":\"arn:aws:securityhub:eu-west-1:043898046743:product-subscription/paloaltonetworks/redlock\",\"Condition\":{\"StringEquals\":{\"securityhub:TargetAccount\":\"043898046743\"}}}]}"}, {"IntegrationTypes": ["SEND_FINDINGS_TO_SECURITY_HUB"], "Description": "Qualys Vulnerability Management (VM) continuously scans and identifies vulnerabilities, protecting your assets.", "ActivationUrl": "https://community.qualys.com/docs/DOC-6588", "CompanyName": "Qualys", "MarketplaceUrl": "https://aws.amazon.com/marketplace/seller-profile?id=37404678-bda2-44f4-8311-910ccefa1f8f", "ProductArn": "arn:aws:securityhub:eu-west-1:805950163170:product/qualys/qualys-vm", "ProductName": "Vulnerability Management", "Categories": ["Cloud Compliance and Best Practices Checks", "Configuration and Patch Management", "Vulnerability Assessment and Management"], "ProductSubscriptionResourcePolicy": "{\"Version\":\"2012-10-17\",\"Statement\":[{\"Effect\":\"Allow\",\"Principal\":{\"AWS\":\"805950163170\"},\"Action\":[\"securityhub:BatchImportFindings\"],\"Resource\":\"arn:aws:securityhub:eu-west-1:043898046743:product-subscription/qualys/qualys-vm\",\"Condition\":{\"StringEquals\":{\"securityhub:TargetAccount\":\"043898046743\"}}}]}"}, {"IntegrationTypes": ["RECEIVE_FINDINGS_FROM_SECURITY_HUB"], "Description": "Managed security services on top of native AWS security products for 24x7x365 monitoring by Rackspace SOC, advanced analysis, and threat remediation.", "ActivationUrl": "https://www.rackspace.com/managed-aws/capabilities/security", "CompanyName": "Rackspace", "ProductArn": "arn:aws:securityhub:eu-west-1:530014582677:product/rackspace/cloud-native-security", "ProductName": "Cloud Native Security", "Categories": ["Managed Security Service Provider (MSSP)"]}, {"IntegrationTypes": ["RECEIVE_FINDINGS_FROM_SECURITY_HUB"], "Description": "InsightConnect allows security teams to easily create automated security workflows.", "ActivationUrl": "https://insightconnect.help.rapid7.com/docs/aws-security-hub", "CompanyName": "Rapid7", "ProductArn": "arn:aws:securityhub:eu-west-1::product/rapid7/insight-connect", "ProductName": "InsightConnect", "Categories": ["Security Orchestration, Automation, and Response (SOAR)"]}, {"IntegrationTypes": ["SEND_FINDINGS_TO_SECURITY_HUB"], "Description": "Rapid7 InsightVM provides vulnerability management for modern environments, allowing you to efficiently find, prioritize, & remediate vulnerabilities.", "ActivationUrl": "https://insightvm.help.rapid7.com/docs/aws-security-hub", "CompanyName": "Rapid7", "MarketplaceUrl": "https://aws.amazon.com/marketplace/pp/B07K4RGDBB", "ProductArn": "arn:aws:securityhub:eu-west-1:336818582268:product/rapid7/insightvm", "ProductName": "InsightVM", "Categories": ["Vulnerability Assessment and Management", "Cyber Risk Management", "Configuration and Patch Management", "Cloud Compliance and Best Practices Checks", "Threat Intelligence Feeds and Reports"], "ProductSubscriptionResourcePolicy": "{\"Version\":\"2012-10-17\",\"Statement\":[{\"Effect\":\"Allow\",\"Principal\":{\"AWS\":\"336818582268\"},\"Action\":[\"securityhub:BatchImportFindings\"],\"Resource\":\"arn:aws:securityhub:eu-west-1:043898046743:product-subscription/rapid7/insightvm\",\"Condition\":{\"StringEquals\":{\"securityhub:TargetAccount\":\"043898046743\"}}}]}"}, {"IntegrationTypes": ["RECEIVE_FINDINGS_FROM_SECURITY_HUB"], "Description": "The ServiceNow Security Hub integration allows security findings from Security Hub to be viewed within ServiceNow ITSM.", "ActivationUrl": "https://community.servicenow.com/community?id=community_article&sys_id=41434973dbc2330411762183ca96196d", "CompanyName": "ServiceNow", "ProductArn": "arn:aws:securityhub:eu-west-1:842447150064:product/servicenow/itsm", "ProductName": "ITSM", "Categories": ["IT Ticketing"]}, {"IntegrationTypes": ["RECEIVE_FINDINGS_FROM_SECURITY_HUB"], "Description": "The ServiceNow Security Hub integration allows both automated and manual forwarding of security findings from Security Hub to ServiceNow Security Operations.", "ActivationUrl": "https://community.servicenow.com/community?id=community_article&sys_id=e7138c30dbd2bf00e0e80b55ca961952", "CompanyName": "ServiceNow", "ProductArn": "arn:aws:securityhub:eu-west-1:842447150064:product/servicenow/secops", "ProductName": "SecOps", "Categories": ["Security Orchestration, Automation, and Response (SOAR)", "Vulnerability Assessment and Management", "Configuration and Patch Management"]}, {"IntegrationTypes": ["RECEIVE_FINDINGS_FROM_SECURITY_HUB"], "Description": "Slack brings your communication together. Teamwork in Slack happens in channels: a single place for messaging, tools, and files.", "ActivationUrl": "https://github.com/aws-samples/aws-securityhub-to-slack|https://docs.aws.amazon.com/chatbot/latest/adminguide/setting-up.html", "CompanyName": "Slack", "ProductArn": "arn:aws:securityhub:eu-west-1:429538831549:product/slack/slack", "ProductName": "Slack", "Categories": ["Instant Messaging"]}, {"IntegrationTypes": ["SEND_FINDINGS_TO_SECURITY_HUB"], "Description": "Sophos Server Protection defends the critical applications and data at the core of your organization, using comprehensive defense-in-depth techniques.", "ActivationUrl": "https://community.sophos.com/kb/en-us/125510", "CompanyName": "Sophos", "ProductArn": "arn:aws:securityhub:eu-west-1:062897671886:product/sophos/sophos-server-protection", "ProductName": "Server Protection", "Categories": ["Endpoint Detection and Response (EDR)"], "ProductSubscriptionResourcePolicy": "{\"Version\":\"2012-10-17\",\"Statement\":[{\"Effect\":\"Allow\",\"Principal\":{\"AWS\":\"062897671886\"},\"Action\":[\"securityhub:BatchImportFindings\"],\"Resource\":\"arn:aws:securityhub:eu-west-1:043898046743:product-subscription/sophos/sophos-server-protection\",\"Condition\":{\"StringEquals\":{\"securityhub:TargetAccount\":\"043898046743\"}}},{\"Effect\":\"Allow\",\"Principal\":{\"AWS\":\"043898046743\"},\"Action\":[\"securityhub:BatchImportFindings\"],\"Resource\":\"arn:aws:securityhub:eu-west-1:062897671886:product/sophos/sophos-server-protection\",\"Condition\":{\"StringEquals\":{\"securityhub:TargetAccount\":\"043898046743\"}}}]}"}, {"IntegrationTypes": ["RECEIVE_FINDINGS_FROM_SECURITY_HUB"], "Description": "Splunk Phantom enhances AWS Security Hub & Splunk findings with additional threat intelligence information to perform automated response actions.", "ActivationUrl": "https://splunkphantom.s3.amazonaws.com/phantom-sechub-setup.html", "CompanyName": "Splunk", "MarketplaceUrl": "https://aws.amazon.com/marketplace/pp/B07K2HPNJG", "ProductArn": "arn:aws:securityhub:eu-west-1::product/splunk/phantom", "ProductName": "Phantom", "Categories": ["Security Orchestration, Automation, and Response (SOAR)"]}, {"IntegrationTypes": ["SEND_FINDINGS_TO_SECURITY_HUB"], "Description": "Splunk utilizes CloudWatch Events as a consumer of AWS Security Hub findings. Send your data to Splunk for advanced Security analytics & SIEM.", "ActivationUrl": "https://github.com/splunk/splunk-for-securityHub", "CompanyName": "Splunk", "MarketplaceUrl": "https://aws.amazon.com/mp/splunk/", "ProductArn": "arn:aws:securityhub:eu-west-1:112543817624:product/splunk/splunk-enterprise", "ProductName": "Splunk Enterprise", "Categories": ["Security Information and Event Management (SIEM)", "User and Entity Behavior Analytics (UEBA)", "Security Data Lake", "IoT Analytics", "Fraud Detection"], "ProductSubscriptionResourcePolicy": "{\"Version\":\"2012-10-17\",\"Statement\":[{\"Effect\":\"Allow\",\"Principal\":{\"AWS\":\"112543817624\"},\"Action\":[\"securityhub:BatchImportFindings\"],\"Resource\":\"arn:aws:securityhub:eu-west-1:043898046743:product-subscription/splunk/splunk-enterprise\",\"Condition\":{\"StringEquals\":{\"securityhub:TargetAccount\":\"043898046743\"}}},{\"Effect\":\"Allow\",\"Principal\":{\"AWS\":\"043898046743\"},\"Action\":[\"securityhub:BatchImportFindings\"],\"Resource\":\"arn:aws:securityhub:eu-west-1:112543817624:product/splunk/splunk-enterprise\",\"Condition\":{\"StringEquals\":{\"securityhub:TargetAccount\":\"043898046743\"}}}]}"}, {"IntegrationTypes": ["SEND_FINDINGS_TO_SECURITY_HUB", "RECEIVE_FINDINGS_FROM_SECURITY_HUB"], "Description": "Sumo Logic is a secure, machine data analytics platform that enables DevSecOps teams build, run and secure their AWS applications.", "ActivationUrl": "https://help.sumologic.com/07Sumo-Logic-Apps/01Amazon_and_AWS/AWS_Security_Hub", "CompanyName": "Sumo Logic", "MarketplaceUrl": "https://aws.amazon.com/marketplace/pp/B06XXVNPN2", "ProductArn": "arn:aws:securityhub:eu-west-1:956882708938:product/sumologicinc/sumologic-mda", "ProductName": "Machine Data Analytics", "Categories": ["Security Information and Event Management (SIEM)"], "ProductSubscriptionResourcePolicy": "{\"Version\":\"2012-10-17\",\"Statement\":[{\"Effect\":\"Allow\",\"Principal\":{\"AWS\":\"956882708938\"},\"Action\":[\"securityhub:BatchImportFindings\"],\"Resource\":\"arn:aws:securityhub:eu-west-1:043898046743:product-subscription/sumologicinc/sumologic-mda\",\"Condition\":{\"StringEquals\":{\"securityhub:TargetAccount\":\"043898046743\"}}},{\"Effect\":\"Allow\",\"Principal\":{\"AWS\":\"043898046743\"},\"Action\":[\"securityhub:BatchImportFindings\"],\"Resource\":\"arn:aws:securityhub:eu-west-1:956882708938:product/sumologicinc/sumologic-mda\",\"Condition\":{\"StringEquals\":{\"securityhub:TargetAccount\":\"043898046743\"}}}]}"}, {"IntegrationTypes": ["SEND_FINDINGS_TO_SECURITY_HUB", "RECEIVE_FINDINGS_FROM_SECURITY_HUB"], "Description": "Cloud Workload Protection provides complete protection for your EC2 instances with anti-malware, intrusion prevention, and file integrity monitoring.", "ActivationUrl": "https://help.symantec.com/cs/scwp/SCWP/v130271667_v111037498/Intergration-with-AWS-Security-Hub/?locale=EN_US&sku=CWP_COMPUTE", "CompanyName": "Symantec", "MarketplaceUrl": "https://aws.amazon.com/marketplace/pp/B0722D4QRN", "ProductArn": "arn:aws:securityhub:eu-west-1:754237914691:product/symantec-corp/symantec-cwp", "ProductName": "Cloud Workload Protection", "Categories": ["Cyber Risk Management", "Multi-Cloud Management", "Host-based Intrusion Detection (HIDs)", "AV Scanning and Sandboxing", "Threat Intelligence Feeds and Reports", "Endpoint Forensics"], "ProductSubscriptionResourcePolicy": "{\"Version\":\"2012-10-17\",\"Statement\":[{\"Effect\":\"Allow\",\"Principal\":{\"AWS\":\"754237914691\"},\"Action\":[\"securityhub:BatchImportFindings\"],\"Resource\":\"arn:aws:securityhub:eu-west-1:043898046743:product-subscription/symantec-corp/symantec-cwp\",\"Condition\":{\"StringEquals\":{\"securityhub:TargetAccount\":\"043898046743\"}}},{\"Effect\":\"Allow\",\"Principal\":{\"AWS\":\"043898046743\"},\"Action\":[\"securityhub:BatchImportFindings\"],\"Resource\":\"arn:aws:securityhub:eu-west-1:754237914691:product/symantec-corp/symantec-cwp\",\"Condition\":{\"StringEquals\":{\"securityhub:TargetAccount\":\"043898046743\"}}}]}"}, {"IntegrationTypes": ["SEND_FINDINGS_TO_SECURITY_HUB"], "Description": "Accurately identify, investigate and prioritize vulnerabilities. Managed in the Cloud.", "ActivationUrl": "https://github.com/tenable/Security-Hub", "CompanyName": "Tenable", "ProductArn": "arn:aws:securityhub:eu-west-1:422820575223:product/tenable/tenable-io", "ProductName": "Tenable.io", "Categories": ["Vulnerability Assetssment and Management", "Cyber Risk Management"], "ProductSubscriptionResourcePolicy": "{\"Version\":\"2012-10-17\",\"Statement\":[{\"Effect\":\"Allow\",\"Principal\":{\"AWS\":\"422820575223\"},\"Action\":[\"securityhub:BatchImportFindings\"],\"Resource\":\"arn:aws:securityhub:eu-west-1:043898046743:product-subscription/tenable/tenable-io\",\"Condition\":{\"StringEquals\":{\"securityhub:TargetAccount\":\"043898046743\"}}},{\"Effect\":\"Allow\",\"Principal\":{\"AWS\":\"043898046743\"},\"Action\":[\"securityhub:BatchImportFindings\"],\"Resource\":\"arn:aws:securityhub:eu-west-1:422820575223:product/tenable/tenable-io\",\"Condition\":{\"StringEquals\":{\"securityhub:TargetAccount\":\"043898046743\"}}}]}"}, {"IntegrationTypes": ["SEND_FINDINGS_TO_SECURITY_HUB"], "Description": "Turbot ensures your cloud infrastructure is secure, compliant, scalable and cost optimized.", "ActivationUrl": "https://turbot.com/blog/2018/11/aws-security-hub/", "CompanyName": "Turbot", "ProductArn": "arn:aws:securityhub:eu-west-1:453761072151:product/turbot/turbot", "ProductName": "Turbot", "Categories": ["Cloud Compliance and Best Practices Checks", "Cyber Risk Management", "Third-Party Risk Assessment", "Configuration and Patch Management", "Multi-Cloud Management", "Directory Services", "Privileged Access Management", "Vulnerability Assessment and Management", "DevSecOps Management and Orchestration", "Security Orchestration, Automation, and Response (SOAR)"], "ProductSubscriptionResourcePolicy": "{\"Version\":\"2012-10-17\",\"Statement\":[{\"Effect\":\"Allow\",\"Principal\":{\"AWS\":\"453761072151\"},\"Action\":[\"securityhub:BatchImportFindings\"],\"Resource\":\"arn:aws:securityhub:eu-west-1:043898046743:product-subscription/turbot/turbot\",\"Condition\":{\"StringEquals\":{\"securityhub:TargetAccount\":\"043898046743\"}}},{\"Effect\":\"Allow\",\"Principal\":{\"AWS\":\"043898046743\"},\"Action\":[\"securityhub:BatchImportFindings\"],\"Resource\":\"arn:aws:securityhub:eu-west-1:453761072151:product/turbot/turbot\",\"Condition\":{\"StringEquals\":{\"securityhub:TargetAccount\":\"043898046743\"}}}]}"}, {"IntegrationTypes": ["SEND_FINDINGS_TO_SECURITY_HUB"], "Description": "Twistlock is a cloud native cyber security platform that protects VMs, containers, and serverless platforms.", "ActivationUrl": "https://docs.twistlock.com", "CompanyName": "Twistlock", "MarketplaceUrl": "https://aws.amazon.com/marketplace/pp/B071L112NC?qid=1541186201097", "ProductArn": "arn:aws:securityhub:eu-west-1:496947949261:product/twistlock/twistlock-enterprise", "ProductName": "Enterprise Edition", "Categories": ["Container Security", "Serverless Security"], "ProductSubscriptionResourcePolicy": "{\"Version\":\"2012-10-17\",\"Statement\":[{\"Effect\":\"Allow\",\"Principal\":{\"AWS\":\"496947949261\"},\"Action\":[\"securityhub:BatchImportFindings\"],\"Resource\":\"arn:aws:securityhub:eu-west-1:043898046743:product-subscription/twistlock/twistlock-enterprise\",\"Condition\":{\"StringEquals\":{\"securityhub:TargetAccount\":\"043898046743\"}}},{\"Effect\":\"Allow\",\"Principal\":{\"AWS\":\"043898046743\"},\"Action\":[\"securityhub:BatchImportFindings\"],\"Resource\":\"arn:aws:securityhub:eu-west-1:496947949261:product/twistlock/twistlock-enterprise\",\"Condition\":{\"StringEquals\":{\"securityhub:TargetAccount\":\"043898046743\"}}}]}"}, {"IntegrationTypes": ["SEND_FINDINGS_TO_SECURITY_HUB"], "Description": "Vectra is transforming cybersecurity by applying advanced AI to detect and respond to hidden cyberattackers before they can steal or cause damage.", "ActivationUrl": "http://www.vectra.ai/aws/security_hub_IG", "CompanyName": "Vectra AI", "MarketplaceUrl": "https://aws.amazon.com/marketplace/pp/B0821VG5RG?ref=beagle", "ProductArn": "arn:aws:securityhub:eu-west-1:978576646331:product/vectra-ai/cognito-detect", "ProductName": "Cognito Detect", "Categories": ["User and Entity Behavior Analytics (UEBA)", "Network Intrusion Detection Systems (IDS)", "Network Forensics"], "ProductSubscriptionResourcePolicy": "{\"Version\":\"2012-10-17\",\"Statement\":[{\"Effect\":\"Allow\",\"Principal\":{\"AWS\":\"043898046743\"},\"Action\":[\"securityhub:BatchImportFindings\"],\"Resource\":\"arn:aws:securityhub:eu-west-1:978576646331:product/vectra-ai/cognito-detect\",\"Condition\":{\"StringEquals\":{\"securityhub:TargetAccount\":\"043898046743\"}}}]}"}], "ResponseMetadata": {"RetryAttempts": 0, "HTTPStatusCode": 200, "RequestId": "739e55ba-b264-4868-bb83-4b36f7224c6e", "HTTPHeaders": {"x-amzn-requestid": "739e55ba-b264-4868-bb83-4b36f7224c6e", "content-length": "50684", "x-amz-apigw-id": "MyPLVG7AjoEF5gw=", "x-amzn-trace-id": "Root=1-5ec3f8ae-2985a5e3ed7f4a4fef0ba417;Sampled=0", "connection": "keep-alive", "date": "Tue, 19 May 2020 15:18:06 GMT", "content-type": "application/json"}}}}