{"region": "ap-south-1", "operation": "GetEnabledStandards", "service": "securityhub", "response": {"StandardsSubscriptions": [{"StandardsArn": "arn:aws:securityhub:::ruleset/cis-aws-foundations-benchmark/v/1.2.0", "StandardsInput": {}, "StandardsSubscriptionArn": "arn:aws:securityhub:ap-south-1:043898046743:subscription/cis-aws-foundations-benchmark/v/1.2.0", "StandardsStatus": "INCOMPLETE"}], "ResponseMetadata": {"RetryAttempts": 0, "HTTPStatusCode": 200, "RequestId": "1951a6f2-013d-4be0-bd44-7f5ae0f051cc", "HTTPHeaders": {"x-amzn-requestid": "1951a6f2-013d-4be0-bd44-7f5ae0f051cc", "content-length": "290", "x-amz-apigw-id": "MyPPkFbFBcwFRnQ=", "x-amzn-trace-id": "Root=1-5ec3f8c9-036bc8ab2460a7a98df97955;Sampled=0", "connection": "keep-alive", "date": "Tue, 19 May 2020 15:18:34 GMT", "content-type": "application/json"}}}}