{"region": "ap-southeast-1", "operation": "GetEnabledStandards", "service": "securityhub", "response": {"StandardsSubscriptions": [{"StandardsArn": "arn:aws:securityhub:::ruleset/cis-aws-foundations-benchmark/v/1.2.0", "StandardsInput": {}, "StandardsSubscriptionArn": "arn:aws:securityhub:ap-southeast-1:043898046743:subscription/cis-aws-foundations-benchmark/v/1.2.0", "StandardsStatus": "READY"}], "ResponseMetadata": {"RetryAttempts": 0, "HTTPStatusCode": 200, "RequestId": "3e12df41-f003-4028-9a00-365a2246b070", "HTTPHeaders": {"x-amzn-requestid": "3e12df41-f003-4028-9a00-365a2246b070", "content-length": "289", "x-amz-apigw-id": "MyPOtEHiSQ0Fksw=", "x-amzn-trace-id": "Root=1-5ec3f8c4-35a2f32cbe53de37763bcfa7;Sampled=0", "connection": "keep-alive", "date": "Tue, 19 May 2020 15:18:28 GMT", "content-type": "application/json"}}}}