{"region": "eu-central-1", "operation": "ListEnabledProductsForImport", "service": "securityhub", "response": {"ProductSubscriptions": ["arn:aws:securityhub:eu-central-1:043898046743:product-subscription/aws/access-analyzer", "arn:aws:securityhub:eu-central-1:043898046743:product-subscription/aws/firewall-manager", "arn:aws:securityhub:eu-central-1:043898046743:product-subscription/aws/guardduty", "arn:aws:securityhub:eu-central-1:043898046743:product-subscription/aws/inspector", "arn:aws:securityhub:eu-central-1:043898046743:product-subscription/aws/macie", "arn:aws:securityhub:eu-central-1:043898046743:product-subscription/aws/securityhub"], "ResponseMetadata": {"RetryAttempts": 0, "HTTPStatusCode": 200, "RequestId": "bb8af675-9a24-4daa-9479-f20b01c09991", "HTTPHeaders": {"x-amzn-requestid": "bb8af675-9a24-4daa-9479-f20b01c09991", "content-length": "535", "x-amz-apigw-id": "MyPWrEjOFiAFmYw=", "x-amzn-trace-id": "Root=1-5ec3f8f7-771bb1e8403e81e0bc77f030;Sampled=0", "connection": "keep-alive", "date": "Tue, 19 May 2020 15:19:19 GMT", "content-type": "application/json"}}}}