{"region": "eu-central-1", "operation": "GetEnabledStandards", "service": "securityhub", "response": {"StandardsSubscriptions": [{"StandardsArn": "arn:aws:securityhub:::ruleset/cis-aws-foundations-benchmark/v/1.2.0", "StandardsInput": {}, "StandardsSubscriptionArn": "arn:aws:securityhub:eu-central-1:043898046743:subscription/cis-aws-foundations-benchmark/v/1.2.0", "StandardsStatus": "READY"}], "ResponseMetadata": {"RetryAttempts": 0, "HTTPStatusCode": 200, "RequestId": "527c8fe7-8796-4496-b77b-b74f45963a5a", "HTTPHeaders": {"x-amzn-requestid": "527c8fe7-8796-4496-b77b-b74f45963a5a", "content-length": "287", "x-amz-apigw-id": "MyPTHHVJFiAFvrw=", "x-amzn-trace-id": "Root=1-5ec3f8e0-0dacb420c9cd71586eccd5e8;Sampled=0", "connection": "keep-alive", "date": "Tue, 19 May 2020 15:18:56 GMT", "content-type": "application/json"}}}}