{"region": "us-west-1", "operation": "ListEnabledProductsForImport", "service": "securityhub", "response": {"ProductSubscriptions": ["arn:aws:securityhub:us-west-1:043898046743:product-subscription/aws/access-analyzer", "arn:aws:securityhub:us-west-1:043898046743:product-subscription/aws/firewall-manager", "arn:aws:securityhub:us-west-1:043898046743:product-subscription/aws/guardduty", "arn:aws:securityhub:us-west-1:043898046743:product-subscription/aws/inspector", "arn:aws:securityhub:us-west-1:043898046743:product-subscription/aws/macie", "arn:aws:securityhub:us-west-1:043898046743:product-subscription/aws/securityhub"], "ResponseMetadata": {"RetryAttempts": 0, "HTTPStatusCode": 200, "RequestId": "6c279d40-9e65-4664-aded-a1f39dd9841e", "HTTPHeaders": {"x-amzn-requestid": "6c279d40-9e65-4664-aded-a1f39dd9841e", "content-length": "517", "x-amz-apigw-id": "MyPQbHNayK4FjOg=", "x-amzn-trace-id": "Root=1-5ec3f8cf-6bd7218c0d9769b1d6c665cb;Sampled=0", "connection": "keep-alive", "date": "Tue, 19 May 2020 15:18:39 GMT", "content-type": "application/json"}}}}