{"region": "us-east-1", "operation": "ListEnabledProductsForImport", "service": "securityhub", "response": {"ProductSubscriptions": ["arn:aws:securityhub:us-east-1:043898046743:product-subscription/aws/access-analyzer", "arn:aws:securityhub:us-east-1:043898046743:product-subscription/aws/firewall-manager", "arn:aws:securityhub:us-east-1:043898046743:product-subscription/aws/guardduty", "arn:aws:securityhub:us-east-1:043898046743:product-subscription/aws/inspector", "arn:aws:securityhub:us-east-1:043898046743:product-subscription/aws/macie", "arn:aws:securityhub:us-east-1:043898046743:product-subscription/aws/securityhub"], "ResponseMetadata": {"RetryAttempts": 0, "HTTPStatusCode": 200, "RequestId": "248cf006-6588-487e-8622-1a5db6e2bb44", "HTTPHeaders": {"x-amzn-requestid": "248cf006-6588-487e-8622-1a5db6e2bb44", "content-length": "517", "x-amz-apigw-id": "MyPQlG_9IAMFl6Q=", "x-amzn-trace-id": "Root=1-5ec3f8d0-ecea38aae2aa04bfacd1e44e;Sampled=0", "connection": "keep-alive", "date": "Tue, 19 May 2020 15:18:40 GMT", "content-type": "application/json"}}}}