{"region": "ap-northeast-2", "operation": "GetEnabledStandards", "service": "securityhub", "response": {"StandardsSubscriptions": [{"StandardsArn": "arn:aws:securityhub:::ruleset/cis-aws-foundations-benchmark/v/1.2.0", "StandardsInput": {}, "StandardsSubscriptionArn": "arn:aws:securityhub:ap-northeast-2:043898046743:subscription/cis-aws-foundations-benchmark/v/1.2.0", "StandardsStatus": "INCOMPLETE"}], "ResponseMetadata": {"RetryAttempts": 0, "HTTPStatusCode": 200, "RequestId": "0f13aa70-944d-4775-9a66-6a29b53f204e", "HTTPHeaders": {"x-amzn-requestid": "0f13aa70-944d-4775-9a66-6a29b53f204e", "content-length": "294", "x-amz-apigw-id": "MyPKBGC6oE0Fu0Q=", "x-amzn-trace-id": "Root=1-5ec3f8a6-83d5c370a0ed191a9cd1f3e4;Sampled=0", "connection": "keep-alive", "date": "Tue, 19 May 2020 15:17:58 GMT", "content-type": "application/json"}}}}