{"region": "us-east-2", "operation": "GetEnabledStandards", "service": "securityhub", "response": {"StandardsSubscriptions": [{"StandardsArn": "arn:aws:securityhub:::ruleset/cis-aws-foundations-benchmark/v/1.2.0", "StandardsInput": {}, "StandardsSubscriptionArn": "arn:aws:securityhub:us-east-2:043898046743:subscription/cis-aws-foundations-benchmark/v/1.2.0", "StandardsStatus": "READY"}], "ResponseMetadata": {"RetryAttempts": 0, "HTTPStatusCode": 200, "RequestId": "d4cfc785-ee4e-45a1-abfd-eea2b4344f9f", "HTTPHeaders": {"x-amzn-requestid": "d4cfc785-ee4e-45a1-abfd-eea2b4344f9f", "content-length": "284", "x-amz-apigw-id": "MyPcyECJCYcF-ZQ=", "x-amzn-trace-id": "Root=1-5ec3f91e-181425605b16fad8803cb3cc;Sampled=0", "connection": "keep-alive", "date": "Tue, 19 May 2020 15:19:58 GMT", "content-type": "application/json"}}}}