{"region": "eu-west-2", "operation": "ListEnabledProductsForImport", "service": "securityhub", "response": {"ProductSubscriptions": ["arn:aws:securityhub:eu-west-2:043898046743:product-subscription/aws/access-analyzer", "arn:aws:securityhub:eu-west-2:043898046743:product-subscription/aws/firewall-manager", "arn:aws:securityhub:eu-west-2:043898046743:product-subscription/aws/guardduty", "arn:aws:securityhub:eu-west-2:043898046743:product-subscription/aws/inspector", "arn:aws:securityhub:eu-west-2:043898046743:product-subscription/aws/macie", "arn:aws:securityhub:eu-west-2:043898046743:product-subscription/aws/securityhub"], "ResponseMetadata": {"RetryAttempts": 0, "HTTPStatusCode": 200, "RequestId": "dc4b53aa-af09-4947-8b91-594d3afa6670", "HTTPHeaders": {"x-amzn-requestid": "dc4b53aa-af09-4947-8b91-594d3afa6670", "content-length": "517", "x-amz-apigw-id": "MyPSBH_0rPEFQcQ=", "x-amzn-trace-id": "Root=1-5ec3f8d9-f3e613409731ad884b0a5bd0;Sampled=0", "connection": "keep-alive", "date": "Tue, 19 May 2020 15:18:49 GMT", "content-type": "application/json"}}}}