{"region": "ap-northeast-1", "operation": "ListEnabledProductsForImport", "service": "securityhub", "response": {"ProductSubscriptions": ["arn:aws:securityhub:ap-northeast-1:043898046743:product-subscription/aws/access-analyzer", "arn:aws:securityhub:ap-northeast-1:043898046743:product-subscription/aws/firewall-manager", "arn:aws:securityhub:ap-northeast-1:043898046743:product-subscription/aws/guardduty", "arn:aws:securityhub:ap-northeast-1:043898046743:product-subscription/aws/inspector", "arn:aws:securityhub:ap-northeast-1:043898046743:product-subscription/aws/macie", "arn:aws:securityhub:ap-northeast-1:043898046743:product-subscription/aws/securityhub"], "ResponseMetadata": {"RetryAttempts": 0, "HTTPStatusCode": 200, "RequestId": "d0694b80-9509-49dc-8496-5af2815e145e", "HTTPHeaders": {"x-amzn-requestid": "d0694b80-9509-49dc-8496-5af2815e145e", "content-length": "547", "x-amz-apigw-id": "MyPS3HOzNjMFeHQ=", "x-amzn-trace-id": "Root=1-5ec3f8df-4ab16fe0ad3a8170469e7960;Sampled=0", "connection": "keep-alive", "date": "Tue, 19 May 2020 15:18:55 GMT", "content-type": "application/json"}}}}