{"region": "us-east-2", "operation": "ListPortfolios", "service": "servicecatalog", "response": {"PortfolioDetails": [{"CreatedTime": "2020-03-11T15:38:23.618000+00:00", "ProviderName": "Carrier", "DisplayName": "Infrastructure", "Id": "port-thi2uogxcfxiw", "ARN": "arn:aws:catalog:us-east-2:043898046743:portfolio/port-thi2uogxcfxiw"}], "ResponseMetadata": {"RetryAttempts": 0, "HTTPStatusCode": 200, "RequestId": "4c6b1592-d83b-43b0-991b-94b485942468", "HTTPHeaders": {"x-amzn-requestid": "4c6b1592-d83b-43b0-991b-94b485942468", "date": "Tue, 19 May 2020 15:19:56 GMT", "content-length": "213", "content-type": "application/x-amz-json-1.1"}}}}