{"region": "us-east-1", "operation": "ListCompatibleImages", "service": "snowball", "response": {"CompatibleImages": [{"AmiId": "ami-009378c36ddc94e0b", "Name": "ECPRDC"}, {"AmiId": "ami-079ed1e1193fae78f", "Name": "import-ami-0d53200d498e7bfe1"}], "ResponseMetadata": {"RetryAttempts": 0, "HTTPStatusCode": 200, "RequestId": "acb74261-189e-4ce9-aebc-af926c71f3f0", "HTTPHeaders": {"x-amzn-requestid": "acb74261-189e-4ce9-aebc-af926c71f3f0", "date": "Tue, 19 May 2020 15:18:42 GMT", "content-length": "144", "content-type": "application/x-amz-json-1.1"}}}}