{"region": "us-east-1", "operation": "ListTopics", "service": "sns", "response": {"Topics": [{"TopicArn": "arn:aws:sns:us-east-1:043898046743:AWS-Landing-Zone-Security-Notification"}, {"TopicArn": "arn:aws:sns:us-east-1:043898046743:ConfigOfflineInternalTrigger"}, {"TopicArn": "arn:aws:sns:us-east-1:043898046743:ROOT-AWS-Console-Sign-In-via-CloudTrail"}], "ResponseMetadata": {"RetryAttempts": 0, "HTTPStatusCode": 200, "RequestId": "80706c91-fd9e-5d8c-9c5c-3bac06b98d36", "HTTPHeaders": {"x-amzn-requestid": "80706c91-fd9e-5d8c-9c5c-3bac06b98d36", "date": "Tue, 19 May 2020 15:19:03 GMT", "content-length": "662", "content-type": "text/xml"}}}}