{"region": "eu-west-1", "operation": "DescribeParameters", "service": "ssm", "response": {"ResponseMetadata": {"RetryAttempts": 0, "HTTPStatusCode": 200, "RequestId": "6cfd15fe-08b1-45b1-9a52-e149d8b847e3", "HTTPHeaders": {"x-amzn-requestid": "6cfd15fe-08b1-45b1-9a52-e149d8b847e3", "date": "Tue, 19 May 2020 15:19:15 GMT", "content-length": "369", "content-type": "application/x-amz-json-1.1"}}, "Parameters": [{"Name": "/org/member/local_sns_arn", "DataType": "text", "LastModifiedDate": "2020-01-25T19:13:04.113000+00:00", "Version": 1, "LastModifiedUser": "arn:aws:sts::043898046743:assumed-role/AWSCloudFormationStackSetExecutionRole/ec97ee1a-f38c-43e5-bbe3-9db9639bb4d3", "Policies": [], "Tier": "Standard", "Type": "String", "Description": "Contains the Local SNS Topic Arn for Landing Zone"}]}}