{"region": "us-east-1", "operation": "DescribeInstanceInformation", "service": "ssm", "response": {"InstanceInformationList": [{"IsLatestVersion": false, "ComputerName": "EC2AMAZ-B00R1D3.WORKGROUP", "PingStatus": "Online", "InstanceId": "i-0288b466de41fdf80", "IPAddress": "10.233.15.38", "ResourceType": "EC2Instance", "AgentVersion": "2.3.842.0", "PlatformVersion": "10.0.17763", "PlatformName": "Microsoft Windows Server 2019 Datacenter", "PlatformType": "Windows", "LastPingDateTime": "2020-05-19T15:16:57.622000+00:00"}, {"IsLatestVersion": false, "ComputerName": "ip-10-233-14-227.ec2.internal", "PingStatus": "Online", "InstanceId": "i-0753728a43be9a163", "IPAddress": "10.233.14.227", "ResourceType": "EC2Instance", "AgentVersion": "2.3.714.0", "PlatformVersion": "2", "PlatformName": "Amazon Linux", "PlatformType": "Linux", "LastPingDateTime": "2020-05-19T15:15:26.082000+00:00"}, {"IsLatestVersion": false, "ComputerName": "ip-10-233-15-17.ec2.internal", "PingStatus": "Online", "InstanceId": "i-0e5f673de9a4664ac", "IPAddress": "10.233.15.17", "ResourceType": "EC2Instance", "AgentVersion": "2.3.714.0", "PlatformVersion": "2", "PlatformName": "Amazon Linux", "PlatformType": "Linux", "LastPingDateTime": "2020-05-19T15:14:43.601000+00:00"}], "ResponseMetadata": {"RetryAttempts": 0, "HTTPStatusCode": 200, "RequestId": "6d74ec1b-24f2-44e6-bc48-db0521c138ff", "HTTPHeaders": {"x-amzn-requestid": "6d74ec1b-24f2-44e6-bc48-db0521c138ff", "date": "Tue, 19 May 2020 15:17:58 GMT", "content-length": "1036", "content-type": "application/x-amz-json-1.1"}}}}