{"region": "us-east-2", "operation": "DescribeParameters", "service": "ssm", "response": {"ResponseMetadata": {"RetryAttempts": 0, "HTTPStatusCode": 200, "RequestId": "81c843a5-a513-4a93-bb25-4f5000c392c5", "HTTPHeaders": {"x-amzn-requestid": "81c843a5-a513-4a93-bb25-4f5000c392c5", "date": "Tue, 19 May 2020 15:18:22 GMT", "content-length": "369", "content-type": "application/x-amz-json-1.1"}}, "Parameters": [{"Name": "/org/member/local_sns_arn", "DataType": "text", "LastModifiedDate": "2020-01-25T19:20:54.105000+00:00", "Version": 1, "LastModifiedUser": "arn:aws:sts::043898046743:assumed-role/AWSCloudFormationStackSetExecutionRole/3ab550d5-aa53-4fba-bb5c-695533ce3399", "Policies": [], "Tier": "Standard", "Type": "String", "Description": "Contains the Local SNS Topic Arn for Landing Zone"}]}}