{"region": "ap-southeast-2", "operation": "DescribeParameters", "service": "ssm", "response": {"ResponseMetadata": {"RetryAttempts": 0, "HTTPStatusCode": 200, "RequestId": "227efb03-b4a4-46e9-aff5-6aacb3d10ef4", "HTTPHeaders": {"x-amzn-requestid": "227efb03-b4a4-46e9-aff5-6aacb3d10ef4", "date": "Tue, 19 May 2020 15:19:40 GMT", "content-length": "369", "content-type": "application/x-amz-json-1.1"}}, "Parameters": [{"Name": "/org/member/local_sns_arn", "DataType": "text", "LastModifiedDate": "2020-01-25T19:08:31.018000+00:00", "Version": 1, "LastModifiedUser": "arn:aws:sts::043898046743:assumed-role/AWSCloudFormationStackSetExecutionRole/c5856d18-8eb2-4e52-a277-2767d43651f5", "Policies": [], "Tier": "Standard", "Type": "String", "Description": "Contains the Local SNS Topic Arn for Landing Zone"}]}}