{"region": "eu-central-1", "operation": "DescribeParameters", "service": "ssm", "response": {"ResponseMetadata": {"RetryAttempts": 0, "HTTPStatusCode": 200, "RequestId": "3fcaab7e-5617-420b-8cd8-72d85eaf2e4b", "HTTPHeaders": {"x-amzn-requestid": "3fcaab7e-5617-420b-8cd8-72d85eaf2e4b", "date": "Tue, 19 May 2020 15:19:56 GMT", "content-length": "369", "content-type": "application/x-amz-json-1.1"}}, "Parameters": [{"Name": "/org/member/local_sns_arn", "DataType": "text", "LastModifiedDate": "2020-01-25T19:11:32.007000+00:00", "Version": 1, "LastModifiedUser": "arn:aws:sts::043898046743:assumed-role/AWSCloudFormationStackSetExecutionRole/506384ef-22d1-426f-a996-7515f2490767", "Policies": [], "Tier": "Standard", "Type": "String", "Description": "Contains the Local SNS Topic Arn for Landing Zone"}]}}