{"region": "ap-southeast-1", "operation": "DescribeParameters", "service": "ssm", "response": {"ResponseMetadata": {"RetryAttempts": 0, "HTTPStatusCode": 200, "RequestId": "e8cc6c24-62d2-4c9a-9e8d-999ea2941b05", "HTTPHeaders": {"x-amzn-requestid": "e8cc6c24-62d2-4c9a-9e8d-999ea2941b05", "content-length": "369", "server": "Server", "connection": "keep-alive", "date": "Tue, 19 May 2020 15:19:08 GMT", "content-type": "application/x-amz-json-1.1"}}, "Parameters": [{"Name": "/org/member/local_sns_arn", "DataType": "text", "LastModifiedDate": "2020-01-25T19:06:57.258000+00:00", "Version": 1, "LastModifiedUser": "arn:aws:sts::043898046743:assumed-role/AWSCloudFormationStackSetExecutionRole/b45efdee-24d9-457e-a4a2-72003572d3ee", "Policies": [], "Tier": "Standard", "Type": "String", "Description": "Contains the Local SNS Topic Arn for Landing Zone"}]}}