{"region": "us-east-1", "operation": "ListAssociations", "service": "ssm", "response": {"Associations": [{"ScheduleExpression": "rate(1 day)", "Name": "AWS-AttachIAMToInstance", "LastExecutionDate": "2020-05-18T16:24:38+00:00", "Overview": {"Status": "Success", "DetailedStatus": "Success", "AssociationStatusAggregatedCount": {"Success": 1}}, "AssociationId": "f2d7f4d2-8c48-4e5f-bf9f-28cc1cfc335d", "DocumentVersion": "$DEFAULT", "AssociationVersion": "3", "AssociationName": "SystemAssociationForManagingInstances", "Targets": [{"Values": ["i-0155b55df525813a0"], "Key": "ParameterValues"}]}], "ResponseMetadata": {"RetryAttempts": 0, "HTTPStatusCode": 200, "RequestId": "cc73ed9f-810c-4dff-a875-b83be4aa9e43", "HTTPHeaders": {"x-amzn-requestid": "cc73ed9f-810c-4dff-a875-b83be4aa9e43", "date": "Tue, 19 May 2020 15:19:36 GMT", "content-length": "468", "content-type": "application/x-amz-json-1.1"}}}}