{"region": "us-east-1", "operation": "ListDocuments", "service": "ssm", "response": {"DocumentIdentifiers": [{"Name": "SSM-SessionManagerRunShell", "Tags": [], "PlatformTypes": ["Windows", "Linux"], "DocumentVersion": "1", "DocumentType": "Session", "Owner": "043898046743", "SchemaVersion": "1.0", "DocumentFormat": "JSON"}], "ResponseMetadata": {"RetryAttempts": 0, "HTTPStatusCode": 200, "RequestId": "0d28ac24-8972-4a01-b3b5-de97b2199f4d", "HTTPHeaders": {"x-amzn-requestid": "0d28ac24-8972-4a01-b3b5-de97b2199f4d", "date": "Tue, 19 May 2020 15:17:53 GMT", "content-length": "225", "content-type": "application/x-amz-json-1.1"}}}}