{"region": "us-east-1", "operation": "DescribeParameters", "service": "ssm", "response": {"ResponseMetadata": {"RetryAttempts": 0, "HTTPStatusCode": 200, "RequestId": "098536e3-5d8e-46dc-9d6d-9d64427661e0", "HTTPHeaders": {"x-amzn-requestid": "098536e3-5d8e-46dc-9d6d-9d64427661e0", "date": "Tue, 19 May 2020 15:18:07 GMT", "content-length": "368", "content-type": "application/x-amz-json-1.1"}}, "Parameters": [{"Name": "/org/member/local_sns_arn", "DataType": "text", "LastModifiedDate": "2020-01-25T19:19:19.580000+00:00", "Version": 1, "LastModifiedUser": "arn:aws:sts::043898046743:assumed-role/AWSCloudFormationStackSetExecutionRole/2fccbd9c-0702-4a88-9cfd-95e3a13bdef7", "Policies": [], "Tier": "Standard", "Type": "String", "Description": "Contains the Local SNS Topic Arn for Landing Zone"}]}}