{"region": "us-east-1", "operation": "DescribeCases", "service": "support", "response": {"cases": [{"status": "pending-customer-action", "recentCommunications": {"communications": [{"body": "\nHello,\n\nGreetings!\n\nThank you for contacting AWS Premium Support. My name is Ayush and I'll be assisting you with this case today. \n\nApologies, I see that you raised a chat and it was missed. I read through the case notes and description shared and I understand that you were facing some issues with the working of Amazon Data Lifecycle Manager policy. You needed assistance regarding the same.\n\nSince policy id/details were not present in the case notes, I checked the resources present in your account and I could see a DLM policy \"policy-07604b9922975b181\" in us-east-1 which was created around 19:05 UTC and was modified multiple times starting since 19:26 UTC on May 14, 2020. I believe this is the policy in concern here. Please correct me if I misunderstood.\n\nNow, I could see multiple snapshots have been created successfully by policy \"policy-07604b9922975b181\" since 20:46 UTC on May 14, 2020 (for example snap-0806563f4c4b3969e) at intervals of 6 hours.\n\nIf you are still facing any issues with the policy or my understanding of the resources involved is incorrect I would request you to please elaborate the concern a bit so that I can understand the issue better and guide appropriately. Meanwhile you may also go through this AWS document which covers certain considerations and expected behavior of first snapshot for a newly created DLM policy:\n\n- https://docs.aws.amazon.com/AWSEC2/latest/UserGuide/snapshot-lifecycle.html#dlm-considerations\n\nMoreover, if you need assistance over live medium, please feel free to recreate a chat/call as per time of your convenience, we will be more than happy to assist you on the same. \n\nBe safe and have a great day ahead!\n\nBest regards,\n\nAyush A.\nAmazon Web Services\n\nCheck out the AWS Support Knowledge Center, a knowledge base of articles and videos that answer customer questions about AWS services: https://aws.amazon.com/premiumsupport/knowledge-center/?icmpid=support_email_category\n\nWe value your feedback. Please rate my response using the link below.\n===================================================\n\nTo contact us again about this case, please return to the AWS Support Center using the following URL:\n\nhttps://console.aws.amazon.com/support/home#/case/?displayId=7009266241&language=en\n\n(If you are connecting by federation, log in before following the link.)\n\n*Please note: this e-mail was sent from an address that cannot accept incoming e-mail. Please use the link above if you need to contact us again about this same issue.\n\n====================================================================\nLearn to work with the AWS Cloud. Get started with free online videos and self-paced labs at \nhttp://aws.amazon.com/training/\n====================================================================\n\nAmazon Web Services, Inc. is an affiliate of Amazon.com, Inc. Amazon.com is a registered trademark of Amazon.com, Inc. or its affiliates.\n\n\n", "attachmentSet": [], "caseId": "case-043898046743-muen-2020-567d4cca7544a35f", "timeCreated": "2020-05-15T08:54:25.000Z", "submittedBy": "Amazon Web Services"}, {"body": "Hello, We are using the life cycle manager for our ebs volumes to try an automated snapshot backup but its not seeming to work .\n\n\n", "attachmentSet": [], "caseId": "case-043898046743-muen-2020-567d4cca7544a35f", "timeCreated": "2020-05-14T19:21:43.000Z", "submittedBy": "AWSReservedSSO_SupportG-AWS-GCSArchitecture_c0e3dbdd236b369a ..."}]}, "ccEmailAddresses": [], "timeCreated": "2020-05-14T19:21:42.996Z", "caseId": "case-043898046743-muen-2020-567d4cca7544a35f", "severityCode": "low", "language": "en", "categoryCode": "other", "serviceCode": "amazon-elastic-block-store", "submittedBy": "gcs.sharedservices.aws@carrier.com", "displayId": "7009266241", "subject": "Chat: Lifecycle Managent Not working Seeking Assistance"}], "ResponseMetadata": {"RetryAttempts": 0, "HTTPStatusCode": 200, "RequestId": "06946ac4-0f24-485a-a984-c8071ab1a9ad", "HTTPHeaders": {"x-amzn-requestid": "06946ac4-0f24-485a-a984-c8071ab1a9ad", "date": "Tue, 19 May 2020 15:19:59 GMT", "content-length": "3944", "content-type": "application/x-amz-json-1.1"}}}}