{"region": "us-east-1", "operation": "DescribeSeverityLevels", "service": "support", "response": {"severityLevels": [{"code": "low", "name": "Low"}, {"code": "normal", "name": "Normal"}, {"code": "high", "name": "High"}, {"code": "urgent", "name": "Urgent"}, {"code": "critical", "name": "Critical"}], "ResponseMetadata": {"RetryAttempts": 0, "HTTPStatusCode": 200, "RequestId": "714efa81-3f34-4a12-8ea4-23605180af27", "HTTPHeaders": {"x-amzn-requestid": "714efa81-3f34-4a12-8ea4-23605180af27", "date": "Tue, 19 May 2020 15:18:02 GMT", "content-length": "184", "x-amzn-actiontrace": "amzn1.tr.ee9501f4-99e3-11ea-9b15-0a5a99be0000.0..eXMKm=", "content-type": "application/x-amz-json-1.1"}}}}